Código ;Nombre;Código ;Nombre;Código ;Nombre;"Tipo";Longitud;Latitud;altitude
05;ANTIOQUIA;05001;MEDELLÍN;05001000;MEDELLÍN. DISTRITO ESPECIAL DE CIENCIA. TECNOLOGÍA E INNOVACIÓN;CM;-75.578661;6.250063;3125
05;ANTIOQUIA;05001;MEDELLÍN;05001001;PALMITAS;CP;-75.690039;6.343329;3116.913818359375
05;ANTIOQUIA;05001;MEDELLÍN;05001004;SANTA ELENA;CP;-75.501293;6.210599;3121.271240234375
05;ANTIOQUIA;05001;MEDELLÍN;05001009;ALTAVISTA;CP;-75.644721;6.220472;3118.512451171875
05;ANTIOQUIA;05001;MEDELLÍN;05001010;AGUAS FRÍAS;CP;-75.635261;6.232665;3120.3134765625
05;ANTIOQUIA;05001;MEDELLÍN;05001013;SAN JOSÉ DEL MANZANILLO;CP;-75.613254;6.205992;3123.007080078125
05;ANTIOQUIA;05001;MEDELLÍN;05001014;BARRO BLANCO;CP;-75.477868;6.234506;3121.003173828125
05;ANTIOQUIA;05001;MEDELLÍN;05001015;EL CERRO;CP;-75.491056;6.201982;3120
05;ANTIOQUIA;05001;MEDELLÍN;05001017;EL PATIO;CP;-75.65111;6.277841;3121.162353515625
05;ANTIOQUIA;05001;MEDELLÍN;05001018;EL PLACER;CP;-75.492971;6.224788;3120.98095703125
05;ANTIOQUIA;05001;MEDELLÍN;05001019;EL PLAN;CP;-75.518361;6.204348;3123.961669921875
05;ANTIOQUIA;05001;MEDELLÍN;05001022;LA ALDEA;CP;-75.703423;6.342421;3113.676513671875
05;ANTIOQUIA;05001;MEDELLÍN;05001023;LA CUCHILLA;CP;-75.65356;6.293513;3122.255126953125
05;ANTIOQUIA;05001;MEDELLÍN;05001025;LA PALMA;CP;-75.648077;6.273406;3120.84033203125
05;ANTIOQUIA;05001;MEDELLÍN;05001027;LAS PLAYAS;CP;-75.649303;6.284456;3121.636474609375
05;ANTIOQUIA;05001;MEDELLÍN;05001029;PIEDRA GORDA;CP;-75.498185;6.234886;3122.22412109375
05;ANTIOQUIA;05001;MEDELLÍN;05001031;POTRERITO;CP;-75.668067;6.183065;3114.092041015625
05;ANTIOQUIA;05001;MEDELLÍN;05001032;TRAVESÍAS;CP;-75.643128;6.286948;3121.792236328125
05;ANTIOQUIA;05001;MEDELLÍN;05001033;URQUITA;CP;-75.698148;6.365318;3114.944580078125
05;ANTIOQUIA;05001;MEDELLÍN;05001035;BOQUERÓN;CP;-75.657851;6.315868;3123.5888671875
05;ANTIOQUIA;05001;MEDELLÍN;05001039;EL LLANO 1;CP;-75.649476;6.294584;3122.566650390625
05;ANTIOQUIA;05001;MEDELLÍN;05001040;EL LLANO;CP;-75.505515;6.195631;3121.6142578125
05;ANTIOQUIA;05001;MEDELLÍN;05001048;LA VERDE;CP;-75.639004;6.189958;3119.09228515625
05;ANTIOQUIA;05001;MEDELLÍN;05001052;MATASANO;CP;-75.493578;6.258862;3123.15234375
05;ANTIOQUIA;05001;MEDELLÍN;05001054;MATASANO 2;CP;-75.504674;6.266006;3125.909912109375
05;ANTIOQUIA;05001;MEDELLÍN;05001055;MAZO;CP;-75.498723;6.24832;3123.35205078125
05;ANTIOQUIA;05001;MEDELLÍN;05001057;MEDIA LUNA;CP;-75.516161;6.241195;3125.889404296875
05;ANTIOQUIA;05001;MEDELLÍN;05001066;LAS CAMELIAS;CP;-75.643377;6.196729;3118.09228515625
05;ANTIOQUIA;05002;ABEJORRAL;05002000;ABEJORRAL;CM;-75.428739;5.789315;3113.87353515625
05;ANTIOQUIA;05002;ABEJORRAL;05002002;PANTANILLO;CP;-75.490787;5.730256;3107.73974609375
05;ANTIOQUIA;05002;ABEJORRAL;05002004;NARANJAL - LAS FONDAS;CP;-75.514084;5.763384;3107
05;ANTIOQUIA;05002;ABEJORRAL;05002016;LAS CANOAS;CP;-75.429071;5.782188;3113.99169921875
05;ANTIOQUIA;05004;ABRIAQUÍ;05004000;ABRIAQUÍ;CM;-76.064703;6.631806;3102.88671875
05;ANTIOQUIA;05004;ABRIAQUÍ;05004003;POTREROS SECTOR 1;CP;-76.089393;6.67448;3100.3388671875
05;ANTIOQUIA;05021;ALEJANDRÍA;05021000;ALEJANDRÍA;CM;-75.141346;6.376061;3153.7294921875
05;ANTIOQUIA;05030;AMAGÁ;05030000;AMAGÁ;CM;-75.702041;6.038817;3107.86767578125
05;ANTIOQUIA;05030;AMAGÁ;05030001;CAMILO C;CP;-75.698672;6.02658;3107.0078125
05;ANTIOQUIA;05030;AMAGÁ;05030003;LA CLARITA;CP;-75.699419;6.069094;3109
05;ANTIOQUIA;05030;AMAGÁ;05030004;LA FERREIRA;CP;-75.709024;6.063192;3108.271484375
05;ANTIOQUIA;05030;AMAGÁ;05030005;LA GUALÍ;CP;-75.70687;6.057368;3108.101806640625
05;ANTIOQUIA;05030;AMAGÁ;05030006;PIEDECUESTA;CP;-75.69346;6.049992;3107.993408203125
05;ANTIOQUIA;05030;AMAGÁ;05030011;MINAS;CP;-75.701064;6.077355;3109
05;ANTIOQUIA;05030;AMAGÁ;05030012;CAMILO C - ALTO DE LA VIRGEN;CP;-75.703336;6.027213;3107.066650390625
05;ANTIOQUIA;05030;AMAGÁ;05030013;PIEDECUESTA - MANI DE LAS CASAS;CP;-75.694019;6.055273;3108.07275390625
05;ANTIOQUIA;05031;AMALFI;05031000;AMALFI;CM;-75.082524;6.912305;3174.365966796875
05;ANTIOQUIA;05031;AMALFI;05031004;PORTACHUELO;CP;-74.92645;6.801678;3160.1953125
05;ANTIOQUIA;05034;ANDES;05034000;ANDES;CM;-75.878828;5.657194;3079.51513671875
05;ANTIOQUIA;05034;ANDES;05034001;BUENOS AIRES;CP;-75.83555;5.682787;3093.49951171875
05;ANTIOQUIA;05034;ANDES;05034003;SAN JOSÉ;CP;-75.870355;5.736089;3086.741455078125
05;ANTIOQUIA;05034;ANDES;05034006;SANTA RITA;CP;-75.917387;5.612796;3065.863037109375
05;ANTIOQUIA;05034;ANDES;05034007;TAPARTÓ;CP;-75.965055;5.700929;3063.083251953125
05;ANTIOQUIA;05034;ANDES;05034012;SANTA INÉS;CP;-75.899904;5.563851;3063.742919921875
05;ANTIOQUIA;05034;ANDES;05034014;SAN BARTOLO;CP;-75.853418;5.637615;3085.51513671875
05;ANTIOQUIA;05034;ANDES;05034015;LA CHAPARRALA - LA UNIÓN;CP;-75.924471;5.652848;3070.697998046875
05;ANTIOQUIA;05036;ANGELÓPOLIS;05036000;ANGELÓPOLIS;CM;-75.711389;6.109719;3109.5888671875
05;ANTIOQUIA;05036;ANGELÓPOLIS;05036001;LA ESTACIÓN;CP;-75.703416;6.084547;3109.06494140625
05;ANTIOQUIA;05036;ANGELÓPOLIS;05036006;SANTA RITA;CP;-75.709746;6.099417;3109.18505859375
05;ANTIOQUIA;05036;ANGELÓPOLIS;05036011;CIENAGUITA;CP;-75.749118;6.119138;3101.665283203125
05;ANTIOQUIA;05038;ANGOSTURA;05038000;ANGOSTURA;CM;-75.335116;6.885175;3169.109619140625
05;ANTIOQUIA;05038;ANGOSTURA;05038008;LLANOS DE CUIBA;CP;-75.487459;6.812975;3159.2294921875
05;ANTIOQUIA;05040;ANORÍ;05040000;ANORÍ;CM;-75.148355;7.074703;3182
05;ANTIOQUIA;05040;ANORÍ;05040002;LIBERIA;CP;-74.999434;7.381356;3203
05;ANTIOQUIA;05042;SANTA FÉ DE ANTIOQUIA;05042000;SANTA FÉ DE ANTIOQUIA;CM;-75.826648;6.556484;3114.95458984375
05;ANTIOQUIA;05042;SANTA FÉ DE ANTIOQUIA;05042002;LAURELES;CP;-75.947975;6.490919;3104.131591796875
05;ANTIOQUIA;05042;SANTA FÉ DE ANTIOQUIA;05042006;EL PESCADO;CP;-75.91043;6.495648;3112.674560546875
05;ANTIOQUIA;05042;SANTA FÉ DE ANTIOQUIA;05042007;SABANAS;CP;-75.912663;6.460609;3111.21044921875
05;ANTIOQUIA;05042;SANTA FÉ DE ANTIOQUIA;05042008;KILOMETRO 2;CP;-75.846441;6.560421;3117
05;ANTIOQUIA;05042;SANTA FÉ DE ANTIOQUIA;05042009;PASO REAL;CP;-75.819659;6.520831;3113.21826171875
05;ANTIOQUIA;05044;ANZÁ;05044000;ANZÁ;CM;-75.854442;6.302641;3111
05;ANTIOQUIA;05044;ANZÁ;05044001;GUINTAR;CP;-75.956132;6.30209;3096.38232421875
05;ANTIOQUIA;05044;ANZÁ;05044005;LA CEJITA;CP;-75.911027;6.326701;3108.1552734375
05;ANTIOQUIA;05044;ANZÁ;05044006;LA HIGUINA;CP;-75.850989;6.367318;3113.000732421875
05;ANTIOQUIA;05045;APARTADÓ;05045000;APARTADÓ;CM;-76.625135;7.883257;3097.28369140625
05;ANTIOQUIA;05045;APARTADÓ;05045001;SAN JOSÉ DE APARTADÓ;CP;-76.562246;7.883894;3097.977294921875
05;ANTIOQUIA;05045;APARTADÓ;05045002;CHURIDÓ;CP;-76.668837;7.864565;3082.87744140625
05;ANTIOQUIA;05045;APARTADÓ;05045003;ZUNGO CARRETERA;CP;-76.649045;7.823743;3092.904541015625
05;ANTIOQUIA;05045;APARTADÓ;05045009;EL REPOSO;CP;-76.653891;7.799491;3089.693603515625
05;ANTIOQUIA;05045;APARTADÓ;05045010;BAJO DEL OSO;CP;-76.6253;7.910059;3098.568359375
05;ANTIOQUIA;05045;APARTADÓ;05045011;EL SALVADOR;CP;-76.648605;7.878334;3095.8388671875
05;ANTIOQUIA;05045;APARTADÓ;05045014;PUERTO GIRÓN;CP;-76.737183;7.905166;3068.359375
05;ANTIOQUIA;05045;APARTADÓ;05045015;LOMA VERDE;CP;-76.643607;7.823986;3093.577392578125
05;ANTIOQUIA;05045;APARTADÓ;05045016;SAN PABLO;CP;-76.714702;7.897865;3070.50390625
05;ANTIOQUIA;05045;APARTADÓ;05045017;LA ESMERALDA;CP;-76.653995;7.79286;3088.880126953125
05;ANTIOQUIA;05045;APARTADÓ;05045018;SAL SI PUEDES;CP;-76.601415;7.864513;3089.083251953125
05;ANTIOQUIA;05051;ARBOLETES;05051000;ARBOLETES;CM;-76.426708;8.849317;3145
05;ANTIOQUIA;05051;ARBOLETES;05051001;BUENOS AIRES;CP;-76.282648;8.611246;3154.470947265625
05;ANTIOQUIA;05051;ARBOLETES;05051003;EL CARMELO;CP;-76.381608;8.616307;3145.004150390625
05;ANTIOQUIA;05051;ARBOLETES;05051005;LAS NARANJITAS;CP;-76.333453;8.529288;3144.458984375
05;ANTIOQUIA;05051;ARBOLETES;05051008;EL YESO;CP;-76.475696;8.616279;3145.1845703125
05;ANTIOQUIA;05051;ARBOLETES;05051009;LA TRINIDAD;CP;-76.510261;8.625491;3139.29150390625
05;ANTIOQUIA;05051;ARBOLETES;05051010;LAS PLATAS (SANTAFÉ);CP;-76.440354;8.581424;3141.718017578125
05;ANTIOQUIA;05051;ARBOLETES;05051011;LA CANDELARIA;CP;-76.450294;8.657619;3144.254150390625
05;ANTIOQUIA;05051;ARBOLETES;05051014;EL GUADUAL;CP;-76.384497;8.486778;3145
05;ANTIOQUIA;05051;ARBOLETES;05051017; LA ATOYOSA ;CP;-76.423435;8.673426;3142.076416015625
05;ANTIOQUIA;05051;ARBOLETES;05051019; SAN JOSÉ DEL CARMELO ;CP;-76.393931;8.588888;3144.706787109375
05;ANTIOQUIA;05055;ARGELIA;05055000;ARGELIA;CM;-75.141741;5.730672;3118.035888671875
05;ANTIOQUIA;05059;ARMENIA;05059000;ARMENIA;CM;-75.787072;6.155889;3103.397216796875
05;ANTIOQUIA;05059;ARMENIA;05059001;LA HERRADURA;CP;-75.806938;6.146038;3107.306640625
05;ANTIOQUIA;05059;ARMENIA;05059003;EL SOCORRO;CP;-75.785122;6.146176;3102.765625
05;ANTIOQUIA;05059;ARMENIA;05059006;FILO SECO;CP;-75.811939;6.142616;3107.99658203125
05;ANTIOQUIA;05059;ARMENIA;05059009;PALMICHAL;CP;-75.807008;6.159839;3106.979248046875
05;ANTIOQUIA;05079;BARBOSA;05079000;BARBOSA;CM;-75.331627;6.439195;3150.0810546875
05;ANTIOQUIA;05079;BARBOSA;05079001;HATILLO;CP;-75.392108;6.410173;3148.9677734375
05;ANTIOQUIA;05079;BARBOSA;05079005;PLATANITO;CP;-75.406864;6.405181;3147.202392578125
05;ANTIOQUIA;05079;BARBOSA;05079008;ISAZA;CP;-75.362101;6.420168;3149.6953125
05;ANTIOQUIA;05079;BARBOSA;05079014;POPALITO;CP;-75.284275;6.47285;3155.001953125
05;ANTIOQUIA;05079;BARBOSA;05079016;YARUMITO;CP;-75.303734;6.457457;3153.063720703125
05;ANTIOQUIA;05079;BARBOSA;05079017;TABLAZO - HATILLO;CP;-75.413305;6.418865;3147.753662109375
05;ANTIOQUIA;05079;BARBOSA;05079018;EL PARAISO;CP;-75.414866;6.413142;3147.078125
05;ANTIOQUIA;05079;BARBOSA;05079019;EL SALADITO;CP;-75.401845;6.407348;3147.9853515625
05;ANTIOQUIA;05079;BARBOSA;05079020;LOMITA 1;CP;-75.406986;6.41825;3148.33837890625
05;ANTIOQUIA;05079;BARBOSA;05079021;LOMITA 2;CP;-75.407773;6.415728;3147.95703125
05;ANTIOQUIA;05079;BARBOSA;05079022;LA PRIMAVERA;CP;-75.406364;6.413749;3147.822021484375
05;ANTIOQUIA;05079;BARBOSA;05079023;TAMBORCITO;CP;-75.311817;6.451623;3151.96142578125
05;ANTIOQUIA;05086;BELMIRA;05086000;BELMIRA;CM;-75.667779;6.606319;3122.141357421875
05;ANTIOQUIA;05086;BELMIRA;05086001;LABORES;CP;-75.612503;6.709708;3144.20458984375
05;ANTIOQUIA;05086;BELMIRA;05086003;RÍO ARRIBA;CP;-75.671585;6.613094;3122
05;ANTIOQUIA;05088;BELLO;05088000;BELLO;CM;-75.555245;6.333587;3130.76025390625
05;ANTIOQUIA;05088;BELLO;05088008;POTRERITO;CP;-75.579602;6.331692;3128.400390625
05;ANTIOQUIA;05088;BELLO;05088013;SAN FÉLIX;CP;-75.608548;6.340434;3126.4375
05;ANTIOQUIA;05088;BELLO;05088018;EL PINAR;CP;-75.530891;6.301595;3130.676025390625
05;ANTIOQUIA;05088;BELLO;05088020;EL ALBERGUE;CP;-75.536494;6.306904;3130.9541015625
05;ANTIOQUIA;05088;BELLO;05088022;LA CHINA;CP;-75.614714;6.398128;3127.367431640625
05;ANTIOQUIA;05088;BELLO;05088023;LA UNIÓN;CP;-75.621225;6.38243;3126.399169921875
05;ANTIOQUIA;05091;BETANIA;05091000;BETANIA;CM;-75.975655;5.744735;3065.080078125
05;ANTIOQUIA;05091;BETANIA;05091003;SAN LUIS;CP;-75.986423;5.7535;3064.759765625
05;ANTIOQUIA;05093;BETULIA;05093000;BETULIA;CM;-75.984452;6.115208;3076.239013671875
05;ANTIOQUIA;05093;BETULIA;05093001;ALTAMIRA;CP;-75.949285;6.21962;3093.511474609375
05;ANTIOQUIA;05101;CIUDAD BOLÍVAR;05101000;CIUDAD BOLÍVAR;CM;-76.021509;5.850273;3066.110595703125
05;ANTIOQUIA;05101;CIUDAD BOLÍVAR;05101002;SAN BERNARDO DE LOS FARALLONES;CP;-76.029314;5.799984;3065.08642578125
05;ANTIOQUIA;05101;CIUDAD BOLÍVAR;05101006;ALFONSO LÓPEZ (SAN GREGORIO);CP;-75.957061;5.895614;3078.97314453125
05;ANTIOQUIA;05101;CIUDAD BOLÍVAR;05101008;VILLA ALEGRÍA;CP;-76.01367;5.783321;3064.0302734375
05;ANTIOQUIA;05101;CIUDAD BOLÍVAR;05101010;EL CABRERO - BOLÍVAR ARRIBA;CP;-76.035653;5.865983;3068.57080078125
05;ANTIOQUIA;05107;BRICEÑO;05107000;BRICEÑO;CM;-75.54813;7.114883;3166
05;ANTIOQUIA;05107;BRICEÑO;05107001;BERLÍN (PUEBLO NUEVO);CP;-75.625932;7.10759;3160.594482421875
05;ANTIOQUIA;05107;BRICEÑO;05107002;EL ROBLAL;CP;-75.586775;7.137653;3163.395751953125
05;ANTIOQUIA;05107;BRICEÑO;05107003;LAS AURAS;CP;-75.51501;7.193361;3165
05;ANTIOQUIA;05107;BRICEÑO;05107004;TRAVESIAS;CP;-75.57177;7.133972;3164
05;ANTIOQUIA;05113;BURITICÁ;05113000;BURITICÁ;CM;-75.907496;6.71973;3125.03955078125
05;ANTIOQUIA;05113;BURITICÁ;05113001;EL NARANJO;CP;-75.897525;6.69307;3122.093994140625
05;ANTIOQUIA;05113;BURITICÁ;05113002;GUARCO;CP;-75.941921;6.727579;3125.726318359375
05;ANTIOQUIA;05113;BURITICÁ;05113003;TABACAL;CP;-75.91451;6.805923;3131.77099609375
05;ANTIOQUIA;05113;BURITICÁ;05113004;LLANOS DE URARCO;CP;-75.916915;6.910451;3137.081298828125
05;ANTIOQUIA;05113;BURITICÁ;05113005;LA ANGELINA;CP;-75.847818;6.694226;3118.01123046875
05;ANTIOQUIA;05113;BURITICÁ;05113008;LA MARIELA;CP;-75.906473;6.72694;3125.396240234375
05;ANTIOQUIA;05120;CÁCERES;05120000;CÁCERES;CM;-75.35205;7.578366;3192
05;ANTIOQUIA;05120;CÁCERES;05120002;EL JARDÍN (TAMANÁ);CP;-75.253751;7.754663;3204.108642578125
05;ANTIOQUIA;05120;CÁCERES;05120003;GUARUMO;CP;-75.208141;7.854018;3211.23388671875
05;ANTIOQUIA;05120;CÁCERES;05120004;MANIZALES;CP;-75.414361;7.836838;3201.46826171875
05;ANTIOQUIA;05120;CÁCERES;05120006;PUERTO BÉLGICA;CP;-75.28467;7.665082;3200.53955078125
05;ANTIOQUIA;05120;CÁCERES;05120010;PIAMONTE;CP;-75.205584;7.782877;3208.98388671875
05;ANTIOQUIA;05120;CÁCERES;05120012;RÍO MAN;CP;-75.208103;7.94445;3214.927490234375
05;ANTIOQUIA;05120;CÁCERES;05120013;LAS PAMPAS;CP;-75.272833;7.715215;3202.021484375
05;ANTIOQUIA;05120;CÁCERES;05120014;NICARAGUA;CP;-75.384177;7.734309;3197
05;ANTIOQUIA;05120;CÁCERES;05120015;PUERTO SANTO;CP;-75.205779;7.797729;3209.622802734375
05;ANTIOQUIA;05125;CAICEDO;05125000;CAICEDO;CM;-75.98293;6.405607;3090.307373046875
05;ANTIOQUIA;05129;CALDAS;05129000;CALDAS;CM;-75.633619;6.091296;3115.8232421875
05;ANTIOQUIA;05129;CALDAS;05129001;EL CAÑO;CP;-75.640529;6.107706;3115.746337890625
05;ANTIOQUIA;05129;CALDAS;05129002;LA RAYA;CP;-75.640823;6.111302;3115.716552734375
05;ANTIOQUIA;05129;CALDAS;05129004;LA MIEL;CP;-75.622237;6.102587;3117.357177734375
05;ANTIOQUIA;05129;CALDAS;05129005;LA CORRALITA;CP;-75.620937;6.088335;3116.562744140625
05;ANTIOQUIA;05129;CALDAS;05129006;LA PRIMAVERA SANTA CRUZ;CP;-75.637212;6.067774;3113.66796875
05;ANTIOQUIA;05129;CALDAS;05129007;EL RAIZAL;CP;-75.645153;6.087699;3113.785400390625
05;ANTIOQUIA;05129;CALDAS;05129008;LA CLARA;CP;-75.619807;6.048023;3113.008544921875
05;ANTIOQUIA;05129;CALDAS;05129009;LA QUIEBRA;CP;-75.64824;6.059994;3111.64208984375
05;ANTIOQUIA;05129;CALDAS;05129010;LA SALADA PARTE BAJA;CP;-75.624602;6.049949;3113.044189453125
05;ANTIOQUIA;05129;CALDAS;05129011;LA TOLVA;CP;-75.637958;6.059361;3113.091064453125
05;ANTIOQUIA;05129;CALDAS;05129012;LA VALERIA;CP;-75.647988;6.093382;3113.66357421875
05;ANTIOQUIA;05129;CALDAS;05129013;LA AGUACATALA;CP;-75.643154;6.103494;3115.08837890625
05;ANTIOQUIA;05129;CALDAS;05129015;LA CHUSCALA;CP;-75.639579;6.082884;3114.41162109375
05;ANTIOQUIA;05129;CALDAS;05129016;SALINAS;CP;-75.660185;6.055835;3109.614501953125
05;ANTIOQUIA;05134;CAMPAMENTO;05134000;CAMPAMENTO;CM;-75.298091;6.979771;3178.045654296875
05;ANTIOQUIA;05134;CAMPAMENTO;05134002;LA SOLITA;CP;-75.277262;7.058525;3184.31787109375
05;ANTIOQUIA;05134;CAMPAMENTO;05134003;LLANADAS;CP;-75.272488;7.039327;3184.05029296875
05;ANTIOQUIA;05138;CAÑASGORDAS;05138000;CAÑASGORDAS;CM;-76.03221;6.759478;3114.01708984375
05;ANTIOQUIA;05138;CAÑASGORDAS;05138001;BUENOS AIRES - PARTE ALTA;CP;-76.009653;6.726196;3114.948974609375
05;ANTIOQUIA;05138;CAÑASGORDAS;05138002;CESTILLAL;CP;-76.073632;6.853162;3104.625244140625
05;ANTIOQUIA;05138;CAÑASGORDAS;05138003;JUNTAS DE URAMITA;CP;-76.031369;6.921305;3125.731201171875
05;ANTIOQUIA;05138;CAÑASGORDAS;05138005;SAN PASCUAL;CP;-76.04742;6.846649;3113.2236328125
05;ANTIOQUIA;05138;CAÑASGORDAS;05138009;VILLA VICTORIA;CP;-76.028145;6.926134;3127.510498046875
05;ANTIOQUIA;05142;CARACOLÍ;05142000;CARACOLÍ;CM;-74.757421;6.409829;3132.06689453125
05;ANTIOQUIA;05145;CARAMANTA;05145000;CARAMANTA;CM;-75.643868;5.54853;3082
05;ANTIOQUIA;05145;CARAMANTA;05145001;ALEGRÍAS;CP;-75.607312;5.54632;3083.6376953125
05;ANTIOQUIA;05145;CARAMANTA;05145002;SUCRE;CP;-75.606616;5.579788;3085.007568359375
05;ANTIOQUIA;05145;CARAMANTA;05145003;BARRO BLANCO;CP;-75.591958;5.537736;3084.9638671875
05;ANTIOQUIA;05145;CARAMANTA;05145005;AGUADITA GRANDE;CP;-75.607661;5.571608;3084.4921875
05;ANTIOQUIA;05145;CARAMANTA;05145006;SAN ANTONIO;CP;-75.672572;5.581372;3081.27099609375
05;ANTIOQUIA;05147;CAREPA;05147000;CAREPA;CM;-76.652822;7.755199;3082.508056640625
05;ANTIOQUIA;05147;CAREPA;05147003;PIEDRAS BLANCAS;CP;-76.556229;7.74578;3087.6328125
05;ANTIOQUIA;05147;CAREPA;05147004;ZUNGO EMBARCADERO - PUEBLO NUEVO;CP;-76.739217;7.847152;3064.803955078125
05;ANTIOQUIA;05147;CAREPA;05147005;ZUNGO EMBARCADERO - 11 DE NOVIEMBRE;CP;-76.734493;7.846814;3065.59521484375
05;ANTIOQUIA;05147;CAREPA;05147006;CASA VERDE;CP;-76.654282;7.788421;3088.30078125
05;ANTIOQUIA;05147;CAREPA;05147007;EL ENCANTO;CP;-76.710889;7.748938;3066.10498046875
05;ANTIOQUIA;05147;CAREPA;05147008;ZUNGO EMBARCADERO - 28 DE OCTUBRE;CP;-76.742764;7.850593;3064.201171875
05;ANTIOQUIA;05147;CAREPA;05147009;BELENCITO;CP;-76.508207;7.801248;3107.3330078125
05;ANTIOQUIA;05147;CAREPA;05147010;BOSQUES DE LOS ALMENDROS;CP;-76.649682;7.789198;3088.74169921875
05;ANTIOQUIA;05147;CAREPA;05147011;CAREPITA CANALUNO;CP;-76.754285;7.831245;3060.098876953125
05;ANTIOQUIA;05147;CAREPA;05147012;SACRAMENTO LA LUCHA;CP;-76.661045;7.789598;3087.3017578125
05;ANTIOQUIA;05147;CAREPA;05147013;LOS NARANJALES;CP;-76.71321;7.819464;3066
05;ANTIOQUIA;05147;CAREPA;05147014;VIJAGUAL;CP;-76.70453;7.814059;3067.142822265625
05;ANTIOQUIA;05147;CAREPA;05147015;NUEVA ESPERANZA ;CP;-76.756001;7.845022;3060.814453125
05;ANTIOQUIA;05148;EL CARMEN DE VIBORAL;05148000;EL CARMEN DE VIBORAL;CM;-75.334146;6.083185;3126.24560546875
05;ANTIOQUIA;05148;EL CARMEN DE VIBORAL;05148003;AGUAS CLARAS;CP;-75.377162;6.073016;3122.360595703125
05;ANTIOQUIA;05148;EL CARMEN DE VIBORAL;05148005;LA CHAPA;CP;-75.31689;6.052812;3125.058349609375
05;ANTIOQUIA;05148;EL CARMEN DE VIBORAL;05148006;CAMPO ALEGRE;CP;-75.325396;6.06072;3125.640380859375
05;ANTIOQUIA;05148;EL CARMEN DE VIBORAL;05148008;LA AURORA - LAS BRISAS;CP;-75.326894;6.084376;3126.972412109375
05;ANTIOQUIA;05150;CAROLINA;05150000;CAROLINA DEL PRÍNCIPE;CM;-75.283192;6.725995;3168.85888671875
05;ANTIOQUIA;05154;CAUCASIA;05154000;CAUCASIA;CM;-75.197996;7.977278;3217.486572265625
05;ANTIOQUIA;05154;CAUCASIA;05154003;CUTURÚ;CP;-74.787575;7.72667;3208.752197265625
05;ANTIOQUIA;05154;CAUCASIA;05154006;MARGENTO;CP;-74.953468;8.03608;3228.162109375
05;ANTIOQUIA;05154;CAUCASIA;05154007;PUERTO COLOMBIA;CP;-75.013827;7.578983;3208.85009765625
05;ANTIOQUIA;05154;CAUCASIA;05154008;PALANCA;CP;-75.021453;8.009143;3229
05;ANTIOQUIA;05154;CAUCASIA;05154009;PALOMAR;CP;-74.976327;8.002719;3228.11376953125
05;ANTIOQUIA;05154;CAUCASIA;05154012;SANTA ROSITA;CP;-75.325244;7.921641;3207
05;ANTIOQUIA;05154;CAUCASIA;05154020;PUERTO TRIANA;CP;-74.892996;7.683751;3208.045166015625
05;ANTIOQUIA;05154;CAUCASIA;05154022;LA ILUSIÓN;CP;-75.090083;8.023245;3232.978515625
05;ANTIOQUIA;05154;CAUCASIA;05154023;CACERÍ;CP;-74.928558;7.802364;3214.269775390625
05;ANTIOQUIA;05154;CAUCASIA;05154024;EL PANDO;CP;-75.069703;7.793437;3222.4111328125
05;ANTIOQUIA;05154;CAUCASIA;05154026;EL CHINO;CP;-75.094244;8.009797;3232.77490234375
05;ANTIOQUIA;05154;CAUCASIA;05154027;LA ESMERALDA;CP;-75.137597;8.011503;3226.45751953125
05;ANTIOQUIA;05154;CAUCASIA;05154031;VILLA DEL SOCORRO;CP;-75.007208;8.0483;3229
05;ANTIOQUIA;05154;CAUCASIA;05154032;CASERÍO CONJUNTO CAÑA FISTULA;CP;-75.164822;7.949827;3220.08251953125
05;ANTIOQUIA;05154;CAUCASIA;05154033;PUEBLO NUEVO;CP;-74.959999;8.040026;3228.79736328125
05;ANTIOQUIA;05172;CHIGORODÓ;05172000;CHIGORODÓ;CM;-76.681276;7.666199;3070.081298828125
05;ANTIOQUIA;05172;CHIGORODÓ;05172003;BARRANQUILLITA;CP;-76.69685;7.57085;3064.26123046875
05;ANTIOQUIA;05172;CHIGORODÓ;05172007;GUAPÁ CARRETERAS;CP;-76.611452;7.557564;3069.2939453125
05;ANTIOQUIA;05172;CHIGORODÓ;05172013;JURADÓ;CP;-76.580047;7.500443;3068.322265625
05;ANTIOQUIA;05172;CHIGORODÓ;05172014;CAMPITAS;CP;-76.694898;7.644593;3067.7578125
05;ANTIOQUIA;05172;CHIGORODÓ;05172015;CHAMPITA SECTOR LA GRANJA;CP;-76.684714;7.649236;3069.529296875
05;ANTIOQUIA;05190;CISNEROS;05190000;CISNEROS;CM;-75.087047;6.537829;3157.484375
05;ANTIOQUIA;05197;COCORNÁ;05197000;COCORNÁ;CM;-75.185483;6.058295;3133.48974609375
05;ANTIOQUIA;05197;COCORNÁ;05197005;LA PIÑUELA;CP;-75.14132;6.011156;3132.080078125
05;ANTIOQUIA;05197;COCORNÁ;05197013;EL MOLINO;CP;-75.155223;6.057815;3135.75
05;ANTIOQUIA;05206;CONCEPCIÓN;05206000;CONCEPCIÓN;CM;-75.257587;6.394348;3148.989990234375
05;ANTIOQUIA;05209;CONCORDIA;05209000;CONCORDIA;CM;-75.908417;6.045766;3100.289794921875
05;ANTIOQUIA;05209;CONCORDIA;05209001;EL SOCORRO;CP;-75.900896;6.121332;3104.275634765625
05;ANTIOQUIA;05209;CONCORDIA;05209006;EL GOLPE;CP;-75.841065;6.006808;3105.04296875
05;ANTIOQUIA;05209;CONCORDIA;05209007;SALAZAR;CP;-75.909555;6.03848;3099.51123046875
05;ANTIOQUIA;05212;COPACABANA;05212000;COPACABANA;CM;-75.509309;6.348654;3134.149658203125
05;ANTIOQUIA;05212;COPACABANA;05212005;EL SALADO;CP;-75.490875;6.347254;3130.722900390625
05;ANTIOQUIA;05212;COPACABANA;05212008;CABUYAL;CP;-75.499897;6.327971;3130.325927734375
05;ANTIOQUIA;05212;COPACABANA;05212017;EL LLANO;CP;-75.51644;6.330787;3132.833740234375
05;ANTIOQUIA;05234;DABEIBA;05234000;DABEIBA;CM;-76.262977;7.000322;3105.3408203125
05;ANTIOQUIA;05234;DABEIBA;05234004;SAN JOSÉ DE URAMA;CP;-76.144689;7.01749;3120.255859375
05;ANTIOQUIA;05234;DABEIBA;05234008;ARMENIA - CAMPARRUSIA;CP;-76.037112;7.000532;3121.164794921875
05;ANTIOQUIA;05234;DABEIBA;05234010;LAS CRUCES DE URAMA;CP;-76.19955;7.018509;3112.040771484375
05;ANTIOQUIA;05234;DABEIBA;05234012;CHIMIADÓ LLANO GRANDE;CP;-76.244793;7.075004;3111.72998046875
05;ANTIOQUIA;05234;DABEIBA;05234014;EL BOTÓN;CP;-76.255512;6.92455;3104.140869140625
05;ANTIOQUIA;05234;DABEIBA;05234017;BETANIA PUENTE NUEVO;CP;-76.046497;6.989015;3115.775634765625
05;ANTIOQUIA;05234;DABEIBA;05234018;CARA COLÓN;CP;-76.27058;7.028399;3102.95361328125
05;ANTIOQUIA;05234;DABEIBA;05234019;LA BALSITA;CP;-76.125017;7.054425;3115.428955078125
05;ANTIOQUIA;05237;DONMATÍAS;05237000;DONMATÍAS;CM;-75.39263;6.485603;3155.52880859375
05;ANTIOQUIA;05237;DONMATÍAS;05237001;BELLAVISTA;CP;-75.284998;6.540118;3161.04833984375
05;ANTIOQUIA;05237;DONMATÍAS;05237003;ARENALES;CP;-75.251923;6.543924;3159.462646484375
05;ANTIOQUIA;05237;DONMATÍAS;05237004;MONTERA;CP;-75.285974;6.507052;3158.209228515625
05;ANTIOQUIA;05237;DONMATÍAS;05237005;PRADERA;CP;-75.264564;6.508785;3158.44873046875
05;ANTIOQUIA;05240;EBÉJICO;05240000;EBÉJICO;CM;-75.764165;6.326128;3104
05;ANTIOQUIA;05240;EBÉJICO;05240001;BRASIL;CP;-75.732455;6.33977;3107.866455078125
05;ANTIOQUIA;05240;EBÉJICO;05240003;SEVILLA;CP;-75.784617;6.294279;3104.7255859375
05;ANTIOQUIA;05240;EBÉJICO;05240008;EL ZARZAL;CP;-75.754772;6.306876;3104.354736328125
05;ANTIOQUIA;05240;EBÉJICO;05240011;LA CLARA;CP;-75.760956;6.278512;3104
05;ANTIOQUIA;05240;EBÉJICO;05240012;FATIMA;CP;-75.76955;6.318342;3104
05;ANTIOQUIA;05250;EL BAGRE;05250000;EL BAGRE;CM;-74.799097;7.5975;3201.677734375
05;ANTIOQUIA;05250;EL BAGRE;05250002;PUERTO CLAVER;CP;-74.752496;7.711547;3206.546875
05;ANTIOQUIA;05250;EL BAGRE;05250004;PUERTO LÓPEZ;CP;-74.689394;7.438712;3183.06201171875
05;ANTIOQUIA;05250;EL BAGRE;05250005;EL REAL;CP;-74.783074;7.6246;3201.196533203125
05;ANTIOQUIA;05250;EL BAGRE;05250006;LA CORONA;CP;-74.67154;7.631284;3191
05;ANTIOQUIA;05250;EL BAGRE;05250007;LAS NEGRITAS;CP;-74.68854;7.464158;3184.9716796875
05;ANTIOQUIA;05250;EL BAGRE;05250008;LAS SARDINAS EL PUENTE;CP;-74.802806;7.562351;3199.670166015625
05;ANTIOQUIA;05250;EL BAGRE;05250009;SANTA BÁRBARA;CP;-74.709042;7.824335;3209.629638671875
05;ANTIOQUIA;05250;EL BAGRE;05250010;MUQUI;CP;-74.699151;7.793977;3205.245361328125
05;ANTIOQUIA;05250;EL BAGRE;05250011;BORRACHERA;CP;-74.7566;7.545023;3191.0234375
05;ANTIOQUIA;05250;EL BAGRE;05250012;CAÑO CLARO;CP;-74.695569;7.474503;3185.9619140625
05;ANTIOQUIA;05250;EL BAGRE;05250013;LOS ALMENDROS;CP;-74.682101;7.464972;3184.905517578125
05;ANTIOQUIA;05264;ENTRERRÍOS;05264000;ENTRERRÍOS;CM;-75.517685;6.566273;3154.93408203125
05;ANTIOQUIA;05266;ENVIGADO;05266000;ENVIGADO;CM;-75.582766;6.166891;3123
05;ANTIOQUIA;05266;ENVIGADO;05266001;LAS PALMAS;CP;-75.530513;6.152569;3122.000244140625
05;ANTIOQUIA;05266;ENVIGADO;05266005;EL CRISTO;CP;-75.578515;6.144813;3122
05;ANTIOQUIA;05266;ENVIGADO;05266006;EL CHINGUI  2;CP;-75.574677;6.150509;3122.423095703125
05;ANTIOQUIA;05266;ENVIGADO;05266007;LA ÚLTIMA COPA;CP;-75.573735;6.141872;3121.9931640625
05;ANTIOQUIA;05266;ENVIGADO;05266008;PARCELACIÓN LA ACUARELA;CP;-75.526215;6.166544;3122.90234375
05;ANTIOQUIA;05266;ENVIGADO;05266009;PARCELACIÓN ALAMOS DEL ESCOBERO;CP;-75.569204;6.151617;3122.85546875
05;ANTIOQUIA;05266;ENVIGADO;05266010;PARCELACIÓN ALDEA DE PALMA VERDE;CP;-75.535767;6.148427;3122.043212890625
05;ANTIOQUIA;05266;ENVIGADO;05266011;PARCELACIÓN CONDOMINIO CAMPESTRE SERRANÍA;CP;-75.522384;6.161352;3122.076904296875
05;ANTIOQUIA;05266;ENVIGADO;05266012;PARCELACIÓN CASAS BELLO MONTE;CP;-75.520017;6.153433;3121.968505859375
05;ANTIOQUIA;05266;ENVIGADO;05266013;PARCELACIÓN FIORE CASAS DE CAMPO;CP;-75.565862;6.155373;3123.004638671875
05;ANTIOQUIA;05266;ENVIGADO;05266014;PARCELACIÓN CONJUNTO RESIDENCIAL BELLA TIERRA;CP;-75.519197;6.162898;3122.02685546875
05;ANTIOQUIA;05266;ENVIGADO;05266015;PARCELACIÓN ENCENILLOS;CP;-75.528183;6.176757;3123
05;ANTIOQUIA;05266;ENVIGADO;05266016;PARCELACIÓN ESCOBERO;CP;-75.559188;6.144883;3122.537109375
05;ANTIOQUIA;05266;ENVIGADO;05266017;PARCELACIÓN HACIENDA ARRAYANES;CP;-75.537528;6.166016;3123
05;ANTIOQUIA;05266;ENVIGADO;05266018;PARCELACIÓN LAS PALMITAS;CP;-75.51249;6.15699;3121.14306640625
05;ANTIOQUIA;05266;ENVIGADO;05266019;PARCELACIÓN LEMONT;CP;-75.541369;6.152115;3122.55419921875
05;ANTIOQUIA;05266;ENVIGADO;05266020;PARCELACIÓN PRADO LARGO;CP;-75.527352;6.158122;3122.213623046875
05;ANTIOQUIA;05266;ENVIGADO;05266021;PARCELACIÓN SAN SEBASTIÁN;CP;-75.533248;6.13429;3121.2568359375
05;ANTIOQUIA;05266;ENVIGADO;05266023;PARCELACIÓN URBANIZACIÓN PAPIROS;CP;-75.523169;6.147755;3121.91162109375
05;ANTIOQUIA;05266;ENVIGADO;05266024;PARCELACIÓN VERANDA;CP;-75.529228;6.142402;3121.83447265625
05;ANTIOQUIA;05266;ENVIGADO;05266025;PARCELACIÓN VILLAS DE LA CANDELARIA;CP;-75.550845;6.155618;3122.999267578125
05;ANTIOQUIA;05282;FREDONIA;05282000;FREDONIA;CM;-75.670453;5.924363;3104.967041015625
05;ANTIOQUIA;05282;FREDONIA;05282002;LOS PALOMOS;CP;-75.677192;5.96768;3104.24072265625
05;ANTIOQUIA;05282;FREDONIA;05282003;MINAS;CP;-75.739851;5.92574;3103.98193359375
05;ANTIOQUIA;05282;FREDONIA;05282004;PUENTE IGLESIAS;CP;-75.707465;5.830751;3095.880859375
05;ANTIOQUIA;05282;FREDONIA;05282005;MARSELLA;CP;-75.687856;5.862908;3102.818115234375
05;ANTIOQUIA;05282;FREDONIA;05282008;EL ZANCUDO;CP;-75.656614;5.890892;3105.018310546875
05;ANTIOQUIA;05284;FRONTINO;05284000;FRONTINO;CM;-76.130765;6.776066;3109.94775390625
05;ANTIOQUIA;05284;FRONTINO;05284001;CARAUTA;CP;-76.304551;6.670132;3080.533935546875
05;ANTIOQUIA;05284;FRONTINO;05284004;MURRI - LA BLANQUITA;CP;-76.367706;6.743122;3082.5537109375
05;ANTIOQUIA;05284;FRONTINO;05284005;MUSINGA - TABLADITO;CP;-76.204321;6.772912;3103.236328125
05;ANTIOQUIA;05284;FRONTINO;05284006;NUTIBARA;CP;-76.246005;6.805949;3102.272705078125
05;ANTIOQUIA;05284;FRONTINO;05284007;PONTÓN;CP;-76.093413;6.741638;3104.355224609375
05;ANTIOQUIA;05284;FRONTINO;05284010;SAN LAZARO;CP;-76.150102;6.738223;3104.66748046875
05;ANTIOQUIA;05306;GIRALDO;05306000;GIRALDO;CM;-75.952158;6.680808;3120.037353515625
05;ANTIOQUIA;05306;GIRALDO;05306001;MANGLAR;CP;-75.948946;6.694351;3121.807861328125
05;ANTIOQUIA;05308;GIRARDOTA;05308000;GIRARDOTA;CM;-75.444235;6.379487;3139.079345703125
05;ANTIOQUIA;05308;GIRARDOTA;05308002;SAN ANDRÉS;CP;-75.440017;6.398729;3142.05224609375
05;ANTIOQUIA;05308;GIRARDOTA;05308004;LA PALMA;CP;-75.428151;6.40727;3144.81982421875
05;ANTIOQUIA;05308;GIRARDOTA;05308009;CABILDO;CP;-75.427036;6.390416;3143.290771484375
05;ANTIOQUIA;05308;GIRARDOTA;05308010;LAS CUCHILLAS;CP;-75.455797;6.368633;3135.429931640625
05;ANTIOQUIA;05308;GIRARDOTA;05308011;JAMUNDÍ - ESCUELAS;CP;-75.436548;6.366294;3139.286376953125
05;ANTIOQUIA;05308;GIRARDOTA;05308012;JUAN COJO;CP;-75.455653;6.360019;3134.37255859375
05;ANTIOQUIA;05308;GIRARDOTA;05308013;LA CALLE;CP;-75.433854;6.403281;3143.692626953125
05;ANTIOQUIA;05308;GIRARDOTA;05308014;SAN ESTEBAN;CP;-75.468131;6.385722;3136.093994140625
05;ANTIOQUIA;05308;GIRARDOTA;05308015;EL PARAISO;CP;-75.463007;6.388105;3136.736328125
05;ANTIOQUIA;05308;GIRARDOTA;05308016;JAMUNDÍ - RIELES;CP;-75.43484;6.368998;3139.86328125
05;ANTIOQUIA;05308;GIRARDOTA;05308017;LOMA DE LOS OCHOA;CP;-75.455862;6.390818;3138.45654296875
05;ANTIOQUIA;05310;GÓMEZ PLATA;05310000;GÓMEZ PLATA;CM;-75.220018;6.683269;3166.119140625
05;ANTIOQUIA;05310;GÓMEZ PLATA;05310001;EL SALTO;CP;-75.239681;6.782384;3173.527587890625
05;ANTIOQUIA;05310;GÓMEZ PLATA;05310002;SAN MATÍAS;CP;-75.19282;6.769913;3173.77294921875
05;ANTIOQUIA;05310;GÓMEZ PLATA;05310004;VEGA DE BOTERO;CP;-75.137885;6.730655;3171.525634765625
05;ANTIOQUIA;05313;GRANADA;05313000;GRANADA;CM;-75.184446;6.142892;3139.510498046875
05;ANTIOQUIA;05313;GRANADA;05313001;SANTA ANA;CP;-75.101085;6.073343;3132.362548828125
05;ANTIOQUIA;05313;GRANADA;05313004;LOS MEDIOS;CP;-75.085798;6.138416;3133.993896484375
05;ANTIOQUIA;05315;GUADALUPE;05315000;GUADALUPE;CM;-75.240019;6.814263;3177.0263671875
05;ANTIOQUIA;05315;GUADALUPE;05315002;GUANTEROS;CP;-75.217076;6.843875;3180.2724609375
05;ANTIOQUIA;05315;GUADALUPE;05315007;GUADALUPE IV;CP;-75.203234;6.827682;3177.980224609375
05;ANTIOQUIA;05315;GUADALUPE;05315008;BARRIO NUEVO;CP;-75.199588;6.834134;3178.43310546875
05;ANTIOQUIA;05315;GUADALUPE;05315009;EL MACHETE;CP;-75.213618;6.809686;3176.11865234375
05;ANTIOQUIA;05318;GUARNE;05318000;GUARNE;CM;-75.441612;6.27787;3129.529296875
05;ANTIOQUIA;05318;GUARNE;05318006;CHAPARRAL;CP;-75.397882;6.230418;3131.167724609375
05;ANTIOQUIA;05318;GUARNE;05318007;SAN IGNACIO;CP;-75.482378;6.209503;3120
05;ANTIOQUIA;05321;GUATAPÉ;05321000;GUATAPÉ;CM;-75.162293;6.232669;3146
05;ANTIOQUIA;05321;GUATAPÉ;05321001;EL ROBLE;CP;-75.152963;6.238661;3145.994384765625
05;ANTIOQUIA;05347;HELICONIA;05347000;HELICONIA;CM;-75.734322;6.206757;3107.18017578125
05;ANTIOQUIA;05347;HELICONIA;05347001;ALTO DEL CORRAL;CP;-75.774549;6.205712;3103
05;ANTIOQUIA;05347;HELICONIA;05347002;PUEBLITO;CP;-75.72121;6.167185;3109.19775390625
05;ANTIOQUIA;05347;HELICONIA;05347003;LLANOS DE SAN JOSÉ;CP;-75.750292;6.251085;3104.45654296875
05;ANTIOQUIA;05347;HELICONIA;05347009;GUAMAL;CP;-75.739853;6.161481;3104.935302734375
05;ANTIOQUIA;05353;HISPANIA;05353000;HISPANIA;CM;-75.906587;5.799461;3086.701171875
05;ANTIOQUIA;05360;ITAGÜÍ;05360000;ITAGÜÍ;CM;-75.614359;6.169598;3121.81201171875
05;ANTIOQUIA;05360;ITAGÜÍ;05360001;LOS GÓMEZ;CP;-75.610938;6.1911;3122.9482421875
05;ANTIOQUIA;05360;ITAGÜÍ;05360003;EL AJIZAL;CP;-75.606979;6.194084;3123
05;ANTIOQUIA;05360;ITAGÜÍ;05360006;EL PEDREGAL;CP;-75.617502;6.189936;3122.1396484375
05;ANTIOQUIA;05360;ITAGÜÍ;05360012;EL PORVENIR;CP;-75.599945;6.194932;3123
05;ANTIOQUIA;05360;ITAGÜÍ;05360013;EL PROGRESO;CP;-75.614406;6.185931;3122.21533203125
05;ANTIOQUIA;05360;ITAGÜÍ;05360014;LA MARÍA;CP;-75.627127;6.178316;3120.974365234375
05;ANTIOQUIA;05361;ITUANGO;05361000;ITUANGO;CM;-75.764673;7.171629;3155.71923828125
05;ANTIOQUIA;05361;ITUANGO;05361002;EL ARO - BUILÓPOLIS;CP;-75.519258;7.24913;3167
05;ANTIOQUIA;05361;ITUANGO;05361003;LA GRANJA;CP;-75.722143;7.286721;3162.993896484375
05;ANTIOQUIA;05361;ITUANGO;05361004;PASCUITA;CP;-75.653746;7.191298;3165.512939453125
05;ANTIOQUIA;05361;ITUANGO;05361005;SANTA ANA;CP;-75.868079;7.163202;3133.005126953125
05;ANTIOQUIA;05361;ITUANGO;05361006;SANTA LUCÍA;CP;-75.824776;7.314091;3151.803466796875
05;ANTIOQUIA;05361;ITUANGO;05361007;SANTA RITA;CP;-75.615739;7.31977;3173.732421875
05;ANTIOQUIA;05361;ITUANGO;05361018;PÍO X;CP;-75.764933;7.183429;3156.407470703125
05;ANTIOQUIA;05364;JARDÍN;05364000;JARDÍN;CM;-75.818982;5.597542;3090.6630859375
05;ANTIOQUIA;05364;JARDÍN;05364001;CRISTIANÍA;CP;-75.870724;5.628148;3080.199951171875
05;ANTIOQUIA;05364;JARDÍN;05364002;LA ARBOLEDA - LAS MACANAS;CP;-75.8568;5.586865;3081.888671875
05;ANTIOQUIA;05364;JARDÍN;05364006;QUEBRADA BONITA;CP;-75.803628;5.589981;3091.462158203125
05;ANTIOQUIA;05368;JERICÓ;05368000;JERICÓ;CM;-75.785499;5.789748;3103.0009765625
05;ANTIOQUIA;05368;JERICÓ;05368005;GUACAMAYAL;CP;-75.780013;5.797507;3103.701416015625
05;ANTIOQUIA;05368;JERICÓ;05368007;LOS PATIOS;CP;-75.772061;5.789947;3103
05;ANTIOQUIA;05376;LA CEJA;05376000;LA CEJA;CM;-75.429433;6.028062;3112.065673828125
05;ANTIOQUIA;05376;LA CEJA;05376002;EL TAMBO;CP;-75.436327;6.014588;3111.037841796875
05;ANTIOQUIA;05376;LA CEJA;05376003;SAN JOSÉ;CP;-75.488676;5.965685;3111.1171875
05;ANTIOQUIA;05376;LA CEJA;05376005;SAN NICOLÁS;CP;-75.427775;6.04753;3112.966552734375
05;ANTIOQUIA;05376;LA CEJA;05376006;SAN JUDAS;CP;-75.388745;6.054792;3120.074462890625
05;ANTIOQUIA;05376;LA CEJA;05376008;TOLEDO;CP;-75.384947;6.054473;3120.454345703125
05;ANTIOQUIA;05380;LA ESTRELLA;05380000;LA ESTRELLA;CM;-75.631869;6.123327;3117.812744140625
05;ANTIOQUIA;05380;LA ESTRELLA;05380007;LA TABLACITA;CP;-75.628122;6.126824;3118.382080078125
05;ANTIOQUIA;05380;LA ESTRELLA;05380008;SAGRADA FAMILIA;CP;-75.627108;6.1167;3117.997314453125
05;ANTIOQUIA;05380;LA ESTRELLA;05380009;SAN JOSÉ - MELEGUINDO;CP;-75.65642;6.165289;3114.864013671875
05;ANTIOQUIA;05380;LA ESTRELLA;05380010;LA RAYA;CP;-75.64075;6.112382;3115.750244140625
05;ANTIOQUIA;05380;LA ESTRELLA;05380011;SAN ISIDRO;CP;-75.6249;6.119947;3118.247802734375
05;ANTIOQUIA;05380;LA ESTRELLA;05380012;TARAPACÁ;CP;-75.650226;6.164467;3115.55224609375
05;ANTIOQUIA;05380;LA ESTRELLA;05380013;SAN MIGUEL;CP;-75.64172;6.120697;3115.951416015625
05;ANTIOQUIA;05380;LA ESTRELLA;05380019;LA BERMEJALA;CP;-75.643182;6.134055;3116.16552734375
05;ANTIOQUIA;05380;LA ESTRELLA;05380020;PAN DE AZÚCAR;CP;-75.63059;6.139879;3118.6630859375
05;ANTIOQUIA;05380;LA ESTRELLA;05380021;PEÑAS BLANCAS;CP;-75.641823;6.128075;3116.37255859375
05;ANTIOQUIA;05390;LA PINTADA;05390000;LA PINTADA;CM;-75.60781;5.743808;3094.72607421875
05;ANTIOQUIA;05390;LA PINTADA;05390001;LA BOCANA;CP;-75.599844;5.724147;3096.52001953125
05;ANTIOQUIA;05400;LA UNIÓN;05400000;LA UNIÓN;CM;-75.360874;5.973845;3120.980712890625
05;ANTIOQUIA;05400;LA UNIÓN;05400001;MESOPOTAMIA;CP;-75.315822;5.884076;3121.712158203125
05;ANTIOQUIA;05400;LA UNIÓN;05400004;LA CONCHA;CP;-75.36852;5.981257;3120.142578125
05;ANTIOQUIA;05411;LIBORINA;05411000;LIBORINA;CM;-75.812838;6.677316;3113.680908203125
05;ANTIOQUIA;05411;LIBORINA;05411001;EL CARMEN - LA VENTA;CP;-75.750092;6.682258;3117.38818359375
05;ANTIOQUIA;05411;LIBORINA;05411002;LA HONDA;CP;-75.827319;6.780163;3115.939453125
05;ANTIOQUIA;05411;LIBORINA;05411003;LA MERCED (PLAYÓN);CP;-75.748766;6.765067;3118.797119140625
05;ANTIOQUIA;05411;LIBORINA;05411004;SAN DIEGO (PLACITA);CP;-75.775712;6.719677;3113.009765625
05;ANTIOQUIA;05411;LIBORINA;05411005;CURITÍ;CP;-75.799025;6.673042;3112.55859375
05;ANTIOQUIA;05411;LIBORINA;05411007;CRISTÓBAL;CP;-75.813531;6.733173;3112.74755859375
05;ANTIOQUIA;05411;LIBORINA;05411012;PORVENIR;CP;-75.811543;6.752922;3112.270263671875
05;ANTIOQUIA;05411;LIBORINA;05411013;PROVINCIAL;CP;-75.768253;6.724737;3114.12060546875
05;ANTIOQUIA;05425;MACEO;05425000;MACEO;CM;-74.78716;6.552116;3150.665771484375
05;ANTIOQUIA;05425;MACEO;05425001;LA SUSANA;CP;-74.657617;6.600552;3147
05;ANTIOQUIA;05425;MACEO;05425003;LA FLORESTA;CP;-74.700389;6.477177;3141.57080078125
05;ANTIOQUIA;05425;MACEO;05425005;SAN JOSÉ DEL NUS (JOSÉ DE NUESTRA SEÑORA);CP;-74.826135;6.496208;3154.278564453125
05;ANTIOQUIA;05440;MARINILLA;05440000;MARINILLA;CM;-75.33889;6.172156;3128
05;ANTIOQUIA;05467;MONTEBELLO;05467000;MONTEBELLO;CM;-75.523455;5.946313;3115.8642578125
05;ANTIOQUIA;05467;MONTEBELLO;05467001;SABALETAS;CP;-75.546262;5.917678;3113.9091796875
05;ANTIOQUIA;05467;MONTEBELLO;05467006;LA GRANJA;CP;-75.538406;5.954781;3116
05;ANTIOQUIA;05467;MONTEBELLO;05467008;PIEDRA GALANA;CP;-75.524902;5.869489;3111.986572265625
05;ANTIOQUIA;05475;MURINDÓ;05475000;MURINDÓ;CM;-76.817485;6.97771;3029
05;ANTIOQUIA;05475;MURINDÓ;05475001;OPOGADO;CP;-76.878005;6.814551;3003.467041015625
05;ANTIOQUIA;05475;MURINDÓ;05475005;JEDEGA;CP;-76.785092;6.873724;3022.997802734375
05;ANTIOQUIA;05475;MURINDÓ;05475006;TADÍA;CP;-76.811397;6.858646;3020.92041015625
05;ANTIOQUIA;05475;MURINDÓ;05475007;BEBARAMEÑO;CP;-76.856791;6.84572;3016.381591796875
05;ANTIOQUIA;05480;MUTATÁ;05480000;MUTATÁ;CM;-76.435875;7.242875;3084.49755859375
05;ANTIOQUIA;05480;MUTATÁ;05480001;BEJUQUILLO;CP;-76.50558;7.365834;3076.77587890625
05;ANTIOQUIA;05480;MUTATÁ;05480002;PAVARANDOCITO;CP;-76.516286;7.296267;3070.380126953125
05;ANTIOQUIA;05480;MUTATÁ;05480003;VILLA ARTEAGA;CP;-76.489935;7.35602;3080.3388671875
05;ANTIOQUIA;05480;MUTATÁ;05480004;PAVARANDO GRANDE;CP;-76.55666;7.277827;3067.13427734375
05;ANTIOQUIA;05480;MUTATÁ;05480006;CAUCHERAS;CP;-76.488546;7.328171;3078.989990234375
05;ANTIOQUIA;05483;NARIÑO;05483000;NARIÑO;CM;-75.176262;5.610777;3114.802978515625
05;ANTIOQUIA;05483;NARIÑO;05483001;PUERTO VENUS;CP;-75.193205;5.521539;3119.088134765625
05;ANTIOQUIA;05490;NECOCLÍ;05490000;NECOCLÍ;CM;-76.784588;8.426139;3085.996337890625
05;ANTIOQUIA;05490;NECOCLÍ;05490001;EL TOTUMO;CP;-76.747082;8.328099;3090.19140625
05;ANTIOQUIA;05490;NECOCLÍ;05490002;MULATOS;CP;-76.717439;8.632373;3110.412353515625
05;ANTIOQUIA;05490;NECOCLÍ;05490003;PUEBLO NUEVO;CP;-76.644053;8.414292;3114.847412109375
05;ANTIOQUIA;05490;NECOCLÍ;05490004;ZAPATA;CP;-76.638502;8.6846;3109.720703125
05;ANTIOQUIA;05490;NECOCLÍ;05490005;CARIBIA;CP;-76.67135;8.501731;3112.343505859375
05;ANTIOQUIA;05490;NECOCLÍ;05490006;VEREDA CASA BLANCA;CP;-76.755247;8.369883;3092.1513671875
05;ANTIOQUIA;05490;NECOCLÍ;05490007;VEREDA EL BOBAL;CP;-76.755094;8.41313;3095.7880859375
05;ANTIOQUIA;05490;NECOCLÍ;05490008;LAS CHANGAS;CP;-76.574012;8.547536;3107.665283203125
05;ANTIOQUIA;05490;NECOCLÍ;05490009;EL MELLITO;CP;-76.670333;8.547216;3112.35546875
05;ANTIOQUIA;05490;NECOCLÍ;05490010;BRISAS DEL RÍO;CP;-76.630298;8.414821;3116
05;ANTIOQUIA;05490;NECOCLÍ;05490011;CARLOS ARRIBA;CP;-76.733474;8.388211;3095.42822265625
05;ANTIOQUIA;05490;NECOCLÍ;05490012;EL VOLAO;CP;-76.55828;8.545481;3112.639404296875
05;ANTIOQUIA;05490;NECOCLÍ;05490013;LA COMARCA;CP;-76.637694;8.445907;3116
05;ANTIOQUIA;05490;NECOCLÍ;05490014;LOMA DE PIEDRA;CP;-76.652426;8.426385;3113.85595703125
05;ANTIOQUIA;05490;NECOCLÍ;05490015;MELLO VILLAVICENCIO;CP;-76.565328;8.456616;3116.6669921875
05;ANTIOQUIA;05490;NECOCLÍ;05490016;TULAPITA;CP;-76.61679;8.368815;3114.903564453125
05;ANTIOQUIA;05490;NECOCLÍ;05490018;VALE PAVA;CP;-76.73547;8.46711;3100.33154296875
05;ANTIOQUIA;05495;NECHÍ;05495000;NECHÍ;CM;-74.77647;8.094129;3234.956787109375
05;ANTIOQUIA;05495;NECHÍ;05495001;BIJAGUAL;CP;-74.808898;7.856182;3217.839111328125
05;ANTIOQUIA;05495;NECHÍ;05495002;COLORADO;CP;-74.875045;8.056331;3224.162109375
05;ANTIOQUIA;05495;NECHÍ;05495003;LA CONCHA;CP;-74.868204;7.948383;3217.008056640625
05;ANTIOQUIA;05495;NECHÍ;05495004;LAS FLORES;CP;-74.75873;8.100019;3233.93798828125
05;ANTIOQUIA;05495;NECHÍ;05495005;CARGUEROS;CP;-74.809711;7.886826;3222.090087890625
05;ANTIOQUIA;05495;NECHÍ;05495006;PUERTO ASTILLA;CP;-74.829123;7.942376;3227.182373046875
05;ANTIOQUIA;05501;OLAYA;05501000;OLAYA;CM;-75.812301;6.627524;3114
05;ANTIOQUIA;05501;OLAYA;05501001;LLANADAS;CP;-75.764791;6.614228;3115.689208984375
05;ANTIOQUIA;05501;OLAYA;05501002;SUCRE;CP;-75.796184;6.59481;3112
05;ANTIOQUIA;05501;OLAYA;05501004;QUEBRADA SECA;CP;-75.792196;6.576866;3111.834716796875
05;ANTIOQUIA;05541;PEÑOL;05541000;PEÑOL;CM;-75.242693;6.219349;3140.219970703125
05;ANTIOQUIA;05543;PEQUE;05543000;PEQUE;CM;-75.910347;7.02102;3137.921630859375
05;ANTIOQUIA;05543;PEQUE;05543003;LOS LLANOS;CP;-75.905122;7.065721;3137.983642578125
05;ANTIOQUIA;05576;PUEBLORRICO;05576000;PUEBLORRICO;CM;-75.83737;5.792984;3095.53125
05;ANTIOQUIA;05579;PUERTO BERRÍO;05579000;PUERTO BERRÍO;CM;-74.409962;6.48701;3104.034423828125
05;ANTIOQUIA;05579;PUERTO BERRÍO;05579001;PUERTO MURILLO;CP;-74.394201;6.604808;3113.48193359375
05;ANTIOQUIA;05579;PUERTO BERRÍO;05579002;VIRGINIAS;CP;-74.681612;6.39094;3132.60791015625
05;ANTIOQUIA;05579;PUERTO BERRÍO;05579003;CABAÑAS;CP;-74.625965;6.392401;3115.020263671875
05;ANTIOQUIA;05579;PUERTO BERRÍO;05579004;EL BRASIL;CP;-74.607799;6.480886;3118.777587890625
05;ANTIOQUIA;05579;PUERTO BERRÍO;05579005;LA CRISTALINA;CP;-74.577192;6.410804;3121.4404296875
05;ANTIOQUIA;05579;PUERTO BERRÍO;05579009;MALENA;CP;-74.491526;6.440622;3107.09814453125
05;ANTIOQUIA;05579;PUERTO BERRÍO;05579010;CALERA;CP;-74.537242;6.433413;3138
05;ANTIOQUIA;05579;PUERTO BERRÍO;05579011;BODEGAS;CP;-74.408833;6.715688;3125.5107421875
05;ANTIOQUIA;05579;PUERTO BERRÍO;05579012;DORADO - CALAMAR;CP;-74.652115;6.444681;3124.19482421875
05;ANTIOQUIA;05579;PUERTO BERRÍO;05579013;LA CARLOTA;CP;-74.571593;6.492226;3122.731201171875
05;ANTIOQUIA;05579;PUERTO BERRÍO;05579014;MINAS DEL VAPOR;CP;-74.627885;6.457966;3117.968505859375
05;ANTIOQUIA;05579;PUERTO BERRÍO;05579015;SANTA MARTINA;CP;-74.430665;6.657461;3121.287841796875
05;ANTIOQUIA;05585;PUERTO NARE;05585000;PUERTO NARE;CM;-74.583012;6.186025;3106.321044921875
05;ANTIOQUIA;05585;PUERTO NARE;05585001;ARABIA;CP;-74.766169;6.15382;3111.884521484375
05;ANTIOQUIA;05585;PUERTO NARE;05585002;LOS DELIRIOS;CP;-74.755198;6.080742;3110.78857421875
05;ANTIOQUIA;05585;PUERTO NARE;05585003;LA SIERRA;CP;-74.571689;6.219481;3107.465087890625
05;ANTIOQUIA;05585;PUERTO NARE;05585004;LA UNIÓN;CP;-74.70297;6.184817;3119.979248046875
05;ANTIOQUIA;05585;PUERTO NARE;05585006;LA PESCA;CP;-74.591134;6.20596;3109.239013671875
05;ANTIOQUIA;05585;PUERTO NARE;05585008;LAS ANGELITAS;CP;-74.584112;6.04725;3093.55810546875
05;ANTIOQUIA;05585;PUERTO NARE;05585009;LA CLARA;CP;-74.70458;6.207897;3121.039794921875
05;ANTIOQUIA;05591;PUERTO TRIUNFO;05591000;PUERTO TRIUNFO;CM;-74.64119;5.871318;3082.937744140625
05;ANTIOQUIA;05591;PUERTO TRIUNFO;05591002;PUERTO PERALES NUEVO;CP;-74.58746;5.988501;3088.598876953125
05;ANTIOQUIA;05591;PUERTO TRIUNFO;05591003;ESTACIÓN COCORNÁ;CP;-74.639187;6.033604;3102.554931640625
05;ANTIOQUIA;05591;PUERTO TRIUNFO;05591004;DORADAL;CP;-74.735234;5.899898;3106.053955078125
05;ANTIOQUIA;05591;PUERTO TRIUNFO;05591005;LA MERCEDES;CP;-74.773098;5.928589;3106.74267578125
05;ANTIOQUIA;05591;PUERTO TRIUNFO;05591007;ESTACIÓN PITA;CP;-74.633663;5.953945;3089.92822265625
05;ANTIOQUIA;05591;PUERTO TRIUNFO;05591008;LA FLORIDA;CP;-74.810685;5.928964;3107.97802734375
05;ANTIOQUIA;05591;PUERTO TRIUNFO;05591009;SANTIAGO BERRIO;CP;-74.644786;5.904072;3085.7509765625
05;ANTIOQUIA;05591;PUERTO TRIUNFO;05591011;TRES RANCHOS;CP;-74.797141;5.916797;3107
05;ANTIOQUIA;05604;REMEDIOS;05604000;REMEDIOS;CM;-74.695944;7.026094;3171.4208984375
05;ANTIOQUIA;05604;REMEDIOS;05604001;LA CRUZADA;CP;-74.712871;7.073604;3178.272705078125
05;ANTIOQUIA;05604;REMEDIOS;05604003;SANTA ISABEL;CP;-74.742712;6.945154;3171.32177734375
05;ANTIOQUIA;05604;REMEDIOS;05604005;OTÚ;CP;-74.717054;7.011761;3174.782958984375
05;ANTIOQUIA;05604;REMEDIOS;05604007;CAÑAVERAL;CP;-74.591737;7.174529;3168.48876953125
05;ANTIOQUIA;05604;REMEDIOS;05604008;MARTANA;CP;-74.676904;7.001185;3162.632080078125
05;ANTIOQUIA;05604;REMEDIOS;05604009;RÍO BAGRE;CP;-74.630169;7.156228;3169.542236328125
05;ANTIOQUIA;05604;REMEDIOS;05604010;CAMPO VIJAO;CP;-74.361324;6.913172;3141.134765625
05;ANTIOQUIA;05607;RETIRO;05607000;RETIRO;CM;-75.501301;6.062454;3116.761474609375
05;ANTIOQUIA;05607;RETIRO;05607003;ALTO DE CARRIZALES;CP;-75.519304;6.140151;3121.0283203125
05;ANTIOQUIA;05607;RETIRO;05607004;DON DIEGO;CP;-75.480451;6.089162;3116.378173828125
05;ANTIOQUIA;05607;RETIRO;05607005;EL CHUSCAL LA CAMPANITA;CP;-75.452024;6.052773;3112.009765625
05;ANTIOQUIA;05607;RETIRO;05607007;LOS SALADOS;CP;-75.500039;6.118525;3118.8974609375
05;ANTIOQUIA;05607;RETIRO;05607009;EL PORTENTO;CP;-75.468583;6.072222;3114.782470703125
05;ANTIOQUIA;05607;RETIRO;05607013;CARRIZALES LA BORRASCOSA;CP;-75.511697;6.138432;3120.5849609375
05;ANTIOQUIA;05615;RIONEGRO;05615000;RIONEGRO;CM;-75.376859;6.147425;3127.049560546875
05;ANTIOQUIA;05615;RIONEGRO;05615002;EL TABLAZO;CP;-75.448697;6.143151;3117.9140625
05;ANTIOQUIA;05615;RIONEGRO;05615009;CABECERAS DE LLANO GRANDE;CP;-75.425598;6.100867;3115.794677734375
05;ANTIOQUIA;05615;RIONEGRO;05615013;PONTEZUELA;CP;-75.424097;6.080148;3114.81591796875
05;ANTIOQUIA;05615;RIONEGRO;05615014;ALTO BONITO;CP;-75.384893;6.162996;3127.198486328125
05;ANTIOQUIA;05615;RIONEGRO;05615017;LA MOSCA;CP;-75.381903;6.201807;3130.718505859375
05;ANTIOQUIA;05615;RIONEGRO;05615025;BARRO BLANCO;CP;-75.406819;6.149214;3122.84716796875
05;ANTIOQUIA;05615;RIONEGRO;05615026;CONDOMINIO CAMPESTRE LAGO GRANDE;CP;-75.444111;6.124157;3116.051513671875
05;ANTIOQUIA;05615;RIONEGRO;05615027;CONDOMINIO EL REMANSO;CP;-75.399627;6.133324;3122.97998046875
05;ANTIOQUIA;05615;RIONEGRO;05615028;CONDOMINIO SIERRAS DE MAYORI;CP;-75.440632;6.16166;3119.795166015625
05;ANTIOQUIA;05615;RIONEGRO;05615029;CONDOMINIO VILLAS DE LLANO GRANDE;CP;-75.394153;6.135542;3124.02001953125
05;ANTIOQUIA;05615;RIONEGRO;05615030;GALICIA PARTE ALTA;CP;-75.359818;6.194397;3129.353515625
05;ANTIOQUIA;05615;RIONEGRO;05615031;GALICIA PARTE BAJA;CP;-75.366102;6.185478;3129.871826171875
05;ANTIOQUIA;05615;RIONEGRO;05615032;JAMAICA PARCELACION CAMPESTRE;CP;-75.442753;6.182663;3121.645751953125
05;ANTIOQUIA;05615;RIONEGRO;05615033;PARCELACIÓN AGUA LUNA DE ORIENTE;CP;-75.419617;6.130562;3118.75439453125
05;ANTIOQUIA;05615;RIONEGRO;05615034;PARCELACION ANDALUCIA;CP;-75.429816;6.132622;3117.6455078125
05;ANTIOQUIA;05615;RIONEGRO;05615035;PARCELACION CAMELOT;CP;-75.406103;6.117665;3120.570068359375
05;ANTIOQUIA;05615;RIONEGRO;05615036;PARCELACIÓN COCUYO;CP;-75.415281;6.113844;3118.570556640625
05;ANTIOQUIA;05615;RIONEGRO;05615037;PARCELACIÓN COLINAS DE PAIMADÓ;CP;-75.438254;6.147076;3118.1162109375
05;ANTIOQUIA;05615;RIONEGRO;05615039;PARCELACIÓN LA QUERENCIA;CP;-75.448157;6.168809;3120.39306640625
05;ANTIOQUIA;05615;RIONEGRO;05615043;PARCELACION SANTA MARIA DEL LLANO;CP;-75.399281;6.128723;3122.593017578125
05;ANTIOQUIA;05615;RIONEGRO;05615045;PARCELACIÓN TORRE MOLINOS;CP;-75.435821;6.137491;3117.77392578125
05;ANTIOQUIA;05615;RIONEGRO;05615046;PARCELACIÓN TOSCANA;CP;-75.408455;6.099735;3119.004638671875
05;ANTIOQUIA;05615;RIONEGRO;05615047;PARCELACIÓN VEGAS DE GUADALCANAL;CP;-75.401913;6.14535;3123.54248046875
05;ANTIOQUIA;05615;RIONEGRO;05615048;ABREITO;CP;-75.411036;6.164571;3123.128662109375
05;ANTIOQUIA;05628;SABANALARGA;05628000;SABANALARGA;CM;-75.816645;6.850028;3118.380615234375
05;ANTIOQUIA;05628;SABANALARGA;05628001;EL JUNCO;CP;-75.825037;6.806609;3116.3994140625
05;ANTIOQUIA;05628;SABANALARGA;05628002;EL ORO;CP;-75.755229;6.932019;3138.508056640625
05;ANTIOQUIA;05628;SABANALARGA;05628004;EL SOCORRO;CP;-75.74647;6.905312;3138.105224609375
05;ANTIOQUIA;05628;SABANALARGA;05628007;MEMBRILLAL;CP;-75.80596;6.894473;3122.60791015625
05;ANTIOQUIA;05631;SABANETA;05631000;SABANETA;CM;-75.615479;6.149903;3120.815185546875
05;ANTIOQUIA;05631;SABANETA;05631001;MARÍA AUXILIADORA;CP;-75.600021;6.150277;3121.8017578125
05;ANTIOQUIA;05631;SABANETA;05631002;CAÑAVERALEJO;CP;-75.621197;6.14039;3119.975341796875
05;ANTIOQUIA;05631;SABANETA;05631006;SAN ISIDRO;CP;-75.609053;6.141019;3120.88916015625
05;ANTIOQUIA;05631;SABANETA;05631007;LA INMACULADA;CP;-75.61083;6.141849;3120.833984375
05;ANTIOQUIA;05631;SABANETA;05631009;LA DOCTORA;CP;-75.611165;6.137692;3120.4599609375
05;ANTIOQUIA;05631;SABANETA;05631010;LAS LOMITAS;CP;-75.602106;6.142525;3121.020751953125
05;ANTIOQUIA;05631;SABANETA;05631013;LOMA DE LOS HENAO;CP;-75.608947;6.134041;3120.22802734375
05;ANTIOQUIA;05642;SALGAR;05642000;SALGAR;CM;-75.982237;5.965817;3072.7021484375
05;ANTIOQUIA;05642;SALGAR;05642001;EL CONCILIO;CP;-75.934414;5.958788;3088.204833984375
05;ANTIOQUIA;05642;SALGAR;05642002;LA CÁMARA;CP;-75.983802;6.028085;3074.219970703125
05;ANTIOQUIA;05642;SALGAR;05642003;LA MARGARITA;CP;-76.006312;5.95889;3069.00341796875
05;ANTIOQUIA;05642;SALGAR;05642010;PEÑALISA;CP;-75.859526;5.934153;3096.745849609375
05;ANTIOQUIA;05647;SAN ANDRÉS DE CUERQUÍA;05647000;SAN ANDRÉS DE CUERQUÍA;CM;-75.676008;6.912558;3142.93408203125
05;ANTIOQUIA;05649;SAN CARLOS;05649000;SAN CARLOS;CM;-74.987831;6.188449;3140.893798828125
05;ANTIOQUIA;05649;SAN CARLOS;05649001;EL JORDÁN;CP;-74.830201;6.252678;3133.40234375
05;ANTIOQUIA;05649;SAN CARLOS;05649002;SAMANÁ;CP;-74.833489;6.129843;3119.099609375
05;ANTIOQUIA;05649;SAN CARLOS;05649005;PUERTO GARZA;CP;-74.755819;6.20613;3116.787109375
05;ANTIOQUIA;05649;SAN CARLOS;05649012;DOS QUEBRADAS;CP;-75.034094;6.165495;3138.9912109375
05;ANTIOQUIA;05649;SAN CARLOS;05649013;LA HONDITA;CP;-75.068536;6.14135;3133.879150390625
05;ANTIOQUIA;05649;SAN CARLOS;05649014;VALLEJUELO;CP;-75.022384;6.199962;3141.8984375
05;ANTIOQUIA;05652;SAN FRANCISCO;05652000;SAN FRANCISCO;CM;-75.101467;5.961785;3130
05;ANTIOQUIA;05652;SAN FRANCISCO;05652001;AQUITANIA;CP;-74.969176;5.839643;3125.913330078125
05;ANTIOQUIA;05652;SAN FRANCISCO;05652008;PAILANIA;CP;-75.115174;5.974632;3130.052734375
05;ANTIOQUIA;05652;SAN FRANCISCO;05652010;RÍO CLARO;CP;-74.856114;5.90583;3109.169921875
05;ANTIOQUIA;05656;SAN JERÓNIMO;05656000;SAN JERÓNIMO;CM;-75.726975;6.44809;3112.103759765625
05;ANTIOQUIA;05658;SAN JOSÉ DE LA MONTAÑA;05658000;SAN JOSÉ DE LA MONTAÑA;CM;-75.683352;6.85009;3136.548583984375
05;ANTIOQUIA;05659;SAN JUAN DE URABÁ;05659000;SAN JUAN DE URABÁ;CM;-76.52857;8.758964;3127.40283203125
05;ANTIOQUIA;05659;SAN JUAN DE URABÁ;05659001;DAMAQUIEL;CP;-76.606727;8.739382;3110.032470703125
05;ANTIOQUIA;05659;SAN JUAN DE URABÁ;05659002;SAN JUANCITO;CP;-76.493972;8.69419;3143.717529296875
05;ANTIOQUIA;05659;SAN JUAN DE URABÁ;05659003;UVEROS;CP;-76.580136;8.746565;3112.5830078125
05;ANTIOQUIA;05659;SAN JUAN DE URABÁ;05659004;SIETE VUELTAS;CP;-76.547676;8.641409;3114.44189453125
05;ANTIOQUIA;05659;SAN JUAN DE URABÁ;05659005;SAN NICOLÁS DEL RÍO;CP;-76.591828;8.715674;3109.0859375
05;ANTIOQUIA;05659;SAN JUAN DE URABÁ;05659006;BALSILLA;CP;-76.57286;8.72877;3112.091796875
05;ANTIOQUIA;05659;SAN JUAN DE URABÁ;05659007;CALLE LARGA;CP;-76.49122;8.699013;3144.505859375
05;ANTIOQUIA;05659;SAN JUAN DE URABÁ;05659008;MONTECRISTO;CP;-76.513188;8.747636;3133.10205078125
05;ANTIOQUIA;05660;SAN LUIS;05660000;SAN LUIS;CM;-74.993562;6.043012;3135.101318359375
05;ANTIOQUIA;05660;SAN LUIS;05660001;EL SILENCIO PERLA VERDE;CP;-75.051546;5.998054;3133.10986328125
05;ANTIOQUIA;05660;SAN LUIS;05660006;EL PRODIGIO;CP;-74.808209;6.063393;3111.49755859375
05;ANTIOQUIA;05660;SAN LUIS;05660007;BUENOS AIRES;CP;-75.056966;6.113726;3133.057373046875
05;ANTIOQUIA;05660;SAN LUIS;05660011;MONTELORO (LA JOSEFINA);CP;-74.907617;5.979001;3123.261962890625
05;ANTIOQUIA;05660;SAN LUIS;05660012;LA TEBAIDA;CP;-75.025621;6.005696;3136
05;ANTIOQUIA;05660;SAN LUIS;05660013;SOPETRÁN;CP;-74.89074;5.974232;3116.48388671875
05;ANTIOQUIA;05660;SAN LUIS;05660014;EL SILENCIO - EL VENTIADERO;CP;-75.048811;6.002068;3133.739501953125
05;ANTIOQUIA;05664;SAN PEDRO DE LOS MILAGROS;05664000;SAN PEDRO DE LOS MILAGROS;CM;-75.556743;6.46012;3144.831298828125
05;ANTIOQUIA;05664;SAN PEDRO DE LOS MILAGROS;05664005;OVEJAS;CP;-75.646244;6.394491;3126.204833984375
05;ANTIOQUIA;05665;SAN PEDRO DE URABÁ;05665000;SAN PEDRO DE URABÁ;CM;-76.380567;8.276884;3134.318603515625
05;ANTIOQUIA;05665;SAN PEDRO DE URABÁ;05665002;SANTA CATALINA;CP;-76.317643;8.397064;3149.3779296875
05;ANTIOQUIA;05665;SAN PEDRO DE URABÁ;05665003;ARENAS MONAS;CP;-76.222138;8.487639;3154.337890625
05;ANTIOQUIA;05665;SAN PEDRO DE URABÁ;05665004;ZAPINDONGA;CP;-76.278486;8.538504;3155.309814453125
05;ANTIOQUIA;05665;SAN PEDRO DE URABÁ;05665008;EL TOMATE;CP;-76.365218;8.455201;3142.095458984375
05;ANTIOQUIA;05665;SAN PEDRO DE URABÁ;05665014;EL CERRITO;CP;-76.387752;8.454489;3143.452392578125
05;ANTIOQUIA;05667;SAN RAFAEL;05667000;SAN RAFAEL;CM;-75.02849;6.293759;3142
05;ANTIOQUIA;05670;SAN ROQUE;05670000;SAN ROQUE;CM;-75.019109;6.485939;3144.364013671875
05;ANTIOQUIA;05670;SAN ROQUE;05670001;CRISTALES;CP;-74.916719;6.484032;3152.96435546875
05;ANTIOQUIA;05670;SAN ROQUE;05670002;PROVIDENCIA;CP;-74.905147;6.517592;3154
05;ANTIOQUIA;05670;SAN ROQUE;05670003;SAN JOSÉ DEL NUS;CP;-74.824985;6.492557;3153.9912109375
05;ANTIOQUIA;05674;SAN VICENTE FERRER;05674000;SAN VICENTE;CM;-75.332616;6.282164;3135.101318359375
05;ANTIOQUIA;05674;SAN VICENTE FERRER;05674001;CORRIENTES;CP;-75.252515;6.311392;3144.102294921875
05;ANTIOQUIA;05679;SANTA BÁRBARA;05679000;SANTA BÁRBARA;CM;-75.567351;5.875527;3108.53173828125
05;ANTIOQUIA;05679;SANTA BÁRBARA;05679001;DAMASCO;CP;-75.572277;5.791321;3104.9931640625
05;ANTIOQUIA;05679;SANTA BÁRBARA;05679004;VERSALLES;CP;-75.590009;5.966462;3109.061767578125
05;ANTIOQUIA;05679;SANTA BÁRBARA;05679009;YARUMALITO;CP;-75.577543;5.950274;3109.374755859375
05;ANTIOQUIA;05679;SANTA BÁRBARA;05679010;LA LIBORIANA;CP;-75.583973;5.943894;3108.628173828125
05;ANTIOQUIA;05679;SANTA BÁRBARA;05679011;ZARCITOS PARTE ALTA;CP;-75.58272;5.977224;3110.2646484375
05;ANTIOQUIA;05686;SANTA ROSA DE OSOS;05686000;SANTA ROSA DE OSOS;CM;-75.460723;6.643366;3149.201171875
05;ANTIOQUIA;05686;SANTA ROSA DE OSOS;05686001;ARAGÓN;CP;-75.561212;6.78201;3153.292236328125
05;ANTIOQUIA;05686;SANTA ROSA DE OSOS;05686003;HOYORRICO;CP;-75.42582;6.604881;3157.3203125
05;ANTIOQUIA;05686;SANTA ROSA DE OSOS;05686004;SAN ISIDRO;CP;-75.334401;6.563603;3157.999267578125
05;ANTIOQUIA;05686;SANTA ROSA DE OSOS;05686006;SAN PABLO;CP;-75.248432;6.60353;3162.254150390625
05;ANTIOQUIA;05686;SANTA ROSA DE OSOS;05686008;RÍO GRANDE;CP;-75.397617;6.532553;3158.71240234375
05;ANTIOQUIA;05690;SANTO DOMINGO;05690000;SANTO DOMINGO;CM;-75.167142;6.475646;3159.337890625
05;ANTIOQUIA;05690;SANTO DOMINGO;05690001;BOTERO;CP;-75.233052;6.53968;3158.100830078125
05;ANTIOQUIA;05690;SANTO DOMINGO;05690003;PORCECITO;CP;-75.205287;6.547472;3159.04150390625
05;ANTIOQUIA;05690;SANTO DOMINGO;05690004;SANTIAGO;CP;-75.155966;6.542545;3162.34619140625
05;ANTIOQUIA;05690;SANTO DOMINGO;05690005;VERSALLES;CP;-75.090172;6.537247;3158.068115234375
05;ANTIOQUIA;05697;EL SANTUARIO;05697000;EL SANTUARIO;CM;-75.265851;6.137058;3133.049072265625
05;ANTIOQUIA;05736;SEGOVIA;05736000;SEGOVIA;CM;-74.701596;7.079648;3176.80712890625
05;ANTIOQUIA;05736;SEGOVIA;05736001;FRAGUAS;CP;-74.821099;7.254197;3182.306396484375
05;ANTIOQUIA;05736;SEGOVIA;05736002;PUERTO CALAVERA;CP;-74.786621;7.160721;3179.54150390625
05;ANTIOQUIA;05736;SEGOVIA;05736003;CAMPO ALEGRE;CP;-74.70368;7.099833;3178.208251953125
05;ANTIOQUIA;05736;SEGOVIA;05736006;EL CHISPERO;CP;-74.784274;7.153888;3179.84130859375
05;ANTIOQUIA;05736;SEGOVIA;05736008;CARRIZAL;CP;-74.46654;7.244515;3166.32958984375
05;ANTIOQUIA;05756;SONSÓN;05756000;SONSÓN;CM;-75.309596;5.714851;3122.9970703125
05;ANTIOQUIA;05756;SONSÓN;05756001;ALTO DE SABANAS;CP;-75.385395;5.719227;3116.87939453125
05;ANTIOQUIA;05756;SONSÓN;05756005;SAN MIGUEL;CP;-74.728572;5.735429;3097.600341796875
05;ANTIOQUIA;05756;SONSÓN;05756030;LA DANTA;CP;-74.828073;5.837681;3107.30322265625
05;ANTIOQUIA;05756;SONSÓN;05756033;JERUSALÉN;CP;-74.847325;5.893127;3108.989501953125
05;ANTIOQUIA;05756;SONSÓN;05756034;EL ALTO DEL POLLO;CP;-74.771066;5.901372;3106
05;ANTIOQUIA;05761;SOPETRÁN;05761000;SOPETRÁN;CM;-75.747378;6.500745;3112.518798828125
05;ANTIOQUIA;05761;SOPETRÁN;05761001;CÓRDOBA;CP;-75.768999;6.5179;3110.964599609375
05;ANTIOQUIA;05761;SOPETRÁN;05761003;HORIZONTES;CP;-75.73947;6.598507;3118.25048828125
05;ANTIOQUIA;05761;SOPETRÁN;05761005;SAN NICOLÁS;CP;-75.821101;6.478123;3111.533203125
05;ANTIOQUIA;05761;SOPETRÁN;05761011;LA MIRANDA;CP;-75.754045;6.513901;3112.800048828125
05;ANTIOQUIA;05761;SOPETRÁN;05761012;SANTA BÁRBARA;CP;-75.730713;6.58136;3118.486083984375
05;ANTIOQUIA;05789;TÁMESIS;05789000;TÁMESIS;CM;-75.714429;5.664645;3097.858154296875
05;ANTIOQUIA;05789;TÁMESIS;05789001;PALERMO;CP;-75.695371;5.732801;3100.64013671875
05;ANTIOQUIA;05789;TÁMESIS;05789002;SAN PABLO;CP;-75.682717;5.603378;3083.036865234375
05;ANTIOQUIA;05790;TARAZÁ;05790000;TARAZÁ;CM;-75.401407;7.580127;3191.15283203125
05;ANTIOQUIA;05790;TARAZÁ;05790001;BARRO BLANCO;CP;-75.263512;7.473661;3197.000244140625
05;ANTIOQUIA;05790;TARAZÁ;05790002;EL DOCE;CP;-75.307467;7.442873;3198
05;ANTIOQUIA;05790;TARAZÁ;05790003;PUERTO ANTIOQUIA;CP;-75.34116;7.536373;3192.868896484375
05;ANTIOQUIA;05790;TARAZÁ;05790004;LA CAUCANA;CP;-75.522676;7.64119;3181.670166015625
05;ANTIOQUIA;05790;TARAZÁ;05790005;EL GUAIMARO;CP;-75.470728;7.570756;3186.228515625
05;ANTIOQUIA;05790;TARAZÁ;05790006;PIEDRAS;CP;-75.380345;7.549527;3190.98828125
05;ANTIOQUIA;05792;TARSO;05792000;TARSO;CM;-75.823214;5.863296;3099.22900390625
05;ANTIOQUIA;05792;TARSO;05792003;TOCA MOCHO;CP;-75.831724;5.852544;3097.840087890625
05;ANTIOQUIA;05792;TARSO;05792006;EL CEDRÓN;CP;-75.832704;5.823595;3096.834228515625
05;ANTIOQUIA;05809;TITIRIBÍ;05809000;TITIRIBÍ;CM;-75.791549;6.06098;3106.30908203125
05;ANTIOQUIA;05809;TITIRIBÍ;05809001;LA MESETA;CP;-75.802843;6.027484;3108.987548828125
05;ANTIOQUIA;05809;TITIRIBÍ;05809002;ALBANIA;CP;-75.754949;6.056354;3099.3193359375
05;ANTIOQUIA;05809;TITIRIBÍ;05809003;OTRAMINA;CP;-75.807667;6.085162;3108.999267578125
05;ANTIOQUIA;05809;TITIRIBÍ;05809004;SITIO VIEJO;CP;-75.791055;6.075227;3105.984619140625
05;ANTIOQUIA;05809;TITIRIBÍ;05809014;PORVENIR;CP;-75.759847;6.045157;3099
05;ANTIOQUIA;05809;TITIRIBÍ;05809016;PUERTO ESCONDIDO;CP;-75.768416;6.015594;3099.1142578125
05;ANTIOQUIA;05809;TITIRIBÍ;05809018;VOLCÁN;CP;-75.746002;6.058871;3100.777587890625
05;ANTIOQUIA;05819;TOLEDO;05819000;TOLEDO;CM;-75.691442;7.010154;3152.95556640625
05;ANTIOQUIA;05819;TOLEDO;05819001;BUENAVISTA;CP;-75.70374;6.938589;3145.603271484375
05;ANTIOQUIA;05819;TOLEDO;05819002;EL VALLE;CP;-75.674205;7.052063;3157.225830078125
05;ANTIOQUIA;05819;TOLEDO;05819005;EL BRUGO;CP;-75.736079;7.026441;3149.7724609375
05;ANTIOQUIA;05837;TURBO;05837000;TURBO. DISTRITO PORTUARIO. LOGÍSTICO. INDUSTRIAL. TURÍSTICO Y COMERCIAL;CM;-76.725988;8.093955;3082.31494140625
05;ANTIOQUIA;05837;TURBO;05837001;CURRULAO;CP;-76.632282;7.99635;3098.019287109375
05;ANTIOQUIA;05837;TURBO;05837002;NUEVA COLONIA;CP;-76.716405;7.934234;3073.937255859375
05;ANTIOQUIA;05837;TURBO;05837003;EL TRES;CP;-76.65938;8.064987;3096.248046875
05;ANTIOQUIA;05837;TURBO;05837005;SAN VICENTE DEL CONGO;CP;-76.454698;8.23161;3128.63037109375
05;ANTIOQUIA;05837;TURBO;05837006;TIE;CP;-76.75247;8.235817;3082.07373046875
05;ANTIOQUIA;05837;TURBO;05837007;LOMAS AISLADAS;CP;-76.962203;7.650686;3025.0029296875
05;ANTIOQUIA;05837;TURBO;05837008;RÍO GRANDE;CP;-76.624704;7.928729;3098.428955078125
05;ANTIOQUIA;05837;TURBO;05837009;BOCAS DEL RÍO ATRATO;CP;-76.838221;8.087466;3054.33447265625
05;ANTIOQUIA;05837;TURBO;05837010;EL DOS;CP;-76.681064;8.127586;3096.034912109375
05;ANTIOQUIA;05837;TURBO;05837012;PUEBLO BELLO;CP;-76.526303;8.204348;3120.99462890625
05;ANTIOQUIA;05837;TURBO;05837013;SAN JOSÉ DE MULATOS;CP;-76.485653;8.371133;3118.91552734375
05;ANTIOQUIA;05837;TURBO;05837014;PUERTO RICO;CP;-76.656578;7.491803;3063.231689453125
05;ANTIOQUIA;05837;TURBO;05837018;NUEVO ANTIOQUIA;CP;-76.517546;8.036924;3118.55859375
05;ANTIOQUIA;05837;TURBO;05837020;ALTO DE MULATOS;CP;-76.550459;8.136512;3116.59228515625
05;ANTIOQUIA;05837;TURBO;05837023;CASANOVA;CP;-76.704275;8.084947;3088.07080078125
05;ANTIOQUIA;05837;TURBO;05837024;LAS GARZAS;CP;-76.699835;8.087514;3089.31201171875
05;ANTIOQUIA;05837;TURBO;05837025;VILLA MARÍA;CP;-76.711579;8.114719;3087.54833984375
05;ANTIOQUIA;05837;TURBO;05837026;CODELSA;CP;-76.648642;8.037075;3096.822265625
05;ANTIOQUIA;05837;TURBO;05837027;EL PORVENIR;CP;-76.694992;8.125095;3092.750244140625
05;ANTIOQUIA;05837;TURBO;05837028;NUEVA GRANADA;CP;-76.495802;8.269869;3117.509765625
05;ANTIOQUIA;05837;TURBO;05837029;PUNTA DE PIEDRA;CP;-76.743711;8.189062;3081.43701171875
05;ANTIOQUIA;05837;TURBO;05837030;AMSTERCOL I;CP;-76.657343;8.035217;3094.897705078125
05;ANTIOQUIA;05837;TURBO;05837031;AMSTERCOL II;CP;-76.657582;8.032138;3094.688720703125
05;ANTIOQUIA;05837;TURBO;05837032;CIRILO;CP;-76.74601;8.205569;3081.42041015625
05;ANTIOQUIA;05837;TURBO;05837033;CONGO ARRIBA;CP;-76.423163;8.205584;3123.10546875
05;ANTIOQUIA;05837;TURBO;05837034;EL UNO;CP;-76.731092;8.110068;3081.834228515625
05;ANTIOQUIA;05837;TURBO;05837035;GUADUALITO;CP;-76.694296;8.050277;3088.26025390625
05;ANTIOQUIA;05837;TURBO;05837036;LAS BABILLAS;CP;-76.901591;7.616864;3043.574951171875
05;ANTIOQUIA;05837;TURBO;05837037;LOS ENAMORADOS;CP;-76.486091;8.217869;3121.46728515625
05;ANTIOQUIA;05837;TURBO;05837038;MAKENCAL;CP;-76.417238;8.282637;3134.12939453125
05;ANTIOQUIA;05837;TURBO;05837039;PIEDRECITAS;CP;-76.712458;8.133533;3088.032958984375
05;ANTIOQUIA;05837;TURBO;05837040;SANTIAGO DE URABA;CP;-76.434772;8.317034;3139.9970703125
05;ANTIOQUIA;05837;TURBO;05837041;SIETE DE AGOSTO;CP;-76.73297;8.115811;3081.594970703125
05;ANTIOQUIA;05837;TURBO;05837042;SINAI;CP;-76.518332;8.238331;3119.80908203125
05;ANTIOQUIA;05837;TURBO;05837043;EL ROTO;CP;-76.933503;8.187611;3058.814697265625
05;ANTIOQUIA;05842;URAMITA;05842000;URAMITA;CM;-76.173284;6.898393;3116.088623046875
05;ANTIOQUIA;05842;URAMITA;05842003;EL PITAL;CP;-76.132614;6.859424;3111.99072265625
05;ANTIOQUIA;05842;URAMITA;05842004;EL MADERO;CP;-76.139873;6.843111;3111.00341796875
05;ANTIOQUIA;05842;URAMITA;05842005;LIMÓN CHUPADERO;CP;-76.122371;6.912734;3113.2236328125
05;ANTIOQUIA;05847;URRAO;05847000;URRAO;CM;-76.133951;6.317343;3066.9638671875
05;ANTIOQUIA;05847;URRAO;05847003;LA ENCARNACIÓN;CP;-76.206432;6.440833;3078.070068359375
05;ANTIOQUIA;05847;URRAO;05847017;SAN JOSÉ;CP;-76.128125;6.256576;3063.685546875
05;ANTIOQUIA;05854;VALDIVIA;05854000;VALDIVIA;CM;-75.439274;7.1652;3173.87548828125
05;ANTIOQUIA;05854;VALDIVIA;05854002;PUERTO VALDIVIA;CP;-75.387421;7.294918;3184.010009765625
05;ANTIOQUIA;05854;VALDIVIA;05854003;RAUDAL VIEJO;CP;-75.308499;7.347714;3194.997314453125
05;ANTIOQUIA;05854;VALDIVIA;05854010;PUERTO RAUDAL;CP;-75.330277;7.363488;3194
05;ANTIOQUIA;05856;VALPARAÍSO;05856000;VALPARAÍSO;CM;-75.624452;5.614555;3085.326171875
05;ANTIOQUIA;05858;VEGACHÍ;05858000;VEGACHÍ;CM;-74.798714;6.773525;3165.92626953125
05;ANTIOQUIA;05858;VEGACHÍ;05858001;EL TIGRE;CP;-74.798921;6.859474;3166.00927734375
05;ANTIOQUIA;05858;VEGACHÍ;05858003;EL CINCO;CP;-74.683859;6.814869;3156.99169921875
05;ANTIOQUIA;05861;VENECIA;05861000;VENECIA;CM;-75.735544;5.964693;3104.393310546875
05;ANTIOQUIA;05861;VENECIA;05861002;BOLOMBOLO;CP;-75.838856;5.970835;3102.931884765625
05;ANTIOQUIA;05861;VENECIA;05861006;PALENQUE;CP;-75.699299;5.972768;3104.336669921875
05;ANTIOQUIA;05861;VENECIA;05861008;LA AMALIA;CP;-75.728815;5.952733;3103.785888671875
05;ANTIOQUIA;05873;VIGÍA DEL FUERTE;05873000;VIGÍA DEL FUERTE;CM;-76.896004;6.588164;2983.923583984375
05;ANTIOQUIA;05873;VIGÍA DEL FUERTE;05873001;SAN ANTONIO DE PADUA;CP;-76.761853;6.28653;3002.988037109375
05;ANTIOQUIA;05873;VIGÍA DEL FUERTE;05873002;VEGAEZ;CP;-76.547062;6.205708;3022.195556640625
05;ANTIOQUIA;05873;VIGÍA DEL FUERTE;05873004;SAN ALEJANDRO;CP;-76.87276;6.72779;2998.328125
05;ANTIOQUIA;05873;VIGÍA DEL FUERTE;05873005;SAN MIGUEL;CP;-76.825563;6.527998;3000.256591796875
05;ANTIOQUIA;05873;VIGÍA DEL FUERTE;05873006;PUERTO ANTIOQUIA;CP;-76.969336;6.811518;2995.82080078125
05;ANTIOQUIA;05873;VIGÍA DEL FUERTE;05873007;BUCHADO;CP;-76.779785;6.420256;3005.3515625
05;ANTIOQUIA;05873;VIGÍA DEL FUERTE;05873009;PALO BLANCO;CP;-76.700824;6.16912;3003.30224609375
05;ANTIOQUIA;05873;VIGÍA DEL FUERTE;05873010;BAJO MURRÍ;CP;-76.747206;6.610237;3019.995849609375
05;ANTIOQUIA;05873;VIGÍA DEL FUERTE;05873011;EL ARENAL;CP;-76.820233;6.492995;3000.473876953125
05;ANTIOQUIA;05873;VIGÍA DEL FUERTE;05873012;GUADUALITO;CP;-76.892708;6.628473;2986.749755859375
05;ANTIOQUIA;05873;VIGÍA DEL FUERTE;05873013;LOMA MURRY;CP;-76.710592;6.627817;3019.142333984375
05;ANTIOQUIA;05873;VIGÍA DEL FUERTE;05873014;SAN MARTÍN;CP;-76.844791;6.53433;2994.052978515625
05;ANTIOQUIA;05873;VIGÍA DEL FUERTE;05873015;SANTA MARÍA;CP;-76.742665;6.244249;3001.095458984375
05;ANTIOQUIA;05885;YALÍ;05885000;YALÍ;CM;-74.840059;6.676554;3163.093994140625
05;ANTIOQUIA;05885;YALÍ;05885027;VILLA ANITA;CP;-74.850108;6.685437;3162.15576171875
05;ANTIOQUIA;05887;YARUMAL;05887000;YARUMAL;CM;-75.418828;6.963832;3166.86669921875
05;ANTIOQUIA;05887;YARUMAL;05887003;CEDEÑO;CP;-75.354492;7.07141;3176.0556640625
05;ANTIOQUIA;05887;YARUMAL;05887004;EL CEDRO;CP;-75.359882;7.190151;3185.14892578125
05;ANTIOQUIA;05887;YARUMAL;05887006;OCHALÍ;CP;-75.611569;7.002955;3154.719482421875
05;ANTIOQUIA;05887;YARUMAL;05887007;LLANOS DE CUIVA;CP;-75.486149;6.815869;3159.354248046875
05;ANTIOQUIA;05887;YARUMAL;05887009;EL PUEBLITO;CP;-75.357237;7.181031;3184.98046875
05;ANTIOQUIA;05887;YARUMAL;05887021;LA LOMA;CP;-75.622049;7.034555;3155.025146484375
05;ANTIOQUIA;05887;YARUMAL;05887022;MINA VIEJA;CP;-75.432971;6.981993;3166
05;ANTIOQUIA;05890;YOLOMBÓ;05890000;YOLOMBÓ;CM;-75.013385;6.594511;3150.9794921875
05;ANTIOQUIA;05890;YOLOMBÓ;05890001;LA FLORESTA;CP;-74.86532;6.633865;3159.46875
05;ANTIOQUIA;05890;YOLOMBÓ;05890004;EL RUBÍ;CP;-74.971313;6.566126;3148.97412109375
05;ANTIOQUIA;05890;YOLOMBÓ;05890009;VILLANUEVA;CP;-75.152518;6.614209;3165.99658203125
05;ANTIOQUIA;05893;YONDÓ;05893000;YONDÓ;CM;-73.912445;7.00396;3113.001953125
05;ANTIOQUIA;05893;YONDÓ;05893001;CIÉNAGA DE BARBACOA - LA PUNTA;CP;-74.215505;6.857987;3128.043212890625
05;ANTIOQUIA;05893;YONDÓ;05893002;SAN LUIS BELTRÁN;CP;-73.958235;6.951984;3122.591552734375
05;ANTIOQUIA;05893;YONDÓ;05893003;SAN MIGUEL DEL TIGRE;CP;-73.944991;7.087141;3126.22412109375
05;ANTIOQUIA;05893;YONDÓ;05893005;BOCAS DE SAN FRANCISCO;CP;-74.21633;7.00284;3138.735107421875
05;ANTIOQUIA;05893;YONDÓ;05893008;EL BAGRE;CP;-74.061071;7.132905;3133.62548828125
05;ANTIOQUIA;05893;YONDÓ;05893009;BOCAS DE BARBACOAS;CP;-74.213611;6.733146;3119.415771484375
05;ANTIOQUIA;05893;YONDÓ;05893014;PUERTO LOS MANGOS;CP;-73.903054;7.079762;3115.945556640625
05;ANTIOQUIA;05893;YONDÓ;05893015;PUERTO MATILDE;CP;-74.198216;7.040214;3142.120849609375
05;ANTIOQUIA;05893;YONDÓ;05893017;PUERTO TOMAS;CP;-73.897464;7.074794;3115.12060546875
05;ANTIOQUIA;05893;YONDÓ;05893018;PUERTO CASABE;CP;-73.892402;7.066856;3115.208984375
05;ANTIOQUIA;05893;YONDÓ;05893019;LA CONDOR;CP;-73.928039;7.025705;3115.73583984375
05;ANTIOQUIA;05893;YONDÓ;05893021;CHORRO DE LÁGRIMAS;CP;-74.464005;6.799595;3132.8505859375
05;ANTIOQUIA;05895;ZARAGOZA;05895000;ZARAGOZA;CM;-74.867075;7.488583;3196.890869140625
05;ANTIOQUIA;05895;ZARAGOZA;05895003;BUENOS AIRES;CP;-74.81359;7.606222;3204.80615234375
05;ANTIOQUIA;05895;ZARAGOZA;05895004;PATO;CP;-74.923199;7.496318;3200.227783203125
05;ANTIOQUIA;05895;ZARAGOZA;05895008;VEGAS DE SEGOVIA;CP;-75.026559;7.487436;3205.561279296875
05;ANTIOQUIA;05895;ZARAGOZA;05895009;EL CENIZO;CP;-74.833642;7.305162;3185.866943359375
05;ANTIOQUIA;05895;ZARAGOZA;05895010;EL CRISTO;CP;-74.83115;7.28683;3184.58740234375
05;ANTIOQUIA;05895;ZARAGOZA;05895011;LA CALIENTE;CP;-74.837147;7.302312;3185.938720703125
08;ATLÁNTICO;08001;BARRANQUILLA;08001000;BARRANQUILLA. DISTRITO ESPECIAL. INDUSTRIAL Y PORTUARIO;CM;-74.815324;10.977998;3345.039794921875
08;ATLÁNTICO;08078;BARANOA;08078000;BARANOA;CM;-74.916073;10.794447;3339.73095703125
08;ATLÁNTICO;08078;BARANOA;08078001;CAMPECHE;CP;-74.914252;10.725321;3340.601806640625
08;ATLÁNTICO;08078;BARANOA;08078002;PITAL;CP;-74.918078;10.841341;3338.353515625
08;ATLÁNTICO;08078;BARANOA;08078003;SIBARCO;CP;-74.97538;10.815374;3339
08;ATLÁNTICO;08137;CAMPO DE LA CRUZ;08137000;CAMPO DE LA CRUZ;CM;-74.883152;10.37924;3331.960205078125
08;ATLÁNTICO;08137;CAMPO DE LA CRUZ;08137001;BOHÓRQUEZ;CP;-74.834201;10.460973;3334.855712890625
08;ATLÁNTICO;08141;CANDELARIA;08141000;CANDELARIA;CM;-74.879717;10.461903;3335.879150390625
08;ATLÁNTICO;08141;CANDELARIA;08141001;SAN JOSÉ DEL CARRETAL;CP;-74.913006;10.439586;3334.08544921875
08;ATLÁNTICO;08141;CANDELARIA;08141002;BUENAVENTURA DE LEÑA;CP;-74.877774;10.517133;3338.57666015625
08;ATLÁNTICO;08296;GALAPA;08296000;GALAPA;CM;-74.866938;10.919641;3344.93798828125
08;ATLÁNTICO;08296;GALAPA;08296001;PALUATO;CP;-74.929673;10.875197;3338.720458984375
08;ATLÁNTICO;08372;JUAN DE ACOSTA;08372000;JUAN DE ACOSTA;CM;-75.035031;10.828909;3340
08;ATLÁNTICO;08372;JUAN DE ACOSTA;08372001;BOCATOCINO;CP;-75.205024;10.816143;3334
08;ATLÁNTICO;08372;JUAN DE ACOSTA;08372002;CHORRERA;CP;-75.011835;10.799011;3339
08;ATLÁNTICO;08372;JUAN DE ACOSTA;08372003;SAN JOSÉ DE SACO;CP;-75.08636;10.804673;3338
08;ATLÁNTICO;08372;JUAN DE ACOSTA;08372004;SANTA VERÓNICA;CP;-75.077379;10.882017;3340.146240234375
08;ATLÁNTICO;08372;JUAN DE ACOSTA;08372007;URBANIZACIÓN PUNTA CANGREJO;CP;-75.109418;10.862905;3336.173095703125
08;ATLÁNTICO;08421;LURUACO;08421000;LURUACO;CM;-75.142023;10.610652;3331.50390625
08;ATLÁNTICO;08421;LURUACO;08421001;ARROYO DE PIEDRA;CP;-75.10514;10.630954;3335.010498046875
08;ATLÁNTICO;08421;LURUACO;08421002;PALMAR DE CANDELARIA;CP;-75.15043;10.666434;3332.207275390625
08;ATLÁNTICO;08421;LURUACO;08421003;LOS PENDALES;CP;-75.204378;10.618131;3328
08;ATLÁNTICO;08421;LURUACO;08421004;SAN JUAN DE TOCAGUA;CP;-75.184581;10.637368;3328.936767578125
08;ATLÁNTICO;08421;LURUACO;08421005;SANTA CRUZ;CP;-75.212954;10.573406;3326.55078125
08;ATLÁNTICO;08421;LURUACO;08421006;LOS LÍMITES;CP;-75.224099;10.629529;3328.00048828125
08;ATLÁNTICO;08421;LURUACO;08421007;LA PUNTICA;CP;-75.165111;10.617048;3328.903076171875
08;ATLÁNTICO;08421;LURUACO;08421012;BARRIGÓN;CP;-75.182534;10.576666;3326.334228515625
08;ATLÁNTICO;08421;LURUACO;08421013;SOCAVÓN;CP;-75.217317;10.605837;3327.517333984375
08;ATLÁNTICO;08433;MALAMBO;08433000;MALAMBO;CM;-74.778892;10.851407;3344.812744140625
08;ATLÁNTICO;08433;MALAMBO;08433001;CARACOLÍ;CP;-74.834065;10.859418;3343
08;ATLÁNTICO;08433;MALAMBO;08433004;LA AGUADA;CP;-74.846008;10.862818;3343
08;ATLÁNTICO;08433;MALAMBO;08433005;PITALITO;CP;-74.841681;10.813347;3343
08;ATLÁNTICO;08436;MANATÍ;08436000;MANATÍ;CM;-74.956867;10.449089;3331.920654296875
08;ATLÁNTICO;08436;MANATÍ;08436001;EL PORVENIR (LAS COMPUERTAS);CP;-75.06721;10.411054;3324.419677734375
08;ATLÁNTICO;08436;MANATÍ;08436002;VILLA JUANA;CP;-75.009057;10.519559;3331.60986328125
08;ATLÁNTICO;08520;PALMAR DE VARELA;08520000;PALMAR DE VARELA;CM;-74.754765;10.738591;3343
08;ATLÁNTICO;08520;PALMAR DE VARELA;08520001;BURRUSCOS;CP;-74.823142;10.673373;3344.910400390625
08;ATLÁNTICO;08549;PIOJÓ;08549000;PIOJÓ;CM;-75.107592;10.749216;3336.98046875
08;ATLÁNTICO;08549;PIOJÓ;08549001;AGUAS VIVAS;CP;-75.073152;10.735552;3338
08;ATLÁNTICO;08549;PIOJÓ;08549002;EL CERRITO;CP;-75.202758;10.766867;3333
08;ATLÁNTICO;08549;PIOJÓ;08549003;HIBACHARO;CP;-75.135724;10.715386;3334.92626953125
08;ATLÁNTICO;08558;POLONUEVO;08558000;POLONUEVO;CM;-74.854029;10.777894;3343
08;ATLÁNTICO;08558;POLONUEVO;08558001;PITAL DEL CARLÍN (PITALITO);CP;-74.840678;10.811355;3343
08;ATLÁNTICO;08560;PONEDERA;08560000;PONEDERA;CM;-74.753885;10.641779;3343
08;ATLÁNTICO;08560;PONEDERA;08560001;LA RETIRADA;CP;-74.837803;10.616122;3344.88525390625
08;ATLÁNTICO;08560;PONEDERA;08560002;MARTILLO;CP;-74.830439;10.6274;3344.724853515625
08;ATLÁNTICO;08560;PONEDERA;08560003;PUERTO GIRALDO;CP;-74.816011;10.50495;3337
08;ATLÁNTICO;08560;PONEDERA;08560004;SANTA RITA;CP;-74.781552;10.593646;3341.06298828125
08;ATLÁNTICO;08573;PUERTO COLOMBIA;08573000;PUERTO COLOMBIA;CM;-74.851953;11.022918;3349.475830078125
08;ATLÁNTICO;08573;PUERTO COLOMBIA;08573002;SALGAR;CP;-74.929056;11.017318;3353.365478515625
08;ATLÁNTICO;08573;PUERTO COLOMBIA;08573003;SABANILLA (MONTE CARMELO);CP;-74.917616;11.042846;3355.97705078125
08;ATLÁNTICO;08606;REPELÓN;08606000;REPELÓN;CM;-75.125534;10.493357;3325.99658203125
08;ATLÁNTICO;08606;REPELÓN;08606001;ARROYO NEGRO;CP;-75.149899;10.570287;3328.397216796875
08;ATLÁNTICO;08606;REPELÓN;08606002;CIEN PESOS;CP;-75.219795;10.538129;3325.754638671875
08;ATLÁNTICO;08606;REPELÓN;08606003;LAS TABLAS;CP;-75.221858;10.520272;3325
08;ATLÁNTICO;08606;REPELÓN;08606004;ROTINET;CP;-75.072382;10.530974;3331.990478515625
08;ATLÁNTICO;08606;REPELÓN;08606005;VILLA ROSA;CP;-75.12992;10.411282;3323.24658203125
08;ATLÁNTICO;08606;REPELÓN;08606009;PITA;CP;-75.234536;10.522019;3324.92529296875
08;ATLÁNTICO;08634;SABANAGRANDE;08634000;SABANAGRANDE;CM;-74.75847;10.791063;3344
08;ATLÁNTICO;08638;SABANALARGA;08638000;SABANALARGA;CM;-74.92153;10.632291;3339.33544921875
08;ATLÁNTICO;08638;SABANALARGA;08638001;AGUADA DE PABLO;CP;-75.005493;10.521882;3331.99365234375
08;ATLÁNTICO;08638;SABANALARGA;08638002;CASCAJAL;CP;-74.848208;10.598402;3344.000244140625
08;ATLÁNTICO;08638;SABANALARGA;08638003;COLOMBIA;CP;-75.001846;10.641265;3335.88671875
08;ATLÁNTICO;08638;SABANALARGA;08638004;ISABEL LÓPEZ;CP;-75.002342;10.675913;3336
08;ATLÁNTICO;08638;SABANALARGA;08638005;LA PEÑA;CP;-75.026976;10.584632;3333.058349609375
08;ATLÁNTICO;08638;SABANALARGA;08638006;MOLINERO;CP;-75.042665;10.65524;3336
08;ATLÁNTICO;08638;SABANALARGA;08638007;MIRADOR;CP;-74.923754;10.534478;3337.03076171875
08;ATLÁNTICO;08638;SABANALARGA;08638008;GALLEGO;CP;-74.919731;10.552958;3338.013427734375
08;ATLÁNTICO;08638;SABANALARGA;08638010;PATILLA;CP;-74.919492;10.566076;
08;ATLÁNTICO;08675;SANTA LUCÍA;08675000;SANTA LUCÍA;CM;-74.958971;10.323273;3326.98046875
08;ATLÁNTICO;08675;SANTA LUCÍA;08675001;ALGODONAL;CP;-74.949464;10.349115;3328.0146484375
08;ATLÁNTICO;08685;SANTO TOMÁS;08685000;SANTO TOMÁS;CM;-74.754112;10.756056;3343.39404296875
08;ATLÁNTICO;08758;SOLEDAD;08758000;SOLEDAD;CM;-74.785829;10.909999;3344.3857421875
08;ATLÁNTICO;08770;SUAN;08770000;SUAN;CM;-74.881687;10.335432;3330
08;ATLÁNTICO;08832;TUBARÁ;08832000;TUBARÁ;CM;-74.978704;10.873586;3340.417724609375
08;ATLÁNTICO;08832;TUBARÁ;08832001;CUATRO BOCAS;CP;-74.942804;10.922304;3341.785400390625
08;ATLÁNTICO;08832;TUBARÁ;08832002;EL MORRO;CP;-75.006506;10.942331;3343.9462890625
08;ATLÁNTICO;08832;TUBARÁ;08832003;GUAIMARAL;CP;-74.941648;10.87351;3338.974853515625
08;ATLÁNTICO;08832;TUBARÁ;08832004;JUARUCO;CP;-74.984751;10.929037;3343
08;ATLÁNTICO;08832;TUBARÁ;08832007;CORRAL DE SAN LUIS;CP;-75.002632;10.894419;3341.918212890625
08;ATLÁNTICO;08832;TUBARÁ;08832010;PLAYA MENDOZA;CP;-75.037384;10.90148;3342.002685546875
08;ATLÁNTICO;08832;TUBARÁ;08832011;PLAYAS DE EDRIMÁN;CP;-75.068208;10.886312;3341
08;ATLÁNTICO;08832;TUBARÁ;08832012;VILLAS DE PALMARITO;CP;-75.053021;10.889829;3341.87939453125
08;ATLÁNTICO;08832;TUBARÁ;08832013;NUEVA ESPERANZA;CP;-75.045407;10.890961;3342
08;ATLÁNTICO;08849;USIACURÍ;08849000;USIACURÍ;CM;-74.976985;10.74298;3337.005615234375
11;BOGOTÁ. D.C.;11001;BOGOTÁ. D.C.;11001000;BOGOTÁ. DISTRITO CAPITAL;CM;-74.107359;4.650173;2950.300537109375
11;BOGOTÁ. D.C.;11001;BOGOTÁ. D.C.;11001002;NAZARETH;CP;-74.147115;4.172534;2924.001953125
11;BOGOTÁ. D.C.;11001;BOGOTÁ. D.C.;11001007;PASQUILLA;CP;-74.156251;4.444348;2937.05419921875
11;BOGOTÁ. D.C.;11001;BOGOTÁ. D.C.;11001008;SAN JUAN;CP;-74.314102;4.029599;2937.93212890625
11;BOGOTÁ. D.C.;11001;BOGOTÁ. D.C.;11001009;BETANIA;CP;-74.146002;4.218059;2928.35986328125
11;BOGOTÁ. D.C.;11001;BOGOTÁ. D.C.;11001010;LA UNIÓN;CP;-74.363706;3.985639;2939.78955078125
11;BOGOTÁ. D.C.;11001;BOGOTÁ. D.C.;11001011;MOCHUELO ALTO;CP;-74.148272;4.488998;2937.173828125
11;BOGOTÁ. D.C.;11001;BOGOTÁ. D.C.;11001012;CHORRILLOS;CP;-74.095358;4.781258;2970.452880859375
11;BOGOTÁ. D.C.;11001;BOGOTÁ. D.C.;11001013;EL DESTINO;CP;-74.138352;4.409011;2938.729248046875
11;BOGOTÁ. D.C.;11001;BOGOTÁ. D.C.;11001014;NUEVA GRANADA;CP;-74.359373;3.890437;2935.71142578125
11;BOGOTÁ. D.C.;11001;BOGOTÁ. D.C.;11001015;QUIBA BAJO;CP;-74.16793;4.526886;2940.037841796875
13;BOLÍVAR;13001;CARTAGENA DE INDIAS;13001000;CARTAGENA DE INDIAS. DISTRITO TURÍSTICO Y CULTURAL;CM;-75.496269;10.385126;3301.254638671875
13;BOLÍVAR;13001;CARTAGENA DE INDIAS;13001001;ARROYO DE PIEDRA;CP;-75.447056;10.609309;3311
13;BOLÍVAR;13001;CARTAGENA DE INDIAS;13001002;ARROYO GRANDE;CP;-75.347689;10.656289;3319.38623046875
13;BOLÍVAR;13001;CARTAGENA DE INDIAS;13001003;BARÚ;CP;-75.683277;10.143364;3265.56298828125
13;BOLÍVAR;13001;CARTAGENA DE INDIAS;13001004;BAYUNCA;CP;-75.396083;10.536332;3314.43798828125
13;BOLÍVAR;13001;CARTAGENA DE INDIAS;13001005;BOCACHICA;CP;-75.587341;10.323644;3285.467529296875
13;BOLÍVAR;13001;CARTAGENA DE INDIAS;13001006;CAÑO DEL ORO;CP;-75.543742;10.342794;3289.735107421875
13;BOLÍVAR;13001;CARTAGENA DE INDIAS;13001007;ISLA FUERTE;CP;-76.179474;9.381558;3188.938232421875
13;BOLÍVAR;13001;CARTAGENA DE INDIAS;13001008;LA BOQUILLA;CP;-75.498948;10.469413;3304.507080078125
13;BOLÍVAR;13001;CARTAGENA DE INDIAS;13001009;PASACABALLOS;CP;-75.515915;10.28359;3289.86328125
13;BOLÍVAR;13001;CARTAGENA DE INDIAS;13001010;PUNTA CANOA;CP;-75.500249;10.557096;3311
13;BOLÍVAR;13001;CARTAGENA DE INDIAS;13001012;SANTA ANA;CP;-75.555752;10.238903;3282.001708984375
13;BOLÍVAR;13001;CARTAGENA DE INDIAS;13001013;TIERRA BOMBA;CP;-75.575316;10.377148;3288.517333984375
13;BOLÍVAR;13001;CARTAGENA DE INDIAS;13001014;PUNTA ARENA;CP;-75.548683;10.363997;3291.8828125
13;BOLÍVAR;13001;CARTAGENA DE INDIAS;13001015;ARARCA;CP;-75.555621;10.261631;3283.064697265625
13;BOLÍVAR;13001;CARTAGENA DE INDIAS;13001016;LETICIA;CP;-75.51133;10.182575;3285.988525390625
13;BOLÍVAR;13001;CARTAGENA DE INDIAS;13001017;SANTA CRUZ DEL ISLOTE (ARCHIPIÉLAGO DE SAN BERNARDO);CP;-75.859075;9.785936;3246.3134765625
13;BOLÍVAR;13001;CARTAGENA DE INDIAS;13001018;EL RECREO;CP;-75.515019;10.19802;3285.897216796875
13;BOLÍVAR;13001;CARTAGENA DE INDIAS;13001019;PUERTO REY;CP;-75.462543;10.480839;3309.9931640625
13;BOLÍVAR;13001;CARTAGENA DE INDIAS;13001020;PONTEZUELA;CP;-75.439781;10.54412;3311.067626953125
13;BOLÍVAR;13001;CARTAGENA DE INDIAS;13001026;ARROYO DE LAS CANOAS;CP;-75.406388;10.640759;3311.191162109375
13;BOLÍVAR;13001;CARTAGENA DE INDIAS;13001027;EL PUEBLITO;CP;-75.741018;10.176193;3257.64990234375
13;BOLÍVAR;13001;CARTAGENA DE INDIAS;13001028;LAS EUROPAS;CP;-75.323763;10.672939;3322.82177734375
13;BOLÍVAR;13001;CARTAGENA DE INDIAS;13001029;MANZANILLO DEL MAR;CP;-75.497705;10.514939;3308.8232421875
13;BOLÍVAR;13001;CARTAGENA DE INDIAS;13001030;TIERRA BAJA;CP;-75.476229;10.488461;3308.20947265625
13;BOLÍVAR;13001;CARTAGENA DE INDIAS;13001033;MEMBRILLAL;CP;-75.477875;10.333643;3303.69921875
13;BOLÍVAR;13001;CARTAGENA DE INDIAS;13001034;BARCELONA DE INDIAS;CP;-75.471716;10.520857;3309.4140625
13;BOLÍVAR;13001;CARTAGENA DE INDIAS;13001035;CARTAGENA LAGUNA CLUB;CP;-75.465833;10.540672;3310
13;BOLÍVAR;13001;CARTAGENA DE INDIAS;13001036;CASAS DEL MAR;CP;-75.453475;10.613982;3311
13;BOLÍVAR;13001;CARTAGENA DE INDIAS;13001037;MÚCURA;CP;-75.874378;9.77994;3243.76025390625
13;BOLÍVAR;13001;CARTAGENA DE INDIAS;13001038;PUERTO BELLO;CP;-75.474737;10.482728;3308.5595703125
13;BOLÍVAR;13006;ACHÍ;13006000;ACHÍ;CM;-74.557065;8.569113;3242.18408203125
13;BOLÍVAR;13006;ACHÍ;13006002;BOYACÁ;CP;-74.524549;8.448069;3241.989013671875
13;BOLÍVAR;13006;ACHÍ;13006003;BUENAVISTA;CP;-74.532662;8.572357;3244.001220703125
13;BOLÍVAR;13006;ACHÍ;13006005;ALGARROBO;CP;-74.503511;8.468624;3244.019287109375
13;BOLÍVAR;13006;ACHÍ;13006007;GUACAMAYO;CP;-74.512074;8.729542;3247
13;BOLÍVAR;13006;ACHÍ;13006011;PLAYA ALTA;CP;-74.500536;8.781744;3246.638671875
13;BOLÍVAR;13006;ACHÍ;13006015;TACUYA ALTA;CP;-74.469757;8.57032;3247.816162109375
13;BOLÍVAR;13006;ACHÍ;13006017;TRES CRUCES;CP;-74.516342;8.703473;3247
13;BOLÍVAR;13006;ACHÍ;13006019;PAYANDÉ;CP;-74.45712;8.483409;3243.105224609375
13;BOLÍVAR;13006;ACHÍ;13006020;RÍO NUEVO;CP;-74.433928;8.480104;3238.11474609375
13;BOLÍVAR;13006;ACHÍ;13006021;BUENOS AIRES;CP;-74.545153;8.496895;3240.873291015625
13;BOLÍVAR;13006;ACHÍ;13006022;PUERTO ISABEL;CP;-74.5188;8.631672;3245.852783203125
13;BOLÍVAR;13006;ACHÍ;13006030;CENTRO ALEGRE;CP;-74.492209;8.506514;3246.10546875
13;BOLÍVAR;13006;ACHÍ;13006033;PUERTO VENECIA;CP;-74.529286;8.46522;3242.89013671875
13;BOLÍVAR;13006;ACHÍ;13006035;SANTA LUCÍA;CP;-74.468236;8.537058;3246.969970703125
13;BOLÍVAR;13006;ACHÍ;13006039;LOS NÍSPEROS;CP;-74.597274;8.650913;3246.569091796875
13;BOLÍVAR;13006;ACHÍ;13006041;PARAÍSO SINCERÍN;CP;-74.606222;8.721794;3247.847412109375
13;BOLÍVAR;13006;ACHÍ;13006042;PROVIDENCIA;CP;-74.551713;8.600935;3244.076904296875
13;BOLÍVAR;13030;ALTOS DEL ROSARIO;13030000;ALTOS DEL ROSARIO;CM;-74.164902;8.79187;3238.31005859375
13;BOLÍVAR;13030;ALTOS DEL ROSARIO;13030001;EL RUBIO;CP;-74.217425;8.807139;3237
13;BOLÍVAR;13030;ALTOS DEL ROSARIO;13030002;LA PACHA;CP;-74.167901;8.74443;3235.817626953125
13;BOLÍVAR;13030;ALTOS DEL ROSARIO;13030003;SAN ISIDRO;CP;-74.274952;8.776169;3244.943115234375
13;BOLÍVAR;13030;ALTOS DEL ROSARIO;13030004;SANTA LUCÍA;CP;-74.207431;8.672807;3235
13;BOLÍVAR;13030;ALTOS DEL ROSARIO;13030005;SAN ISIDRO 2;CP;-74.272159;8.802642;3246.742919921875
13;BOLÍVAR;13042;ARENAL;13042000;ARENAL;CM;-73.941099;8.458865;3205.819580078125
13;BOLÍVAR;13042;ARENAL;13042001;BUENAVISTA;CP;-73.883808;8.467497;3204.99267578125
13;BOLÍVAR;13042;ARENAL;13042002;CARNIZALA;CP;-73.90147;8.454844;3203.020263671875
13;BOLÍVAR;13042;ARENAL;13042003;SAN RAFAEL;CP;-73.911363;8.439363;3202.034423828125
13;BOLÍVAR;13042;ARENAL;13042007;SANTO DOMINGO;CP;-74.130151;8.368013;3207.00634765625
13;BOLÍVAR;13052;ARJONA;13052000;ARJONA;CM;-75.344501;10.256633;3301.47314453125
13;BOLÍVAR;13052;ARJONA;13052001;PUERTO BADEL (CAÑO SALADO);CP;-75.475873;10.119257;3287.69091796875
13;BOLÍVAR;13052;ARJONA;13052002;GAMBOTE;CP;-75.299292;10.16311;3309.849609375
13;BOLÍVAR;13052;ARJONA;13052003;ROCHA;CP;-75.413037;10.109626;3293.010498046875
13;BOLÍVAR;13052;ARJONA;13052004;SINCERÍN;CP;-75.275218;10.142626;3311.019775390625
13;BOLÍVAR;13052;ARJONA;13052005;SAN RAFAEL DE LA CRUZ;CP;-75.341031;10.232222;3299.574462890625
13;BOLÍVAR;13052;ARJONA;13052008;EL REMANSO;CP;-75.305041;10.245791;3309.00146484375
13;BOLÍVAR;13062;ARROYOHONDO;13062000;ARROYOHONDO;CM;-75.017193;10.242798;3322.382568359375
13;BOLÍVAR;13062;ARROYOHONDO;13062001;MACHADO;CP;-74.968302;10.240999;3323.00341796875
13;BOLÍVAR;13062;ARROYOHONDO;13062002;MONROY;CP;-75.086577;10.17823;3314.12255859375
13;BOLÍVAR;13062;ARROYOHONDO;13062003;PILÓN;CP;-75.005541;10.310046;3324.970458984375
13;BOLÍVAR;13062;ARROYOHONDO;13062004;SATO;CP;-74.972388;10.268613;3324.692626953125
13;BOLÍVAR;13062;ARROYOHONDO;13062006;SAN FRANCISCO (SOLABANDA);CP;-75.108825;10.168434;3314.012939453125
13;BOLÍVAR;13074;BARRANCO DE LOBA;13074000;BARRANCO DE LOBA;CM;-74.105236;8.947931;3239.16162109375
13;BOLÍVAR;13074;BARRANCO DE LOBA;13074003;RÍONUEVO;CP;-74.268656;8.809442;3246.8818359375
13;BOLÍVAR;13074;BARRANCO DE LOBA;13074004;SAN ANTONIO;CP;-74.12058;8.870156;3238.395751953125
13;BOLÍVAR;13074;BARRANCO DE LOBA;13074005;LOS CERRITOS;CP;-74.276166;8.861595;3250.5888671875
13;BOLÍVAR;13074;BARRANCO DE LOBA;13074006;LAS DELICIAS;CP;-74.110042;8.896758;3238.034423828125
13;BOLÍVAR;13140;CALAMAR;13140000;CALAMAR;CM;-74.913629;10.251963;3324.947509765625
13;BOLÍVAR;13140;CALAMAR;13140002;BARRANCA NUEVA;CP;-74.935018;10.195711;3321.841796875
13;BOLÍVAR;13140;CALAMAR;13140003;BARRANCA VIEJA;CP;-74.949752;10.149577;3320
13;BOLÍVAR;13140;CALAMAR;13140004;HATO VIEJO;CP;-75.038838;10.303655;3320.110107421875
13;BOLÍVAR;13140;CALAMAR;13140009;YUCAL;CP;-74.952216;10.128136;3320.87353515625
13;BOLÍVAR;13140;CALAMAR;13140011;EL PROGRESO;CP;-75.029772;10.169859;3320.00634765625
13;BOLÍVAR;13160;CANTAGALLO;13160000;CANTAGALLO;CM;-73.914626;7.378247;3139.84228515625
13;BOLÍVAR;13160;CANTAGALLO;13160001;SAN LORENZO;CP;-74.025155;7.247005;3137.98583984375
13;BOLÍVAR;13160;CANTAGALLO;13160002;BRISAS DE BOLÍVAR;CP;-73.928303;7.361721;3138.067626953125
13;BOLÍVAR;13160;CANTAGALLO;13160011;LA VICTORIA;CP;-73.98535;7.342802;3139.64013671875
13;BOLÍVAR;13160;CANTAGALLO;13160015;LOS PATICOS;CP;-73.940775;7.272969;3136.998779296875
13;BOLÍVAR;13160;CANTAGALLO;13160017;NO HAY COMO DIOS;CP;-74.024724;7.228401;3136.08740234375
13;BOLÍVAR;13160;CANTAGALLO;13160019;SINZONA;CP;-73.915934;7.421345;3143.33447265625
13;BOLÍVAR;13160;CANTAGALLO;13160021;BUENOS AIRES;CP;-73.939178;7.301726;3135.595703125
13;BOLÍVAR;13160;CANTAGALLO;13160022;LA PEÑA;CP;-73.986714;7.315788;3137.212646484375
13;BOLÍVAR;13160;CANTAGALLO;13160023;PATICO BAJO;CP;-73.94397;7.31589;3135
13;BOLÍVAR;13160;CANTAGALLO;13160024;CUATRO BOCAS;CP;-74.014244;7.211666;3132.017822265625
13;BOLÍVAR;13188;CICUCO;13188000;CICUCO;CM;-74.646028;9.274313;3278.234130859375
13;BOLÍVAR;13188;CICUCO;13188001;CAMPO SERENO;CP;-74.710152;9.176513;3278.02978515625
13;BOLÍVAR;13188;CICUCO;13188002;LA PEÑA;CP;-74.73992;9.226885;3280
13;BOLÍVAR;13188;CICUCO;13188003;SAN FRANCISCO DE LOBA;CP;-74.723348;9.184243;3279
13;BOLÍVAR;13188;CICUCO;13188005;PUEBLO NUEVO;CP;-74.758516;9.215635;3279
13;BOLÍVAR;13188;CICUCO;13188006;BODEGA;CP;-74.67804;9.279289;3280.613037109375
13;BOLÍVAR;13212;CÓRDOBA;13212000;CÓRDOBA;CM;-74.827391;9.586926;3296.25048828125
13;BOLÍVAR;13212;CÓRDOBA;13212001;GUAIMARAL;CP;-74.977192;9.494474;3286.935546875
13;BOLÍVAR;13212;CÓRDOBA;13212003;LA MONTAÑA DE ALONSO (MARTÍN ALONSO);CP;-74.954261;9.46424;3286.89501953125
13;BOLÍVAR;13212;CÓRDOBA;13212005;SAN ANDRÉS;CP;-74.878685;9.523946;3296
13;BOLÍVAR;13212;CÓRDOBA;13212006;SINCELEJITO;CP;-74.978894;9.444946;3284.002197265625
13;BOLÍVAR;13212;CÓRDOBA;13212007;TACAMOCHITO;CP;-74.818081;9.451587;3288.007080078125
13;BOLÍVAR;13212;CÓRDOBA;13212008;TACAMOCHO;CP;-74.800123;9.47732;3288
13;BOLÍVAR;13212;CÓRDOBA;13212009;SANTA LUCÍA;CP;-74.849418;9.463635;3291.099365234375
13;BOLÍVAR;13212;CÓRDOBA;13212010;LA SIERRA;CP;-74.95874;9.564567;3291.719482421875
13;BOLÍVAR;13212;CÓRDOBA;13212011;LAS MARÍAS;CP;-74.934503;9.447616;3288.203125
13;BOLÍVAR;13212;CÓRDOBA;13212012;PUEBLO NUEVO;CP;-74.908682;9.437605;3292.00244140625
13;BOLÍVAR;13212;CÓRDOBA;13212013;SANAHUARE;CP;-74.884397;9.43736;3292.353271484375
13;BOLÍVAR;13212;CÓRDOBA;13212014;SOCORRO 1;CP;-74.988769;9.455403;3284.416015625
13;BOLÍVAR;13212;CÓRDOBA;13212015;BELLAVISTA;CP;-74.949083;9.456688;3287
13;BOLÍVAR;13212;CÓRDOBA;13212016;LAS LOMITAS;CP;-74.913274;9.481743;3292.401123046875
13;BOLÍVAR;13212;CÓRDOBA;13212017;CALIFORNIA;CP;-74.956635;9.435237;3285.70263671875
13;BOLÍVAR;13222;CLEMENCIA;13222000;CLEMENCIA;CM;-75.328517;10.567541;3322.802001953125
13;BOLÍVAR;13222;CLEMENCIA;13222001;LAS CARAS;CP;-75.24024;10.550845;3325.62451171875
13;BOLÍVAR;13222;CLEMENCIA;13222002;EL PEÑIQUE;CP;-75.260588;10.538759;3325.002197265625
13;BOLÍVAR;13244;EL CARMEN DE BOLÍVAR;13244000;EL CARMEN DE BOLÍVAR;CM;-75.121231;9.718573;3300
13;BOLÍVAR;13244;EL CARMEN DE BOLÍVAR;13244001;BAJO GRANDE;CP;-75.223268;9.686739;3295.97900390625
13;BOLÍVAR;13244;EL CARMEN DE BOLÍVAR;13244002;CARACOLÍ GRANDE;CP;-75.227376;9.73969;3297.51318359375
13;BOLÍVAR;13244;EL CARMEN DE BOLÍVAR;13244003;EL SALADO;CP;-75.035688;9.582134;3295
13;BOLÍVAR;13244;EL CARMEN DE BOLÍVAR;13244004;JESÚS DEL MONTE;CP;-74.980504;9.749208;3304.999755859375
13;BOLÍVAR;13244;EL CARMEN DE BOLÍVAR;13244005;MACAYEPOS;CP;-75.341167;9.679957;3283.031982421875
13;BOLÍVAR;13244;EL CARMEN DE BOLÍVAR;13244006;SAN CARLOS;CP;-75.23687;9.711241;3296.999755859375
13;BOLÍVAR;13244;EL CARMEN DE BOLÍVAR;13244007;SAN ISIDRO;CP;-75.21741;9.76639;3298
13;BOLÍVAR;13244;EL CARMEN DE BOLÍVAR;13244008;HATO NUEVO;CP;-75.057662;9.73233;3301.564697265625
13;BOLÍVAR;13244;EL CARMEN DE BOLÍVAR;13244011;EL RAIZAL;CP;-75.219502;9.70511;3296.046875
13;BOLÍVAR;13244;EL CARMEN DE BOLÍVAR;13244014;SANTA LUCÍA;CP;-75.221339;9.697178;3296
13;BOLÍVAR;13244;EL CARMEN DE BOLÍVAR;13244017;SANTO DOMINGO DE MEZA;CP;-75.315654;9.798592;3295.348388671875
13;BOLÍVAR;13244;EL CARMEN DE BOLÍVAR;13244018;EL HOBO;CP;-75.237158;9.671623;3295.066650390625
13;BOLÍVAR;13244;EL CARMEN DE BOLÍVAR;13244019;ARROYO ARENA;CP;-75.17066;9.726546;3295
13;BOLÍVAR;13244;EL CARMEN DE BOLÍVAR;13244020;LÁZARO;CP;-75.313868;9.719461;3288.125732421875
13;BOLÍVAR;13244;EL CARMEN DE BOLÍVAR;13244021;PADULA;CP;-75.130464;9.663644;3299.248779296875
13;BOLÍVAR;13244;EL CARMEN DE BOLÍVAR;13244022;VERDÚN;CP;-75.141809;9.645558;3298.4658203125
13;BOLÍVAR;13248;EL GUAMO;13248000;EL GUAMO;CM;-74.976102;10.030874;3321.0927734375
13;BOLÍVAR;13248;EL GUAMO;13248001;LA ENEA;CP;-74.942488;10.067784;3319.750244140625
13;BOLÍVAR;13248;EL GUAMO;13248002;SAN JOSÉ DE LATA;CP;-75.027979;10.048108;3316.0009765625
13;BOLÍVAR;13248;EL GUAMO;13248003;NERVITÍ;CP;-74.79944;9.995604;3313.002685546875
13;BOLÍVAR;13248;EL GUAMO;13248004;ROBLES;CP;-74.843654;10.074258;3319.178955078125
13;BOLÍVAR;13248;EL GUAMO;13248005;TASAJERA;CP;-74.822577;10.025595;3316.7802734375
13;BOLÍVAR;13268;EL PEÑÓN;13268000;EL PEÑÓN;CM;-73.949274;8.988271;3234.9482421875
13;BOLÍVAR;13268;EL PEÑÓN;13268003;BUENOS AIRES;CP;-73.933347;8.750736;3216.42822265625
13;BOLÍVAR;13268;EL PEÑÓN;13268004;CASTAÑAL;CP;-73.939303;8.944821;3230.531494140625
13;BOLÍVAR;13268;EL PEÑÓN;13268006;LA CHAPETONA;CP;-73.965508;8.89669;3230.33544921875
13;BOLÍVAR;13268;EL PEÑÓN;13268008;JAPÓN;CP;-73.870837;8.936475;3225
13;BOLÍVAR;13268;EL PEÑÓN;13268013;LA HUMAREDA;CP;-73.874038;8.905931;3224.991943359375
13;BOLÍVAR;13268;EL PEÑÓN;13268017;PEÑONCITO;CP;-73.928991;8.975978;3231.665771484375
13;BOLÍVAR;13300;HATILLO DE LOBA;13300000;HATILLO DE LOBA;CM;-74.07833;8.955708;3237.98388671875
13;BOLÍVAR;13300;HATILLO DE LOBA;13300001;EL POZÓN;CP;-74.401078;9.000606;3253.055419921875
13;BOLÍVAR;13300;HATILLO DE LOBA;13300002;JUANA SÁNCHEZ;CP;-74.023487;8.964301;3240
13;BOLÍVAR;13300;HATILLO DE LOBA;13300003;LA RIBONA;CP;-74.061864;9.013552;3240.5
13;BOLÍVAR;13300;HATILLO DE LOBA;13300004;LA VICTORIA;CP;-74.21979;8.948554;3245.35205078125
13;BOLÍVAR;13300;HATILLO DE LOBA;13300005;PUEBLO NUEVO;CP;-74.340081;8.97209;3249.94580078125
13;BOLÍVAR;13300;HATILLO DE LOBA;13300006;SAN MIGUEL;CP;-73.992241;8.982864;3239.295166015625
13;BOLÍVAR;13300;HATILLO DE LOBA;13300007;CERRO DE LAS AGUADAS;CP;-74.054418;8.954224;3238.533203125
13;BOLÍVAR;13300;HATILLO DE LOBA;13300008;LAS BRISAS;CP;-74.367125;8.971524;3250.752197265625
13;BOLÍVAR;13300;HATILLO DE LOBA;13300009;GUALÍ;CP;-74.157966;8.958831;3247.5263671875
13;BOLÍVAR;13300;HATILLO DE LOBA;13300010;LAS PALMAS;CP;-74.381018;8.979895;3250.79052734375
13;BOLÍVAR;13430;MAGANGUÉ;13430000;MAGANGUÉ;CM;-74.770175;9.26854;3280
13;BOLÍVAR;13430;MAGANGUÉ;13430001;BARBOSA;CP;-74.637641;9.023936;3264.193359375
13;BOLÍVAR;13430;MAGANGUÉ;13430002;BARRANCA DE YUCA;CP;-74.853007;9.179366;3283.705810546875
13;BOLÍVAR;13430;MAGANGUÉ;13430003;BETANIA;CP;-74.821581;9.38025;3286.453857421875
13;BOLÍVAR;13430;MAGANGUÉ;13430004;BOCA DE SAN ANTONIO;CP;-74.764376;9.041121;3273.504638671875
13;BOLÍVAR;13430;MAGANGUÉ;13430006;CASCAJAL;CP;-74.806677;9.314594;3282.2275390625
13;BOLÍVAR;13430;MAGANGUÉ;13430007;CEIBAL;CP;-74.809574;9.355691;3284.972900390625
13;BOLÍVAR;13430;MAGANGUÉ;13430008;COYONGAL;CP;-74.488353;8.918218;3253.652587890625
13;BOLÍVAR;13430;MAGANGUÉ;13430009;EL RETIRO;CP;-74.734907;9.169333;3278.551513671875
13;BOLÍVAR;13430;MAGANGUÉ;13430010;GUAZO;CP;-74.736344;9.159654;3278
13;BOLÍVAR;13430;MAGANGUÉ;13430011;HENEQUÉN;CP;-74.831129;9.271931;3283.68115234375
13;BOLÍVAR;13430;MAGANGUÉ;13430013;JUAN ARIAS;CP;-74.922126;9.324023;3286.99609375
13;BOLÍVAR;13430;MAGANGUÉ;13430014;LA PASCUALA;CP;-74.813343;9.396085;3286.771728515625
13;BOLÍVAR;13430;MAGANGUÉ;13430015;LA VENTURA;CP;-74.881696;9.224131;3286.821044921875
13;BOLÍVAR;13430;MAGANGUÉ;13430016;LAS BRISAS;CP;-74.746814;9.43244;3288.086669921875
13;BOLÍVAR;13430;MAGANGUÉ;13430017;MADRID;CP;-74.749654;9.193852;3278.997314453125
13;BOLÍVAR;13430;MAGANGUÉ;13430018;PALMARITO;CP;-74.6725;9.056153;3269.63818359375
13;BOLÍVAR;13430;MAGANGUÉ;13430019;PANSEGÜITA;CP;-74.70378;9.092309;3273.066650390625
13;BOLÍVAR;13430;MAGANGUÉ;13430020;PIÑALITO;CP;-74.797285;9.133944;3276
13;BOLÍVAR;13430;MAGANGUÉ;13430021;SAN RAFAEL DE CORTINA;CP;-74.774888;9.304162;3280.96728515625
13;BOLÍVAR;13430;MAGANGUÉ;13430022;SAN JOSÉ DE LAS MARTAS;CP;-74.538506;8.990662;3262.03466796875
13;BOLÍVAR;13430;MAGANGUÉ;13430023;SAN SEBASTIÁN DE BUENAVISTA;CP;-74.588053;8.991188;3263.99951171875
13;BOLÍVAR;13430;MAGANGUÉ;13430024;SANTA FE;CP;-74.711312;9.295761;3281.99951171875
13;BOLÍVAR;13430;MAGANGUÉ;13430025;SANTA LUCÍA;CP;-74.71077;9.314149;3282.434814453125
13;BOLÍVAR;13430;MAGANGUÉ;13430026;SANTA MÓNICA;CP;-74.476307;8.823547;3245.059814453125
13;BOLÍVAR;13430;MAGANGUÉ;13430027;SANTA PABLA;CP;-74.465496;8.843845;3245.090576171875
13;BOLÍVAR;13430;MAGANGUÉ;13430028;SITIO NUEVO;CP;-74.607464;9.015282;3264
13;BOLÍVAR;13430;MAGANGUÉ;13430029;PUERTO KENNEDY;CP;-74.711805;9.344063;3283.703857421875
13;BOLÍVAR;13430;MAGANGUÉ;13430030;TACALOA;CP;-74.755828;9.413166;3286.993408203125
13;BOLÍVAR;13430;MAGANGUÉ;13430031;TACASALUMA;CP;-74.802015;9.106095;3275.939208984375
13;BOLÍVAR;13430;MAGANGUÉ;13430032;TOLÚ;CP;-74.533849;8.971771;3260.62548828125
13;BOLÍVAR;13430;MAGANGUÉ;13430036;PLAYA DE LAS FLORES;CP;-74.467706;8.877308;3248.891357421875
13;BOLÍVAR;13430;MAGANGUÉ;13430038;EL CUATRO;CP;-74.873927;9.309694;3288.048095703125
13;BOLÍVAR;13430;MAGANGUÉ;13430039;BOCA DE GUAMAL;CP;-74.480835;8.907412;3253.645751953125
13;BOLÍVAR;13430;MAGANGUÉ;13430040;TRES PUNTAS;CP;-74.893074;9.189834;3283.234130859375
13;BOLÍVAR;13430;MAGANGUÉ;13430041;EMAUS;CP;-74.910385;9.283231;3285
13;BOLÍVAR;13430;MAGANGUÉ;13430047;PUERTO NARIÑO;CP;-74.738028;9.199143;3279.02587890625
13;BOLÍVAR;13430;MAGANGUÉ;13430048;PUNTA DE CARTAGENA;CP;-74.474859;8.886674;3250.733154296875
13;BOLÍVAR;13430;MAGANGUÉ;13430049;ROMA;CP;-74.502331;8.938215;3255.015380859375
13;BOLÍVAR;13430;MAGANGUÉ;13430051;SAN ANTOÑITO;CP;-74.83388;9.135505;3275.016357421875
13;BOLÍVAR;13430;MAGANGUÉ;13430052;SANTA COITA;CP;-74.520364;8.949038;3257.574462890625
13;BOLÍVAR;13430;MAGANGUÉ;13430053;FLORENCIA;CP;-74.891516;9.313669;3286.9619140625
13;BOLÍVAR;13433;MAHATES;13433000;MAHATES;CM;-75.191583;10.233316;3319.974853515625
13;BOLÍVAR;13433;MAHATES;13433001;EVITAR;CP;-75.159486;10.272158;3320
13;BOLÍVAR;13433;MAHATES;13433002;GAMERO;CP;-75.211417;10.205683;3318.04833984375
13;BOLÍVAR;13433;MAHATES;13433003;MALAGANA;CP;-75.226047;10.140956;3314.099853515625
13;BOLÍVAR;13433;MAHATES;13433004;SAN BASILIO DE PALENQUE;CP;-75.199444;10.104732;3315.906494140625
13;BOLÍVAR;13433;MAHATES;13433005;SAN JOAQUÍN;CP;-75.108783;10.160843;3314.0009765625
13;BOLÍVAR;13433;MAHATES;13433009;MANDINGA;CP;-75.13822;10.141866;3315.9814453125
13;BOLÍVAR;13433;MAHATES;13433010;CRUZ DEL VIZO;CP;-75.24244;10.133854;3312.263427734375
13;BOLÍVAR;13433;MAHATES;13433011;LA MANGA;CP;-75.166264;10.132548;3317
13;BOLÍVAR;13440;MARGARITA;13440000;MARGARITA;CM;-74.280822;9.15555;3254
13;BOLÍVAR;13440;MARGARITA;13440001;BOTÓN DE LEIVA;CP;-74.253944;9.15353;3254.000244140625
13;BOLÍVAR;13440;MARGARITA;13440002;CANTERA;CP;-74.165317;9.067136;3247.1826171875
13;BOLÍVAR;13440;MARGARITA;13440003;CAUSADO;CP;-74.318944;9.129104;3255.30712890625
13;BOLÍVAR;13440;MARGARITA;13440004;CHILLOA;CP;-74.219401;9.116606;3251.953857421875
13;BOLÍVAR;13440;MARGARITA;13440005;DOÑA JUANA;CP;-74.194396;9.093413;3248.5419921875
13;BOLÍVAR;13440;MARGARITA;13440007;MAMONCITO;CP;-74.264512;9.045987;3253
13;BOLÍVAR;13440;MARGARITA;13440008;SANDOVAL;CP;-74.24517;9.135532;3254
13;BOLÍVAR;13440;MARGARITA;13440010;SAN JOSÉ DE LOS TRAPICHES;CP;-74.234213;9.124046;3253.52197265625
13;BOLÍVAR;13440;MARGARITA;13440011;COROCITO;CP;-74.278493;9.066418;3253.460205078125
13;BOLÍVAR;13440;MARGARITA;13440012;GUATAQUITA;CP;-74.216412;9.0165;3248.471435546875
13;BOLÍVAR;13440;MARGARITA;13440014;CAÑO MONO;CP;-74.248562;8.991176;3251.147705078125
13;BOLÍVAR;13440;MARGARITA;13440017;LA MONTAÑA;CP;-74.19293;9.026868;3248.043212890625
13;BOLÍVAR;13442;MARÍA LA BAJA;13442000;MARÍA LA BAJA;CM;-75.300528;9.982441;3304.0771484375
13;BOLÍVAR;13442;MARÍA LA BAJA;13442001;CORREA;CP;-75.404894;10.042878;3287.35400390625
13;BOLÍVAR;13442;MARÍA LA BAJA;13442002;EL NÍSPERO;CP;-75.423179;9.935997;3280.942138671875
13;BOLÍVAR;13442;MARÍA LA BAJA;13442003;FLAMENCO;CP;-75.396844;9.985887;3283.414306640625
13;BOLÍVAR;13442;MARÍA LA BAJA;13442004;MANPUJÁN;CP;-75.236124;9.991497;3305.90478515625
13;BOLÍVAR;13442;MARÍA LA BAJA;13442005;ÑANGUMA;CP;-75.455282;10.008151;3283.594482421875
13;BOLÍVAR;13442;MARÍA LA BAJA;13442006;RETIRO NUEVO;CP;-75.371464;9.917512;3287.972900390625
13;BOLÍVAR;13442;MARÍA LA BAJA;13442007;SAN JOSÉ DEL PLAYÓN;CP;-75.3293;9.881173;3298.346435546875
13;BOLÍVAR;13442;MARÍA LA BAJA;13442008;SAN PABLO;CP;-75.268091;10.051627;3306
13;BOLÍVAR;13442;MARÍA LA BAJA;13442009;EL MAJAGUA;CP;-75.262185;10.033647;3305.003662109375
13;BOLÍVAR;13442;MARÍA LA BAJA;13442011;LOS BELLOS;CP;-75.385006;9.93516;3284.07470703125
13;BOLÍVAR;13442;MARÍA LA BAJA;13442012;MATUYA;CP;-75.302974;9.941911;3304.77587890625
13;BOLÍVAR;13442;MARÍA LA BAJA;13442014;COLÚ;CP;-75.34537;9.924919;3295.750732421875
13;BOLÍVAR;13442;MARÍA LA BAJA;13442015;EL FLORIDO;CP;-75.348781;9.944098;3295.682373046875
13;BOLÍVAR;13442;MARÍA LA BAJA;13442016;NUEVO RETÉN;CP;-75.353369;9.901308;3293.688232421875
13;BOLÍVAR;13442;MARÍA LA BAJA;13442017;ARROYO GRANDE;CP;-75.355784;9.894194;3293.111083984375
13;BOLÍVAR;13442;MARÍA LA BAJA;13442019;NUEVA ESPERANZA;CP;-75.350441;9.911398;3294.39501953125
13;BOLÍVAR;13442;MARÍA LA BAJA;13442020;PUEBLO NUEVO;CP;-75.389132;9.879581;3283.61328125
13;BOLÍVAR;13442;MARÍA LA BAJA;13442022;PRIMERO DE JULIO;CP;-75.261376;10.042208;3305.43701171875
13;BOLÍVAR;13442;MARÍA LA BAJA;13442023;EL SENA;CP;-75.268575;9.982332;3304.144287109375
13;BOLÍVAR;13442;MARÍA LA BAJA;13442024;LA CURVA;CP;-75.282263;9.963622;3305
13;BOLÍVAR;13442;MARÍA LA BAJA;13442025;LA PISTA;CP;-75.264929;10.041094;3305.61181640625
13;BOLÍVAR;13442;MARÍA LA BAJA;13442026;MARQUEZ;CP;-75.278409;9.969603;3305
13;BOLÍVAR;13442;MARÍA LA BAJA;13442027;MUNGUIA;CP;-75.262717;10.007891;3304.378173828125
13;BOLÍVAR;13442;MARÍA LA BAJA;13442030;CEDRITO;CP;-75.356345;9.934284;3293.57177734375
13;BOLÍVAR;13442;MARÍA LA BAJA;13442031;EL GUAMO;CP;-75.349264;9.885984;3294.091796875
13;BOLÍVAR;13442;MARÍA LA BAJA;13442034;GUARISMO;CP;-75.361607;9.965016;3291.60595703125
13;BOLÍVAR;13442;MARÍA LA BAJA;13442035;LA SUPREMA;CP;-75.308375;9.929884;3303.914306640625
13;BOLÍVAR;13442;MARÍA LA BAJA;13442040;NUEVO PORVENIR;CP;-75.370317;9.905629;3288.410888671875
13;BOLÍVAR;13442;MARÍA LA BAJA;13442043;SUCESIÓN;CP;-75.337211;9.898027;3296.913330078125
13;BOLÍVAR;13442;MARÍA LA BAJA;13442044;TOMA RAZÓN;CP;-75.331585;9.918153;3298.757568359375
13;BOLÍVAR;13442;MARÍA LA BAJA;13442045;EL PUEBLITO;CP;-75.297506;9.931561;3305
13;BOLÍVAR;13458;MONTECRISTO;13458000;MONTECRISTO;CM;-74.468558;8.299375;3224.586669921875
13;BOLÍVAR;13458;MONTECRISTO;13458001;BETANIA;CP;-74.484927;8.367515;3233.747314453125
13;BOLÍVAR;13458;MONTECRISTO;13458002;LA DORADA;CP;-74.477724;8.345444;3229.982421875
13;BOLÍVAR;13458;MONTECRISTO;13458003;PARAÍSO;CP;-74.316975;8.139486;3202.0244140625
13;BOLÍVAR;13458;MONTECRISTO;13458004;PUEBLO LINDO;CP;-74.496242;8.252926;3221.6259765625
13;BOLÍVAR;13458;MONTECRISTO;13458005;PUEBLO NUEVO - REGENCIA;CP;-74.629569;8.097878;3223.009765625
13;BOLÍVAR;13458;MONTECRISTO;13458006;PUERTO ESPAÑA;CP;-74.53075;8.248407;3222.955078125
13;BOLÍVAR;13458;MONTECRISTO;13458007;PLATANAL;CP;-74.509211;8.238624;3220.3388671875
13;BOLÍVAR;13458;MONTECRISTO;13458008;SAN AGUSTÍN;CP;-74.661115;8.167951;3224.993408203125
13;BOLÍVAR;13458;MONTECRISTO;13458012;VILLA URIBE;CP;-74.586124;8.065312;3216.010009765625
13;BOLÍVAR;13468;SANTA CRUZ DE MOMPOX;13468000;SANTA CRUZ DE MOMPOX. DISTRITO ESPECIAL. TURÍSTICO. CULTURAL E HISTÓRICO;CM;-74.427889;9.243831;3275.513427734375
13;BOLÍVAR;13468;SANTA CRUZ DE MOMPOX;13468001;CALDERA;CP;-74.492561;9.074099;3265.759033203125
13;BOLÍVAR;13468;SANTA CRUZ DE MOMPOX;13468002;CANDELARIA;CP;-74.523443;9.069529;3266.069091796875
13;BOLÍVAR;13468;SANTA CRUZ DE MOMPOX;13468008;GUAIMARAL;CP;-74.595911;9.11495;3267.113037109375
13;BOLÍVAR;13468;SANTA CRUZ DE MOMPOX;13468009;GUATACA;CP;-74.373189;9.201875;3268.828125
13;BOLÍVAR;13468;SANTA CRUZ DE MOMPOX;13468010;LA JAGUA;CP;-74.66987;9.10318;3272.04248046875
13;BOLÍVAR;13468;SANTA CRUZ DE MOMPOX;13468011;LA LOBATA;CP;-74.54027;9.147487;3269.614501953125
13;BOLÍVAR;13468;SANTA CRUZ DE MOMPOX;13468013;LA RINCONADA;CP;-74.49706;9.233417;3274.950439453125
13;BOLÍVAR;13468;SANTA CRUZ DE MOMPOX;13468014;LAS BOQUILLAS;CP;-74.563805;9.117611;3268
13;BOLÍVAR;13468;SANTA CRUZ DE MOMPOX;13468015;LOMA DE SIMÓN;CP;-74.463966;9.226348;3275.000244140625
13;BOLÍVAR;13468;SANTA CRUZ DE MOMPOX;13468016;LOS PIÑONES;CP;-74.45816;9.096253;3268.30126953125
13;BOLÍVAR;13468;SANTA CRUZ DE MOMPOX;13468020;SAN IGNACIO;CP;-74.710047;9.107223;3274.625
13;BOLÍVAR;13468;SANTA CRUZ DE MOMPOX;13468022;SAN NICOLÁS;CP;-74.649271;9.140584;3271.1650390625
13;BOLÍVAR;13468;SANTA CRUZ DE MOMPOX;13468023;SANTA CRUZ;CP;-74.689814;9.084449;3272.26806640625
13;BOLÍVAR;13468;SANTA CRUZ DE MOMPOX;13468024;SANTA ROSA;CP;-74.67145;9.069462;3270.389404296875
13;BOLÍVAR;13468;SANTA CRUZ DE MOMPOX;13468025;SANTA TERESITA;CP;-74.474915;9.248085;3275.16357421875
13;BOLÍVAR;13468;SANTA CRUZ DE MOMPOX;13468028;ANCÓN;CP;-74.524061;9.22496;3272.95361328125
13;BOLÍVAR;13468;SANTA CRUZ DE MOMPOX;13468030;LA TRAVESÍA;CP;-74.613036;9.03313;3264.019775390625
13;BOLÍVAR;13468;SANTA CRUZ DE MOMPOX;13468031;PUEBLO NUEVO;CP;-74.367004;9.166572;3264.957763671875
13;BOLÍVAR;13468;SANTA CRUZ DE MOMPOX;13468033;BOMBA;CP;-74.602176;9.022694;3264
13;BOLÍVAR;13468;SANTA CRUZ DE MOMPOX;13468036;EL ROSARIO;CP;-74.634578;9.050038;3265
13;BOLÍVAR;13468;SANTA CRUZ DE MOMPOX;13468038;SANTA ELENA;CP;-74.601454;9.059053;3265.365234375
13;BOLÍVAR;13468;SANTA CRUZ DE MOMPOX;13468039;SAN LUIS;CP;-74.495474;9.069726;3265.18408203125
13;BOLÍVAR;13468;SANTA CRUZ DE MOMPOX;13468040;VILLA NUEVA;CP;-74.630105;9.059584;3265.025146484375
13;BOLÍVAR;13473;MORALES;13473000;MORALES;CM;-73.868178;8.276519;3188.8896484375
13;BOLÍVAR;13473;MORALES;13473002;BODEGA CENTRAL;CP;-73.778969;8.145552;3173.003173828125
13;BOLÍVAR;13473;MORALES;13473003;EL DIQUE;CP;-73.775702;8.299934;3183.272216796875
13;BOLÍVAR;13473;MORALES;13473004;LAS PAILAS;CP;-73.766998;8.253419;3179.760009765625
13;BOLÍVAR;13473;MORALES;13473012;BOCA DE LA HONDA;CP;-73.877319;8.376743;3195.932373046875
13;BOLÍVAR;13473;MORALES;13473013;MICOAHUMADO;CP;-74.034146;8.354955;3208.953125
13;BOLÍVAR;13473;MORALES;13473014;PAREDES DE ORORIA;CP;-73.896403;8.135134;3182.53369140625
13;BOLÍVAR;13473;MORALES;13473015;EL CORCOVADO;CP;-74.053136;8.203563;3200.515625
13;BOLÍVAR;13473;MORALES;13473016;LA ESMERALDA;CP;-73.866037;8.329121;3191.077392578125
13;BOLÍVAR;13473;MORALES;13473017;LA PALMA;CP;-73.877619;8.470075;3205.092529296875
13;BOLÍVAR;13473;MORALES;13473019;BOCA DE LA CIENAGA;CP;-73.782376;8.317328;3185.005615234375
13;BOLÍVAR;13490;NOROSÍ;13490000;NOROSÍ;CM;-74.038043;8.526298;3213.62841796875
13;BOLÍVAR;13490;NOROSÍ;13490001;BUENA SEÑA;CP;-74.097756;8.545038;3219.248291015625
13;BOLÍVAR;13490;NOROSÍ;13490002;CASA DE BARRO;CP;-74.227572;8.416266;3222.057861328125
13;BOLÍVAR;13490;NOROSÍ;13490003;LAS NIEVES;CP;-74.22451;8.411709;3221.855224609375
13;BOLÍVAR;13490;NOROSÍ;13490004;MINA BRISA;CP;-74.16706;8.46251;3221.436767578125
13;BOLÍVAR;13490;NOROSÍ;13490005;MINA ESTRELLA;CP;-74.089049;8.597975;3222.995361328125
13;BOLÍVAR;13490;NOROSÍ;13490006;OLIVARES;CP;-74.116678;8.603039;3221.49560546875
13;BOLÍVAR;13490;NOROSÍ;13490007;SANTA ELENA;CP;-74.027023;8.56803;3214.009521484375
13;BOLÍVAR;13490;NOROSÍ;13490008;VILLA ARIZA;CP;-74.013683;8.600134;3214.25927734375
13;BOLÍVAR;13549;PINILLOS;13549000;PINILLOS;CM;-74.462294;8.914952;3253.81396484375
13;BOLÍVAR;13549;PINILLOS;13549001;ARMENIA;CP;-74.390039;8.893582;3246.163818359375
13;BOLÍVAR;13549;PINILLOS;13549004;LA RUFINA;CP;-74.278635;8.691046;3239.337646484375
13;BOLÍVAR;13549;PINILLOS;13549005;LA UNION;CP;-74.316005;8.722757;3243.73046875
13;BOLÍVAR;13549;PINILLOS;13549007;LAS FLORES;CP;-74.462328;9.057098;3266.083251953125
13;BOLÍVAR;13549;PINILLOS;13549009;MANTEQUERA;CP;-74.470991;8.858422;3246.810302734375
13;BOLÍVAR;13549;PINILLOS;13549010;PALENQUITO;CP;-74.462302;8.999865;3262.703125
13;BOLÍVAR;13549;PINILLOS;13549011;PALOMINO;CP;-74.440932;8.937937;3255.11669921875
13;BOLÍVAR;13549;PINILLOS;13549012;PUERTO LÓPEZ;CP;-74.382647;8.78735;3242.0078125
13;BOLÍVAR;13549;PINILLOS;13549014;SANTA COA;CP;-74.522222;8.95943;3258.561279296875
13;BOLÍVAR;13549;PINILLOS;13549015;SANTA ROSA;CP;-74.362732;8.87995;3246.005126953125
13;BOLÍVAR;13549;PINILLOS;13549018;RUFINA NUEVA;CP;-74.268315;8.697331;3239.0185546875
13;BOLÍVAR;13549;PINILLOS;13549024;LA VICTORIA;CP;-74.412861;8.905832;3246.994384765625
13;BOLÍVAR;13549;PINILLOS;13549025;LOS LIMONES;CP;-74.459801;9.025833;3264.736328125
13;BOLÍVAR;13549;PINILLOS;13549032;TAPOA;CP;-74.310578;8.831709;3245.955078125
13;BOLÍVAR;13549;PINILLOS;13549034;LA UNION CABECERA;CP;-74.491312;8.936659;3254.8681640625
13;BOLÍVAR;13580;REGIDOR;13580000;REGIDOR;CM;-73.821638;8.666258;3207.755126953125
13;BOLÍVAR;13580;REGIDOR;13580001;PIÑAL;CP;-73.93454;8.660794;3212
13;BOLÍVAR;13580;REGIDOR;13580003;LOS CAIMANES;CP;-73.847722;8.768118;3217.433349609375
13;BOLÍVAR;13580;REGIDOR;13580004;SAN ANTONIO;CP;-73.801725;8.743025;3208.875732421875
13;BOLÍVAR;13580;REGIDOR;13580005;SAN CAYETANO;CP;-73.907382;8.654153;3212.596435546875
13;BOLÍVAR;13580;REGIDOR;13580006;SANTA LUCÍA;CP;-73.925144;8.670065;3212.95751953125
13;BOLÍVAR;13580;REGIDOR;13580007;SANTA TERESA;CP;-73.79521;8.786279;3210.349365234375
13;BOLÍVAR;13600;RÍO VIEJO;13600000;RÍO VIEJO;CM;-73.840466;8.58795;3206.968017578125
13;BOLÍVAR;13600;RÍO VIEJO;13600007;CAIMITAL;CP;-73.88788;8.618335;3211.0009765625
13;BOLÍVAR;13600;RÍO VIEJO;13600009;COBADILLO;CP;-73.920711;8.566714;3209.350830078125
13;BOLÍVAR;13600;RÍO VIEJO;13600010;HATILLO;CP;-73.937036;8.555806;3210.803955078125
13;BOLÍVAR;13600;RÍO VIEJO;13600011;MACEDONIA;CP;-73.926511;8.64821;3212.00048828125
13;BOLÍVAR;13600;RÍO VIEJO;13600014;SIERPETUERTA;CP;-73.927561;8.629532;3212
13;BOLÍVAR;13620;SAN CRISTÓBAL;13620000;SAN CRISTÓBAL;CM;-75.065076;10.392836;3322.990478515625
13;BOLÍVAR;13620;SAN CRISTÓBAL;13620001;HIGUERETAL;CP;-75.091982;10.366396;3321.732177734375
13;BOLÍVAR;13620;SAN CRISTÓBAL;13620002;LAS CRUCES;CP;-75.081577;10.369025;3321.67822265625
13;BOLÍVAR;13647;SAN ESTANISLAO;13647000;SAN ESTANISLAO DE KOSTKA;CM;-75.153101;10.398602;3322.354248046875
13;BOLÍVAR;13647;SAN ESTANISLAO;13647002;LAS PIEDRAS;CP;-75.192937;10.314756;3320.987060546875
13;BOLÍVAR;13650;SAN FERNANDO;13650000;SAN FERNANDO;CM;-74.323867;9.214179;3258.32470703125
13;BOLÍVAR;13650;SAN FERNANDO;13650001;GUASIMAL;CP;-74.335435;9.143322;3257.95751953125
13;BOLÍVAR;13650;SAN FERNANDO;13650002;MENCHIQUEJO;CP;-74.349876;9.224004;3265.513427734375
13;BOLÍVAR;13650;SAN FERNANDO;13650004;PUNTA DE HORNOS;CP;-74.295999;9.187376;3254
13;BOLÍVAR;13650;SAN FERNANDO;13650005;SANTA ROSA;CP;-74.313986;9.091374;3254.0791015625
13;BOLÍVAR;13650;SAN FERNANDO;13650006;EL PALMAR;CP;-74.355176;9.089872;3257.7060546875
13;BOLÍVAR;13650;SAN FERNANDO;13650008;EL PORVENIR;CP;-74.321629;9.131293;3255.8115234375
13;BOLÍVAR;13650;SAN FERNANDO;13650009;CUATRO BOCAS;CP;-74.348903;9.190927;3263.132080078125
13;BOLÍVAR;13650;SAN FERNANDO;13650010;EL CONTADERO;CP;-74.296414;9.045546;3252.781494140625
13;BOLÍVAR;13650;SAN FERNANDO;13650013;LA GUADUA;CP;-74.381447;9.026541;3254.277099609375
13;BOLÍVAR;13650;SAN FERNANDO;13650014;LAS CUEVAS;CP;-74.36772;9.120431;3261.624755859375
13;BOLÍVAR;13650;SAN FERNANDO;13650015;PAMPANILLO;CP;-74.336443;9.106382;3256.651611328125
13;BOLÍVAR;13654;SAN JACINTO;13654000;SAN JACINTO;CM;-75.12105;9.830275;3301.42578125
13;BOLÍVAR;13654;SAN JACINTO;13654001;ARENAS;CP;-75.207362;9.804817;3299.535888671875
13;BOLÍVAR;13654;SAN JACINTO;13654002;BAJO GRANDE;CP;-74.961683;9.8362;3308.36279296875
13;BOLÍVAR;13654;SAN JACINTO;13654003;LAS PALMAS;CP;-75.022136;9.85578;3311.839599609375
13;BOLÍVAR;13654;SAN JACINTO;13654005;SAN CRISTÓBAL;CP;-75.254413;9.88231;3303
13;BOLÍVAR;13654;SAN JACINTO;13654006;LAS CHARQUITAS;CP;-75.225346;9.794016;3299.095703125
13;BOLÍVAR;13654;SAN JACINTO;13654007;PARAÍSO;CP;-75.240164;9.864005;3303.00537109375
13;BOLÍVAR;13654;SAN JACINTO;13654008;LAS MERCEDES;CP;-75.210455;9.910896;3306.31298828125
13;BOLÍVAR;13655;SAN JACINTO DEL CAUCA;13655000;SAN JACINTO DEL CAUCA;CM;-74.721083;8.251599;3235.02490234375
13;BOLÍVAR;13655;SAN JACINTO DEL CAUCA;13655001;TENCHE;CP;-74.666172;8.258624;3229.27197265625
13;BOLÍVAR;13655;SAN JACINTO DEL CAUCA;13655003;CAIMITAL;CP;-74.5689;8.363316;3236.129638671875
13;BOLÍVAR;13655;SAN JACINTO DEL CAUCA;13655004;LA RAYA;CP;-74.557164;8.339127;3234.55322265625
13;BOLÍVAR;13655;SAN JACINTO DEL CAUCA;13655005;GALINDO;CP;-74.588446;8.291068;3233.739990234375
13;BOLÍVAR;13655;SAN JACINTO DEL CAUCA;13655006;MÉJICO;CP;-74.755174;8.198348;3236.713623046875
13;BOLÍVAR;13655;SAN JACINTO DEL CAUCA;13655007;ASTILLEROS;CP;-74.606237;8.291009;3234.0078125
13;BOLÍVAR;13657;SAN JUAN NEPOMUCENO;13657000;SAN JUAN NEPOMUCENO;CM;-75.081402;9.95338;3306.859375
13;BOLÍVAR;13657;SAN JUAN NEPOMUCENO;13657001;CORRALITO;CP;-74.976547;9.926836;3314.374755859375
13;BOLÍVAR;13657;SAN JUAN NEPOMUCENO;13657002;LA HAYA;CP;-75.186915;9.958137;3310.1630859375
13;BOLÍVAR;13657;SAN JUAN NEPOMUCENO;13657003;SAN JOSÉ DEL PEÑÓN (LAS PORQUERAS);CP;-75.011627;9.925715;3315.843505859375
13;BOLÍVAR;13657;SAN JUAN NEPOMUCENO;13657004;SAN AGUSTÍN;CP;-74.872357;9.941393;3310.005126953125
13;BOLÍVAR;13657;SAN JUAN NEPOMUCENO;13657005;SAN CAYETANO;CP;-75.140903;10.082815;3314.019287109375
13;BOLÍVAR;13657;SAN JUAN NEPOMUCENO;13657006;SAN PEDRO CONSOLADO;CP;-75.044158;10.007738;3312.962158203125
13;BOLÍVAR;13667;SAN MARTÍN DE LOBA;13667000;SAN MARTÍN DE LOBA;CM;-74.039064;8.937273;3239
13;BOLÍVAR;13667;SAN MARTÍN DE LOBA;13667002;CHIMI;CP;-74.023721;8.938237;3239
13;BOLÍVAR;13667;SAN MARTÍN DE LOBA;13667009;PAPAYAL;CP;-73.94776;8.709841;3213.9267578125
13;BOLÍVAR;13667;SAN MARTÍN DE LOBA;13667010;LAS PLAYITAS;CP;-73.966729;8.822763;3225.24365234375
13;BOLÍVAR;13667;SAN MARTÍN DE LOBA;13667014;PUEBLO NUEVO CERRO DE JULIO;CP;-73.992161;8.86167;3231.751708984375
13;BOLÍVAR;13667;SAN MARTÍN DE LOBA;13667015;EL JOBO;CP;-74.014343;8.766425;3227.96533203125
13;BOLÍVAR;13667;SAN MARTÍN DE LOBA;13667016;EL VARAL;CP;-73.952815;8.847563;3224.5908203125
13;BOLÍVAR;13667;SAN MARTÍN DE LOBA;13667017;LOS PUEBLOS;CP;-74.039951;8.80865;3232.61328125
13;BOLÍVAR;13670;SAN PABLO;13670000;SAN PABLO;CM;-73.924602;7.476747;3148.1162109375
13;BOLÍVAR;13670;SAN PABLO;13670002;CANALETAL;CP;-73.873723;7.549092;3153.7255859375
13;BOLÍVAR;13670;SAN PABLO;13670003;SANTO DOMINGO;CP;-73.937284;7.665444;3162.359375
13;BOLÍVAR;13670;SAN PABLO;13670004;EL CARMEN;CP;-73.863388;7.679543;3157.734619140625
13;BOLÍVAR;13670;SAN PABLO;13670005;EL SOCORRO;CP;-73.911957;7.570185;3154.287109375
13;BOLÍVAR;13670;SAN PABLO;13670007;POZO AZUL;CP;-74.020984;7.678144;3162.5712890625
13;BOLÍVAR;13670;SAN PABLO;13670009;CAÑABRAVAL;CP;-74.0161;7.60295;3158.026123046875
13;BOLÍVAR;13670;SAN PABLO;13670010;AGUA SUCIA;CP;-74.072996;7.561307;3156
13;BOLÍVAR;13670;SAN PABLO;13670011;CERRO AZUL;CP;-74.074868;7.398919;3154.63330078125
13;BOLÍVAR;13670;SAN PABLO;13670012;VALLECITO;CP;-74.131113;7.596465;3163
13;BOLÍVAR;13670;SAN PABLO;13670013;VILLA NUEVA;CP;-74.071675;7.483062;3155
13;BOLÍVAR;13670;SAN PABLO;13670014;LA VIRGENCITA;CP;-74.124915;7.642568;3164.599853515625
13;BOLÍVAR;13670;SAN PABLO;13670017;EL ROSARIO;CP;-73.876201;7.626229;3156.009033203125
13;BOLÍVAR;13670;SAN PABLO;13670018;LA FRÍA;CP;-74.122842;7.539178;3163.11181640625
13;BOLÍVAR;13670;SAN PABLO;13670019;LA UNIÓN;CP;-74.130567;7.553928;3163
13;BOLÍVAR;13670;SAN PABLO;13670020;LOS CAGUISES;CP;-73.936597;7.516038;3151.042724609375
13;BOLÍVAR;13670;SAN PABLO;13670022;LA YE;CP;-74.010323;7.585076;3156.375
13;BOLÍVAR;13673;SANTA CATALINA;13673000;SANTA CATALINA;CM;-75.287786;10.605178;3326.109619140625
13;BOLÍVAR;13673;SANTA CATALINA;13673003;GALERAZAMBA;CP;-75.260715;10.790119;3328.795166015625
13;BOLÍVAR;13673;SANTA CATALINA;13673005;LOMA DE ARENA;CP;-75.264171;10.734142;3328.072998046875
13;BOLÍVAR;13673;SANTA CATALINA;13673006;PUEBLO NUEVO;CP;-75.262726;10.742642;3328.227294921875
13;BOLÍVAR;13673;SANTA CATALINA;13673007;COLORADO;CP;-75.2667;10.666167;3328.105712890625
13;BOLÍVAR;13673;SANTA CATALINA;13673009;EL HOBO;CP;-75.280746;10.650122;3327.107177734375
13;BOLÍVAR;13683;SANTA ROSA;13683000;SANTA ROSA DE LIMA;CM;-75.369824;10.444396;3318.310546875
13;BOLÍVAR;13688;SANTA ROSA DEL SUR;13688000;SANTA ROSA DEL SUR;CM;-74.052943;7.963626;3184.966796875
13;BOLÍVAR;13688;SANTA ROSA DEL SUR;13688002;BUENAVISTA;CP;-74.18716;7.795459;3190.7197265625
13;BOLÍVAR;13688;SANTA ROSA DEL SUR;13688005;FÁTIMA;CP;-74.171305;7.983955;3197
13;BOLÍVAR;13688;SANTA ROSA DEL SUR;13688007;CANELOS;CP;-74.239202;7.88158;3196.88134765625
13;BOLÍVAR;13688;SANTA ROSA DEL SUR;13688009;SAN JOSÉ;CP;-74.134541;8.012948;3196.4189453125
13;BOLÍVAR;13688;SANTA ROSA DEL SUR;13688011;SAN LUCAS;CP;-74.151843;8.061063;3193.36474609375
13;BOLÍVAR;13688;SANTA ROSA DEL SUR;13688013;VILLA FLOR;CP;-74.228607;7.940015;3195.38232421875
13;BOLÍVAR;13688;SANTA ROSA DEL SUR;13688015;SAN FRANCISCO;CP;-74.079188;8.038206;3193.214599609375
13;BOLÍVAR;13688;SANTA ROSA DEL SUR;13688016;SAN ISIDRO;CP;-74.077072;8.114272;3197.953857421875
13;BOLÍVAR;13688;SANTA ROSA DEL SUR;13688020;SAN BENITO;CP;-74.084311;7.94408;3189.60498046875
13;BOLÍVAR;13688;SANTA ROSA DEL SUR;13688021;SANTA LUCIA;CP;-74.077682;7.843484;3178.4736328125
13;BOLÍVAR;13744;SIMITÍ;13744000;SIMITÍ;CM;-73.946715;7.9546;3172.000732421875
13;BOLÍVAR;13744;SIMITÍ;13744001;CAMPO PALLARES;CP;-73.871482;8.038402;3171.306396484375
13;BOLÍVAR;13744;SIMITÍ;13744006;VERACRUZ;CP;-73.900055;7.976876;3169.972900390625
13;BOLÍVAR;13744;SIMITÍ;13744007;SAN BLAS;CP;-74.014722;7.845001;3165.97802734375
13;BOLÍVAR;13744;SIMITÍ;13744008;SAN LUIS;CP;-73.900516;7.83253;3167.843017578125
13;BOLÍVAR;13744;SIMITÍ;13744010;LAS BRISAS;CP;-74.031808;8.108279;3191.8388671875
13;BOLÍVAR;13744;SIMITÍ;13744011;MONTERREY;CP;-74.007746;7.740074;3165.993896484375
13;BOLÍVAR;13744;SIMITÍ;13744013;ANIMAS ALTAS;CP;-73.95506;7.731476;3167.006591796875
13;BOLÍVAR;13744;SIMITÍ;13744014;ANIMAS BAJAS;CP;-73.925131;7.76409;3168.75732421875
13;BOLÍVAR;13744;SIMITÍ;13744015;DIAMANTE;CP;-74.153289;7.574318;3160.486572265625
13;BOLÍVAR;13744;SIMITÍ;13744016;GARZAL;CP;-73.854543;7.904455;3168.38623046875
13;BOLÍVAR;13744;SIMITÍ;13744017;PARAÍSO;CP;-74.16154;7.665708;3163.37451171875
13;BOLÍVAR;13744;SIMITÍ;13744019;SAN JOAQUÍN;CP;-74.106252;7.79617;3175.921875
13;BOLÍVAR;13744;SIMITÍ;13744021;LAS ACEITUNAS;CP;-73.930795;7.870694;3176
13;BOLÍVAR;13744;SIMITÍ;13744022;EL PIÑAL;CP;-73.889401;7.794951;3164.883544921875
13;BOLÍVAR;13744;SIMITÍ;13744023;LAS PALMERAS;CP;-73.956146;7.754598;3168.2919921875
13;BOLÍVAR;13744;SIMITÍ;13744024;PATA PELA;CP;-73.955914;7.741489;3167.30810546875
13;BOLÍVAR;13744;SIMITÍ;13744025;SABANA DE SAN LUIS;CP;-73.933698;7.81264;3175.371337890625
13;BOLÍVAR;13760;SOPLAVIENTO;13760000;SOPLAVIENTO;CM;-75.136404;10.38839;3322.976318359375
13;BOLÍVAR;13780;TALAIGUA NUEVO;13780000;TALAIGUA NUEVO;CM;-74.567628;9.304889;3276.048828125
13;BOLÍVAR;13780;TALAIGUA NUEVO;13780005;CAÑOHONDO;CP;-74.601565;9.265873;3274.658447265625
13;BOLÍVAR;13780;TALAIGUA NUEVO;13780009;PORVENIR;CP;-74.659479;9.384017;3285.925048828125
13;BOLÍVAR;13780;TALAIGUA NUEVO;13780011;VESUBIO;CP;-74.542993;9.264022;3273.98681640625
13;BOLÍVAR;13780;TALAIGUA NUEVO;13780017;PATICO;CP;-74.634626;9.366866;3285.072998046875
13;BOLÍVAR;13780;TALAIGUA NUEVO;13780023;TALAIGUA VIEJO;CP;-74.587943;9.31215;3277.718017578125
13;BOLÍVAR;13780;TALAIGUA NUEVO;13780024;LADERA DE SAN MARTÍN;CP;-74.590627;9.321626;3278.6279296875
13;BOLÍVAR;13780;TALAIGUA NUEVO;13780025;PEÑÓN DE DURÁN;CP;-74.61773;9.350817;3282.7607421875
13;BOLÍVAR;13780;TALAIGUA NUEVO;13780026;LOS MANGOS;CP;-74.556217;9.279047;3274.27734375
13;BOLÍVAR;13780;TALAIGUA NUEVO;13780027;TUPE;CP;-74.603441;9.283495;3276.051025390625
13;BOLÍVAR;13810;TIQUISIO;13810000;PUERTO RICO;CM;-74.26338;8.557966;3231.815673828125
13;BOLÍVAR;13810;TIQUISIO;13810002;BOCAS DE SOLIS;CP;-74.345289;8.562066;3232.628662109375
13;BOLÍVAR;13810;TIQUISIO;13810003;COLORADO;CP;-74.28349;8.59903;3234.7587890625
13;BOLÍVAR;13810;TIQUISIO;13810004;DOS BOCAS;CP;-74.338781;8.357305;3210
13;BOLÍVAR;13810;TIQUISIO;13810005;EL SUDÁN;CP;-74.216704;8.641154;3235
13;BOLÍVAR;13810;TIQUISIO;13810006;LA VENTURA;CP;-74.360449;8.398454;3217.048828125
13;BOLÍVAR;13810;TIQUISIO;13810008;PUERTO COCA;CP;-74.321996;8.491372;3222.75
13;BOLÍVAR;13810;TIQUISIO;13810009;QUEBRADA DEL MEDIO;CP;-74.38826;8.405119;3223.796875
13;BOLÍVAR;13810;TIQUISIO;13810010;SABANAS DEL FIRME;CP;-74.291336;8.52151;3229.02490234375
13;BOLÍVAR;13810;TIQUISIO;13810011;TIQUISIO NUEVO;CP;-74.335736;8.506239;3225.3291015625
13;BOLÍVAR;13810;TIQUISIO;13810012;PUERTO GAITAN;CP;-74.241972;8.62481;3234
13;BOLÍVAR;13836;TURBACO;13836000;TURBACO;CM;-75.424387;10.33276;3306.93212890625
13;BOLÍVAR;13836;TURBACO;13836001;CAÑAVERAL;CP;-75.332457;10.384449;3314.49365234375
13;BOLÍVAR;13836;TURBACO;13836002;SAN JOSÉ DE CHIQUITO;CP;-75.29954;10.350068;3311.117919921875
13;BOLÍVAR;13836;TURBACO;13836006;PUEBLO NUEVO;CP;-75.393214;10.335488;3315.13134765625
13;BOLÍVAR;13836;TURBACO;13836007;URBANIZACION VILLA DE CALATRAVA;CP;-75.452559;10.357634;3307.933349609375
13;BOLÍVAR;13836;TURBACO;13836008;URBANIZACION CAMPESTRE;CP;-75.456807;10.349907;3307.321533203125
13;BOLÍVAR;13836;TURBACO;13836009;URBANIZACION CATALINA;CP;-75.442988;10.353933;3307.172119140625
13;BOLÍVAR;13836;TURBACO;13836010;URBANIZACION ZAPOTE;CP;-75.438316;10.347864;3306.97314453125
13;BOLÍVAR;13836;TURBACO;13836011;CONDOMINIO HACIENDA;CP;-75.380583;10.295458;3315.401611328125
13;BOLÍVAR;13836;TURBACO;13836012;LA PEPITA;CP;-75.416290;10.382693;3310.044189453125
13;BOLÍVAR;13836;TURBACO;13836013;CONJUNTO LA VICTORIA;CP;-75.412976;10.351992;3309.403564453125
13;BOLÍVAR;13836;TURBACO;13836014;CASAS MARSELLA;CP;-75.406507;10.352952;3311.025634765625
13;BOLÍVAR;13836;TURBACO;13836015;ARROYO GRANDE;CP;-75.384380;10.340705;3317.35498046875
13;BOLÍVAR;13836;TURBACO;13836016;OASIS DE CAMPAÑA;CP;-75.389405;10.360994;3316.264892578125
13;BOLÍVAR;13836;TURBACO;13836017;URBANIZACIÓN LOS NARANJOS;CP;-75.385385;10.357889;3317.5419921875
13;BOLÍVAR;13836;TURBACO;13836018;PRAGA;CP;-75.362650;10.361409;3318.9951171875
13;BOLÍVAR;13836;TURBACO;13836019;CONDOMINIO EL ROBLE;CP;-75.375317;10.332563;3317.999755859375
13;BOLÍVAR;13836;TURBACO;13836020;BRISAS DEL ORIENTE;CP;-75.400419;10.298923;3311.581298828125
13;BOLÍVAR;13836;TURBACO;13836021;VILLA DEL PALMAR;CP;-75.383548;10.306223;3316.00927734375
13;BOLÍVAR;13838;TURBANÁ;13838000;TURBANÁ;CM;-75.44265;10.274585;3301.16455078125
13;BOLÍVAR;13838;TURBANÁ;13838001;BALLESTAS;CP;-75.438954;10.216444;3298.5458984375
13;BOLÍVAR;13838;TURBANÁ;13838002;LOMAS DE MATUNILLA;CP;-75.485576;10.161101;3288.0263671875
13;BOLÍVAR;13873;VILLANUEVA;13873000;VILLANUEVA;CM;-75.271108;10.445091;3319.31298828125
13;BOLÍVAR;13873;VILLANUEVA;13873001;ZIPACOA;CP;-75.291621;10.399102;3315.4521484375
13;BOLÍVAR;13873;VILLANUEVA;13873002;ALGARROBO;CP;-75.268951;10.515242;3323.617919921875
13;BOLÍVAR;13894;ZAMBRANO;13894000;ZAMBRANO;CM;-74.813714;9.746985;3302.241943359375
13;BOLÍVAR;13894;ZAMBRANO;13894002;CAPACA;CP;-74.940768;9.729706;3304.63818359375
15;BOYACÁ;15001;TUNJA;15001000;TUNJA;CM;-73.355543;5.539898;2968.8955078125
15;BOYACÁ;15022;ALMEIDA;15022000;ALMEIDA;CM;-73.378933;4.970857;2902.26708984375
15;BOYACÁ;15047;AQUITANIA;15047000;AQUITANIA;CM;-72.88399;5.518602;2985.088134765625
15;BOYACÁ;15047;AQUITANIA;15047004;SAN JUAN DE MOMBITA;CP;-72.98847;5.288801;2959.7802734375
15;BOYACÁ;15047;AQUITANIA;15047007;TOQUILLA;CP;-72.783323;5.517465;2998.5029296875
15;BOYACÁ;15047;AQUITANIA;15047010;DAITÓ;CP;-72.913672;5.499776;2978.42578125
15;BOYACÁ;15047;AQUITANIA;15047012;PRIMAVERA;CP;-72.952244;5.305244;2964.006591796875
15;BOYACÁ;15047;AQUITANIA;15047014;PÉREZ;CP;-72.890301;5.511755;2982.749755859375
15;BOYACÁ;15051;ARCABUCO;15051000;ARCABUCO;CM;-73.438111;5.755381;2994.347412109375
15;BOYACÁ;15087;BELÉN;15087000;BELÉN;CM;-72.911641;5.98923;3038.807861328125
15;BOYACÁ;15090;BERBEO;15090000;BERBEO;CM;-73.12721;5.227451;2946.9111328125
15;BOYACÁ;15092;BETÉITIVA;15092000;BETÉITIVA;CM;-72.809014;5.909978;3041.1640625
15;BOYACÁ;15092;BETÉITIVA;15092001;OTENGA;CP;-72.866291;5.908623;3042.216064453125
15;BOYACÁ;15097;BOAVITA;15097000;BOAVITA;CM;-72.584905;6.330703;3066.939697265625
15;BOYACÁ;15104;BOYACÁ;15104000;BOYACÁ;CM;-73.361945;5.454578;2958.498291015625
15;BOYACÁ;15106;BRICEÑO;15106000;BRICEÑO;CM;-73.92326;5.690879;3028.0185546875
15;BOYACÁ;15109;BUENAVISTA;15109000;BUENAVISTA;CM;-73.94217;5.512594;3022.0771484375
15;BOYACÁ;15114;BUSBANZÁ;15114000;BUSBANZÁ;CM;-72.884158;5.831393;3032.76806640625
15;BOYACÁ;15131;CALDAS;15131000;CALDAS;CM;-73.865553;5.55458;3005.77587890625
15;BOYACÁ;15131;CALDAS;15131001;NARIÑO;CP;-73.862379;5.597068;3015.840087890625
15;BOYACÁ;15135;CAMPOHERMOSO;15135000;CAMPOHERMOSO;CM;-73.104173;5.031676;2924.1328125
15;BOYACÁ;15135;CAMPOHERMOSO;15135002;VISTAHERMOSA;CP;-73.049948;5.0035;2928.177490234375
15;BOYACÁ;15135;CAMPOHERMOSO;15135003;LOS CEDROS;CP;-73.203582;5.012346;2927.3486328125
15;BOYACÁ;15162;CERINZA;15162000;CERINZA;CM;-72.947918;5.955939;3033.49560546875
15;BOYACÁ;15172;CHINAVITA;15172000;CHINAVITA;CM;-73.368476;5.167486;2925.6279296875
15;BOYACÁ;15176;CHIQUINQUIRÁ;15176000;CHIQUINQUIRÁ;CM;-73.818745;5.61379;3010.186767578125
15;BOYACÁ;15180;CHISCAS;15180000;CHISCAS;CM;-72.501162;6.553845;3012.81494140625
15;BOYACÁ;15180;CHISCAS;15180005;MERCEDES;CP;-72.471564;6.573886;2991.871826171875
15;BOYACÁ;15183;CHITA;15183000;CHITA;CM;-72.471892;6.187083;2972.160888671875
15;BOYACÁ;15183;CHITA;15183002;EL MORAL;CP;-72.519092;6.114949;3018.68603515625
15;BOYACÁ;15185;CHITARAQUE;15185000;CHITARAQUE;CM;-73.4471;6.027425;3028.249755859375
15;BOYACÁ;15187;CHIVATÁ;15187000;CHIVATÁ;CM;-73.282529;5.558949;2960.82373046875
15;BOYACÁ;15189;CIÉNEGA;15189000;CIÉNEGA;CM;-73.296049;5.408694;2960.053955078125
15;BOYACÁ;15204;CÓMBITA;15204000;CÓMBITA;CM;-73.323957;5.634545;2966.31640625
15;BOYACÁ;15204;CÓMBITA;15204001;EL BARNE;CP;-73.26892;5.674413;2964.12353515625
15;BOYACÁ;15204;CÓMBITA;15204006;SAN ONOFRE;CP;-73.333729;5.582479;2966.801025390625
15;BOYACÁ;15212;COPER;15212000;COPER;CM;-74.045636;5.475074;3015.73486328125
15;BOYACÁ;15215;CORRALES;15215000;CORRALES;CM;-72.844795;5.828064;3032.70458984375
15;BOYACÁ;15218;COVARACHÍA;15218000;COVARACHÍA;CM;-72.738978;6.500177;3077.920654296875
15;BOYACÁ;15223;CUBARÁ;15223000;CUBARÁ;CM;-72.110688;7.000093;2638.325439453125
15;BOYACÁ;15223;CUBARÁ;15223005;EL GUAMO;CP;-72.022095;7.009701;2138.345703125
15;BOYACÁ;15223;CUBARÁ;15223011;GIBRALTAR;CP;-72.120856;7.011839;2634.145263671875
15;BOYACÁ;15223;CUBARÁ;15223012;PUENTE DE BOJABÁ;CP;-71.980892;6.969216;2063.786865234375
15;BOYACÁ;15224;CUCAITA;15224000;CUCAITA;CM;-73.454338;5.544452;2978.999755859375
15;BOYACÁ;15226;CUÍTIVA;15226000;CUÍTIVA;CM;-72.965923;5.580367;3005.18798828125
15;BOYACÁ;15226;CUÍTIVA;15226001;LLANO DE ALARCÓN;CP;-72.912059;5.600259;3000.94287109375
15;BOYACÁ;15232;CHÍQUIZA;15232000;SAN PEDRO DE IGUAQUE;CM;-73.449463;5.639834;2981.1328125
15;BOYACÁ;15232;CHÍQUIZA;15232001;CHÍQUIZA;CP;-73.485235;5.605259;2980.921142578125
15;BOYACÁ;15236;CHIVOR;15236000;CHIVOR;CM;-73.366894;4.887782;2893.01220703125
15;BOYACÁ;15238;DUITAMA;15238000;DUITAMA;CM;-73.03063;5.822964;3013.62255859375
15;BOYACÁ;15238;DUITAMA;15238008;SAN LORENZO ABAJO;CP;-73.073439;5.787485;2999.135986328125
15;BOYACÁ;15238;DUITAMA;15238009;SAN ANTONIO NORTE;CP;-73.022019;5.84092;3015.08837890625
15;BOYACÁ;15238;DUITAMA;15238011;LA TRINIDAD;CP;-73.078053;5.823967;3001.916015625
15;BOYACÁ;15238;DUITAMA;15238012;CIUDADELA INDUSTRIAL;CP;-73.065221;5.791572;3001.986328125
15;BOYACÁ;15238;DUITAMA;15238013;SANTA CLARA;CP;-73.062258;5.784969;3002.27197265625
15;BOYACÁ;15238;DUITAMA;15238014;TOCOGUA;CP;-73.012975;5.818106;3012.4990234375
15;BOYACÁ;15238;DUITAMA;15238015;PUEBLITO BOYACENSE;CP;-73.018339;5.825565;3013.9248046875
15;BOYACÁ;15244;EL COCUY;15244000;EL COCUY;CM;-72.444537;6.407738;2948.187744140625
15;BOYACÁ;15248;EL ESPINO;15248000;EL ESPINO;CM;-72.497007;6.483027;3010.455810546875
15;BOYACÁ;15272;FIRAVITOBA;15272000;FIRAVITOBA;CM;-72.993392;5.668885;2995.91015625
15;BOYACÁ;15276;FLORESTA;15276000;FLORESTA;CM;-72.918111;5.859519;3025.104248046875
15;BOYACÁ;15276;FLORESTA;15276001;TOBASÍA;CP;-72.944548;5.857308;3020.83984375
15;BOYACÁ;15293;GACHANTIVÁ;15293000;GACHANTIVÁ;CM;-73.549092;5.751891;3005.474853515625
15;BOYACÁ;15296;GÁMEZA;15296000;GÁMEZA;CM;-72.80553;5.802333;3033.14453125
15;BOYACÁ;15299;GARAGOA;15299000;GARAGOA;CM;-73.364413;5.083234;2913.926513671875
15;BOYACÁ;15317;GUACAMAYAS;15317000;GUACAMAYAS;CM;-72.500812;6.459667;3011.492919921875
15;BOYACÁ;15322;GUATEQUE;15322000;GUATEQUE;CM;-73.471207;5.007321;2920.565673828125
15;BOYACÁ;15325;GUAYATÁ;15325000;GUAYATÁ;CM;-73.489698;4.967122;2919.27783203125
15;BOYACÁ;15332;GÜICÁN DE LA SIERRA;15332000;GÜICÁN DE LA SIERRA;CM;-72.411763;6.462864;2935.53857421875
15;BOYACÁ;15362;IZA;15362000;IZA;CM;-72.980176;5.611696;2997.923828125
15;BOYACÁ;15367;JENESANO;15367000;JENESANO;CM;-73.363738;5.385813;2960.249267578125
15;BOYACÁ;15368;JERICÓ;15368000;JERICÓ;CM;-72.57073;6.145902;3050.02685546875
15;BOYACÁ;15368;JERICÓ;15368001;CHEVA;CP;-72.546295;6.154393;3038.323974609375
15;BOYACÁ;15377;LABRANZAGRANDE;15377000;LABRANZAGRANDE;CM;-72.57777;5.562687;3013.6796875
15;BOYACÁ;15380;LA CAPILLA;15380000;LA CAPILLA;CM;-73.444347;5.095687;2927.74853515625
15;BOYACÁ;15401;LA VICTORIA;15401000;LA VICTORIA;CM;-74.234393;5.523792;3044.6689453125
15;BOYACÁ;15403;LA UVITA;15403000;LA UVITA;CM;-72.559982;6.31616;3051.02734375
15;BOYACÁ;15403;LA UVITA;15403001;CUSAGÜI;CP;-72.545677;6.245392;3042.83203125
15;BOYACÁ;15407;VILLA DE LEYVA;15407000;VILLA DE LEYVA;CM;-73.524948;5.632455;2985.736328125
15;BOYACÁ;15407;VILLA DE LEYVA;15407003;EL ROBLE;CP;-73.509848;5.665671;2988.685302734375
15;BOYACÁ;15425;MACANAL;15425000;MACANAL;CM;-73.319593;4.972464;2905.25537109375
15;BOYACÁ;15425;MACANAL;15425004;SAN PEDRO DE MUCEÑO;CP;-73.242069;5.008866;2924.1220703125
15;BOYACÁ;15442;MARIPÍ;15442000;MARIPÍ;CM;-74.00405;5.550091;3038.05908203125
15;BOYACÁ;15442;MARIPÍ;15442001;SANTA ROSA;CP;-74.053504;5.58747;3037.249755859375
15;BOYACÁ;15442;MARIPÍ;15442002;ZULIA;CP;-74.044406;5.614902;3039.22509765625
15;BOYACÁ;15442;MARIPÍ;15442008;GUARUMAL;CP;-74.068723;5.610563;3039.970458984375
15;BOYACÁ;15455;MIRAFLORES;15455000;MIRAFLORES;CM;-73.14563;5.196515;2947.35400390625
15;BOYACÁ;15464;MONGUA;15464000;MONGUA;CM;-72.79809;5.754242;3030.482421875
15;BOYACÁ;15466;MONGUÍ;15466000;MONGUÍ;CM;-72.849292;5.723486;3020.48681640625
15;BOYACÁ;15469;MONIQUIRÁ;15469000;MONIQUIRÁ;CM;-73.573374;5.876331;3021.16650390625
15;BOYACÁ;15469;MONIQUIRÁ;15469007;LOS CAYENOS;CP;-73.603889;5.918737;3025.739013671875
15;BOYACÁ;15476;MOTAVITA;15476000;MOTAVITA;CM;-73.367841;5.5777;2974.156005859375
15;BOYACÁ;15480;MUZO;15480000;MUZO;CM;-74.10269;5.532758;3029.328125
15;BOYACÁ;15491;NOBSA;15491000;NOBSA;CM;-72.939853;5.771043;3015.04736328125
15;BOYACÁ;15491;NOBSA;15491001;BELENCITO;CP;-72.887141;5.773338;3026.296630859375
15;BOYACÁ;15491;NOBSA;15491002;CHAMEZA MAYOR;CP;-72.908717;5.764168;3021.8408203125
15;BOYACÁ;15491;NOBSA;15491003;DICHO;CP;-72.971088;5.784693;3010.293212890625
15;BOYACÁ;15491;NOBSA;15491004;PUNTA LARGA;CP;-72.981571;5.782471;3008.546875
15;BOYACÁ;15491;NOBSA;15491005;UCUENGA;CP;-72.9737;5.773774;3008.948974609375
15;BOYACÁ;15491;NOBSA;15491006;CALERAS;CP;-72.943997;5.750982;3015.322265625
15;BOYACÁ;15491;NOBSA;15491007;NAZARETH;CP;-72.895818;5.767536;3024.47509765625
15;BOYACÁ;15491;NOBSA;15491009;CHÁMEZA MENOR;CP;-72.915118;5.765109;3020.205810546875
15;BOYACÁ;15491;NOBSA;15491010;GUAQUIRA;CP;-72.944658;5.768545;3014.78173828125
15;BOYACÁ;15491;NOBSA;15491012;SANTANA;CP;-72.945545;5.778665;3014.567138671875
15;BOYACÁ;15494;NUEVO COLÓN;15494000;NUEVO COLÓN;CM;-73.456759;5.355317;2957.003173828125
15;BOYACÁ;15500;OICATÁ;15500000;OICATÁ;CM;-73.308399;5.595235;2958.9013671875
15;BOYACÁ;15507;OTANCHE;15507000;OTANCHE;CM;-74.180965;5.657536;3040.8486328125
15;BOYACÁ;15507;OTANCHE;15507001;BETANIA;CP;-74.214303;5.805554;3075.64892578125
15;BOYACÁ;15507;OTANCHE;15507002;BUENAVISTA;CP;-74.279181;5.645451;3059.02685546875
15;BOYACÁ;15507;OTANCHE;15507004;PIZARRA;CP;-74.205594;5.728342;3057.8447265625
15;BOYACÁ;15507;OTANCHE;15507009;SAN JOSÉ DE NAZARETH;CP;-74.117835;5.810099;3046.87060546875
15;BOYACÁ;15507;OTANCHE;15507010;BUENOS AIRES;CP;-74.221868;5.739371;3073.42333984375
15;BOYACÁ;15511;PACHAVITA;15511000;PACHAVITA;CM;-73.396953;5.140065;2928.205078125
15;BOYACÁ;15514;PÁEZ;15514000;PÁEZ;CM;-73.054496;5.094621;2942.0048828125
15;BOYACÁ;15514;PÁEZ;15514001;LA URURIA;CP;-73.004819;5.039997;2930.377685546875
15;BOYACÁ;15514;PÁEZ;15514002;SIRASÍ;CP;-72.972714;5.163253;2955.774658203125
15;BOYACÁ;15516;PAIPA;15516000;PAIPA;CM;-73.117918;5.779949;2997.951171875
15;BOYACÁ;15516;PAIPA;15516001;PALERMO;CP;-73.19258;5.897809;2999.965576171875
15;BOYACÁ;15516;PAIPA;15516005;PANTANO DE VARGAS;CP;-73.068799;5.743019;2995.31982421875
15;BOYACÁ;15518;PAJARITO;15518000;PAJARITO;CM;-72.703231;5.293783;2979.20361328125
15;BOYACÁ;15518;PAJARITO;15518001;CORINTO;CP;-72.718473;5.407065;2993.099853515625
15;BOYACÁ;15518;PAJARITO;15518002;CURISÍ;CP;-72.69161;5.37647;2999.54833984375
15;BOYACÁ;15522;PANQUEBA;15522000;PANQUEBA;CM;-72.459424;6.443416;2958.800537109375
15;BOYACÁ;15531;PAUNA;15531000;PAUNA;CM;-73.978449;5.656323;3031.9814453125
15;BOYACÁ;15533;PAYA;15533000;PAYA;CM;-72.423775;5.625699;2963.572998046875
15;BOYACÁ;15533;PAYA;15533001;MORCOTE;CP;-72.302358;5.630607;2919.950439453125
15;BOYACÁ;15537;PAZ DE RÍO;15537000;PAZ DE RÍO;CM;-72.749137;5.987645;3061.257080078125
15;BOYACÁ;15537;PAZ DE RÍO;15537001;PAZ VIEJA;CP;-72.743876;6.023636;3066.459716796875
15;BOYACÁ;15542;PESCA;15542000;PESCA;CM;-73.050872;5.558808;2977.4580078125
15;BOYACÁ;15550;PISBA;15550000;PISBA;CM;-72.486023;5.72141;2985.984375
15;BOYACÁ;15572;PUERTO BOYACÁ;15572000;PUERTO BOYACÁ;CM;-74.587999;5.977935;3087.89404296875
15;BOYACÁ;15572;PUERTO BOYACÁ;15572001;GUANEGRO;CP;-74.470515;5.77854;3055.83740234375
15;BOYACÁ;15572;PUERTO BOYACÁ;15572005;PUERTO GUTIÉRREZ;CP;-74.648342;5.758155;3074.600830078125
15;BOYACÁ;15572;PUERTO BOYACÁ;15572006;CRUCE PALAGUA;CP;-74.504734;6.084694;3089.96923828125
15;BOYACÁ;15572;PUERTO BOYACÁ;15572007;PUERTO SERVIEZ;CP;-74.564537;6.221984;3105.8974609375
15;BOYACÁ;15572;PUERTO BOYACÁ;15572008;EL PESCADO;CP;-74.47218;5.834751;3061.768310546875
15;BOYACÁ;15572;PUERTO BOYACÁ;15572009;KILÓMETRO DOS Y MEDIO;CP;-74.569216;5.932496;3079.2001953125
15;BOYACÁ;15572;PUERTO BOYACÁ;15572010;KILÓMETRO 25;CP;-74.607786;5.775277;3064.955810546875
15;BOYACÁ;15572;PUERTO BOYACÁ;15572011;EL MARFIL;CP;-74.347415;5.906916;3087.643798828125
15;BOYACÁ;15572;PUERTO BOYACÁ;15572012;PUERTO PINZÓN;CP;-74.268103;6.06736;3081.88623046875
15;BOYACÁ;15572;PUERTO BOYACÁ;15572013;PUERTO ROMERO;CP;-74.33999;5.836379;3072.9765625
15;BOYACÁ;15572;PUERTO BOYACÁ;15572017;CRUCE EL CHAPARRO;CP;-74.483162;6.091519;3087.677734375
15;BOYACÁ;15572;PUERTO BOYACÁ;15572018;EL ERMITAÑO;CP;-74.480206;6.155619;3090.513427734375
15;BOYACÁ;15572;PUERTO BOYACÁ;15572019;EL OKAL;CP;-74.367128;5.901083;3086.0771484375
15;BOYACÁ;15572;PUERTO BOYACÁ;15572020;EL TRIQUE;CP;-74.567272;5.877998;3074.9521484375
15;BOYACÁ;15572;PUERTO BOYACÁ;15572021;KILÓMETRO 11;CP;-74.50043;5.939775;3084.885986328125
15;BOYACÁ;15572;PUERTO BOYACÁ;15572023;MUELLE VELÁSQUEZ;CP;-74.501182;6.055052;3088.467041015625
15;BOYACÁ;15572;PUERTO BOYACÁ;15572024;PUERTO NIÑO;CP;-74.589061;5.938052;3083.880126953125
15;BOYACÁ;15572;PUERTO BOYACÁ;15572026;KILÓMETRO UNO Y MEDIO;CP;-74.583612;5.937297;3082.57373046875
15;BOYACÁ;15572;PUERTO BOYACÁ;15572027;LA CEIBA;CP;-74.452062;5.924204;3070.921875
15;BOYACÁ;15572;PUERTO BOYACÁ;15572028;PALAGUA SEGUNDO SECTOR;CP;-74.296899;5.789065;3067.38232421875
15;BOYACÁ;15580;QUÍPAMA;15580000;QUÍPAMA;CM;-74.177729;5.51837;3025.9619140625
15;BOYACÁ;15580;QUÍPAMA;15580001;CORMAL;CP;-74.225926;5.588929;3042.728759765625
15;BOYACÁ;15580;QUÍPAMA;15580002;EL PARQUE;CP;-74.188741;5.48105;3018.18994140625
15;BOYACÁ;15580;QUÍPAMA;15580003;HUMBO;CP;-74.275435;5.597655;3052.6884765625
15;BOYACÁ;15580;QUÍPAMA;15580005;EL MANGO (LA YE);CP;-74.131696;5.527817;3030.71923828125
15;BOYACÁ;15599;RAMIRIQUÍ;15599000;RAMIRIQUÍ;CM;-73.334839;5.400303;2963.328125
15;BOYACÁ;15599;RAMIRIQUÍ;15599001;GUAYABAL (FÁTIMA);CP;-73.309745;5.254044;2944.484130859375
15;BOYACÁ;15599;RAMIRIQUÍ;15599004;EL ESCOBAL;CP;-73.326003;5.337471;2955.68212890625
15;BOYACÁ;15599;RAMIRIQUÍ;15599005;SAN ANTONIO;CP;-73.299427;5.292056;2949.183837890625
15;BOYACÁ;15599;RAMIRIQUÍ;15599006;VILLA TOSCANA;CP;-73.347321;5.40924;2963.146240234375
15;BOYACÁ;15600;RÁQUIRA;15600000;RÁQUIRA;CM;-73.632543;5.539136;2992.4755859375
15;BOYACÁ;15600;RÁQUIRA;15600002;LA CANDELARIA;CP;-73.605009;5.520973;2984.717529296875
15;BOYACÁ;15621;RONDÓN;15621000;RONDÓN;CM;-73.208474;5.357378;2957.5205078125
15;BOYACÁ;15621;RONDÓN;15621001;RANCHOGRANDE;CP;-73.218372;5.326065;2954.097900390625
15;BOYACÁ;15632;SABOYÁ;15632000;SABOYÁ;CM;-73.764456;5.697756;3019.226318359375
15;BOYACÁ;15632;SABOYÁ;15632001;GARAVITO;CP;-73.735015;5.754958;3019.861328125
15;BOYACÁ;15638;SÁCHICA;15638000;SÁCHICA;CM;-73.542539;5.584305;2981.79345703125
15;BOYACÁ;15646;SAMACÁ;15646000;SAMACÁ;CM;-73.485589;5.492161;2973.886474609375
15;BOYACÁ;15646;SAMACÁ;15646001;LA CUMBRE;CP;-73.466277;5.486302;2975.1474609375
15;BOYACÁ;15646;SAMACÁ;15646002;LA FABRICA;CP;-73.519241;5.4778;2972.453125
15;BOYACÁ;15660;SAN EDUARDO;15660000;SAN EDUARDO;CM;-73.07713;5.223969;2942.121337890625
15;BOYACÁ;15664;SAN JOSÉ DE PARE;15664000;SAN JOSÉ DE PARE;CM;-73.545397;6.018924;3035.29248046875
15;BOYACÁ;15667;SAN LUIS DE GACENO;15667000;SAN LUIS DE GACENO;CM;-73.168076;4.81976;2904.57568359375
15;BOYACÁ;15667;SAN LUIS DE GACENO;15667001;SANTA TERESA;CP;-73.085254;4.923825;2914.71337890625
15;BOYACÁ;15667;SAN LUIS DE GACENO;15667002;GUAMAL;CP;-73.146893;4.7481;2905.4013671875
15;BOYACÁ;15667;SAN LUIS DE GACENO;15667003;HORIZONTES;CP;-73.137728;4.72372;2896.60791015625
15;BOYACÁ;15667;SAN LUIS DE GACENO;15667004;LA MESA DEL GUAVIO;CP;-73.089968;4.805132;2899.569580078125
15;BOYACÁ;15667;SAN LUIS DE GACENO;15667005;SAN CARLOS DEL GUAVIO;CP;-73.063996;4.752524;2901.140869140625
15;BOYACÁ;15667;SAN LUIS DE GACENO;15667006;LA FRONTERA (CORREDOR VIAL);CP;-73.076646;4.822735;2900.252685546875
15;BOYACÁ;15673;SAN MATEO;15673000;SAN MATEO;CM;-72.555264;6.401683;3044.000244140625
15;BOYACÁ;15676;SAN MIGUEL DE SEMA;15676000;SAN MIGUEL DE SEMA;CM;-73.722009;5.518083;2998.3369140625
15;BOYACÁ;15681;SAN PABLO DE BORBUR;15681000;SAN PABLO DE BORBUR;CM;-74.069963;5.650743;3044.190185546875
15;BOYACÁ;15681;SAN PABLO DE BORBUR;15681005;SANTA BÁRBARA;CP;-74.158048;5.650842;3041.780029296875
15;BOYACÁ;15681;SAN PABLO DE BORBUR;15681006;SAN MARTÍN;CP;-74.125042;5.663033;3050.810302734375
15;BOYACÁ;15681;SAN PABLO DE BORBUR;15681007;COSCUEZ;CP;-74.160644;5.629446;3040.566162109375
15;BOYACÁ;15686;SANTANA;15686000;SANTANA;CM;-73.481639;6.056866;3024.02001953125
15;BOYACÁ;15686;SANTANA;15686002;CASABLANCA;CP;-73.475472;6.061162;3023.827392578125
15;BOYACÁ;15686;SANTANA;15686003;MATEGUADUA;CP;-73.49295;6.046549;3024.554931640625
15;BOYACÁ;15690;SANTA MARÍA;15690000;SANTA MARÍA;CM;-73.263518;4.857193;2895.756591796875
15;BOYACÁ;15693;SANTA ROSA DE VITERBO;15693000;SANTA ROSA DE VITERBO;CM;-72.982461;5.874547;3016.403076171875
15;BOYACÁ;15693;SANTA ROSA DE VITERBO;15693002;EL IMPERIO;CP;-72.97168;5.821187;3012.955810546875
15;BOYACÁ;15696;SANTA SOFÍA;15696000;SANTA SOFÍA;CM;-73.602707;5.713269;3002.847412109375
15;BOYACÁ;15720;SATIVANORTE;15720000;SATIVANORTE;CM;-72.708458;6.131132;3073.796142578125
15;BOYACÁ;15720;SATIVANORTE;15720001;SATIVA VIEJO;CP;-72.705003;6.107532;3071.488037109375
15;BOYACÁ;15723;SATIVASUR;15723000;SATIVASUR;CM;-72.712435;6.093183;3070.05322265625
15;BOYACÁ;15740;SIACHOQUE;15740000;SIACHOQUE;CM;-73.24466;5.511811;2960.802978515625
15;BOYACÁ;15753;SOATÁ;15753000;SOATÁ;CM;-72.684051;6.331945;3086.22509765625
15;BOYACÁ;15755;SOCOTÁ;15755000;SOCOTÁ;CM;-72.636653;6.041162;3063.802490234375
15;BOYACÁ;15755;SOCOTÁ;15755004;LOS PINOS;CP;-72.590718;5.998051;3048.29541015625
15;BOYACÁ;15757;SOCHA;15757000;SOCHA;CM;-72.691963;5.996717;3062.466552734375
15;BOYACÁ;15757;SOCHA;15757001;SANTA TERESA;CP;-72.74165;5.986938;3061.06787109375
15;BOYACÁ;15757;SOCHA;15757003;SOCHA VIEJO;CP;-72.710569;5.981891;3060.022216796875
15;BOYACÁ;15759;SOGAMOSO;15759000;SOGAMOSO;CM;-72.9231;5.725677;3015.11669921875
15;BOYACÁ;15759;SOGAMOSO;15759001;MORCÁ;CP;-72.89089;5.720878;3019.68212890625
15;BOYACÁ;15759;SOGAMOSO;15759003;VANEGAS;CP;-72.964985;5.664114;3015.025634765625
15;BOYACÁ;15759;SOGAMOSO;15759005;EL CRUCERO;CP;-72.906684;5.618599;3004.409423828125
15;BOYACÁ;15759;SOGAMOSO;15759006;ALCAPARRAL;CP;-72.941076;5.742503;3016.022216796875
15;BOYACÁ;15759;SOGAMOSO;15759007;MILAGRO Y PLAYITA;CP;-72.927147;5.689071;3016.509765625
15;BOYACÁ;15761;SOMONDOCO;15761000;SOMONDOCO;CM;-73.433393;4.985726;2912.880615234375
15;BOYACÁ;15762;SORA;15762000;SORA;CM;-73.450153;5.56684;2979
15;BOYACÁ;15763;SOTAQUIRÁ;15763000;SOTAQUIRÁ;CM;-73.247334;5.765231;2975.092529296875
15;BOYACÁ;15763;SOTAQUIRÁ;15763002;BOSIGAS;CP;-73.225634;5.723267;2980.67919921875
15;BOYACÁ;15763;SOTAQUIRÁ;15763003;CARREÑO;CP;-73.184064;5.750103;2986.899169921875
15;BOYACÁ;15764;SORACÁ;15764000;SORACÁ;CM;-73.332804;5.500898;2968.71142578125
15;BOYACÁ;15774;SUSACÓN;15774000;SUSACÓN;CM;-72.690289;6.230332;3081.47705078125
15;BOYACÁ;15776;SUTAMARCHÁN;15776000;SUTAMARCHÁN;CM;-73.620536;5.619781;2997.8505859375
15;BOYACÁ;15778;SUTATENZA;15778000;SUTATENZA;CM;-73.452317;5.022989;2919.97265625
15;BOYACÁ;15790;TASCO;15790000;TASCO;CM;-72.781011;5.909821;3044.096435546875
15;BOYACÁ;15790;TASCO;15790001;LIBERTADORES;CP;-72.744119;5.986499;3061.26708984375
15;BOYACÁ;15790;TASCO;15790003;EL CASTILLO;CP;-72.755533;5.9732;3057.679443359375
15;BOYACÁ;15798;TENZA;15798000;TENZA;CM;-73.420589;5.077074;2925.7568359375
15;BOYACÁ;15804;TIBANÁ;15804000;TIBANÁ;CM;-73.396457;5.317251;2959.186279296875
15;BOYACÁ;15806;TIBASOSA;15806000;TIBASOSA;CM;-72.999449;5.74723;3003.869140625
15;BOYACÁ;15806;TIBASOSA;15806002;EL PARAÍSO;CP;-73.057524;5.759795;3001.366943359375
15;BOYACÁ;15806;TIBASOSA;15806003;SANTA TERESA;CP;-72.99378;5.792694;3008.13037109375
15;BOYACÁ;15808;TINJACÁ;15808000;TINJACÁ;CM;-73.646847;5.579713;2999.637451171875
15;BOYACÁ;15810;TIPACOQUE;15810000;TIPACOQUE;CM;-72.693173;6.418586;3083.03125
15;BOYACÁ;15810;TIPACOQUE;15810005;JEQUE;CP;-72.688221;6.425814;3083.197998046875
15;BOYACÁ;15814;TOCA;15814000;TOCA;CM;-73.184794;5.566464;2964.703125
15;BOYACÁ;15816;TOGÜÍ;15816000;TOGÜÍ;CM;-73.513655;5.937438;3023.9326171875
15;BOYACÁ;15820;TÓPAGA;15820000;TÓPAGA;CM;-72.832245;5.768201;3026.240478515625
15;BOYACÁ;15820;TÓPAGA;15820001;BADO CASTRO;CP;-72.86478;5.768175;3024.1171875
15;BOYACÁ;15822;TOTA;15822000;TOTA;CM;-72.985898;5.560497;2985.032470703125
15;BOYACÁ;15832;TUNUNGUÁ;15832000;TUNUNGUÁ;CM;-73.933155;5.730582;3030.0068359375
15;BOYACÁ;15835;TURMEQUÉ;15835000;TURMEQUÉ;CM;-73.491825;5.323261;2957
15;BOYACÁ;15837;TUTA;15837000;TUTA;CM;-73.225178;5.690906;2977.249267578125
15;BOYACÁ;15839;TUTAZÁ;15839000;TUTAZÁ;CM;-72.856035;6.032608;3045.0517578125
15;BOYACÁ;15839;TUTAZÁ;15839004;LA CAPILLA;CP;-72.867051;6.101035;3046.932373046875
15;BOYACÁ;15842;ÚMBITA;15842000;ÚMBITA;CM;-73.456917;5.221176;2944.96533203125
15;BOYACÁ;15861;VENTAQUEMADA;15861000;VENTAQUEMADA;CM;-73.522368;5.368739;2959.898193359375
15;BOYACÁ;15861;VENTAQUEMADA;15861001;PARROQUIA VIEJA;CP;-73.53241;5.363763;2962.28369140625
15;BOYACÁ;15861;VENTAQUEMADA;15861002;CASA VERDE;CP;-73.493787;5.384979;2960.130615234375
15;BOYACÁ;15861;VENTAQUEMADA;15861005;MONTOYA;CP;-73.509017;5.379881;2959.202392578125
15;BOYACÁ;15861;VENTAQUEMADA;15861006;ESTANCIA GRANDE;CP;-73.524255;5.373559;2960.783447265625
15;BOYACÁ;15861;VENTAQUEMADA;15861007;PUENTE BOYACÁ;CP;-73.432824;5.446613;2966.429443359375
15;BOYACÁ;15861;VENTAQUEMADA;15861008;TIERRA NEGRA;CP;-73.451008;5.424707;2968.0947265625
15;BOYACÁ;15861;VENTAQUEMADA;15861009;EL CARPI;CP;-73.45827;5.415699;2965.354248046875
15;BOYACÁ;15861;VENTAQUEMADA;15861010;EL MANZANO;CP;-73.482268;5.399562;2962.56591796875
15;BOYACÁ;15879;VIRACACHÁ;15879000;VIRACACHÁ;CM;-73.296894;5.436833;2962.039794921875
15;BOYACÁ;15897;ZETAQUIRA;15897000;ZETAQUIRA;CM;-73.169052;5.282116;2952.96337890625
17;CALDAS;17001;MANIZALES;17001000;MANIZALES;CM;-75.491018;5.057655;3088.0869140625
17;CALDAS;17001;MANIZALES;17001001;ALTO DE LISBOA;CP;-75.592769;5.117157;3072.07861328125
17;CALDAS;17001;MANIZALES;17001002;KILOMETRO 41 - COLOMBIA;CP;-75.662018;5.162424;3067.8095703125
17;CALDAS;17001;MANIZALES;17001003;BAJO TABLAZO;CP;-75.537743;5.025529;3079.1884765625
17;CALDAS;17001;MANIZALES;17001004;LA CABAÑA;CP;-75.589152;5.095269;3071.078857421875
17;CALDAS;17001;MANIZALES;17001005;LA CUCHILLA DEL SALADO;CP;-75.53672;5.101173;3081.193115234375
17;CALDAS;17001;MANIZALES;17001008;LAS PAVAS;CP;-75.598251;5.080887;3069.04150390625
17;CALDAS;17001;MANIZALES;17001009;SAN PEREGRINO;CP;-75.57224;5.057467;3072.222412109375
17;CALDAS;17001;MANIZALES;17001010;ALTO TABLAZO;CP;-75.533964;5.041959;3080.7314453125
17;CALDAS;17001;MANIZALES;17001011;ALTO DEL NARANJO;CP;-75.5627;4.998552;3071.5908203125
17;CALDAS;17001;MANIZALES;17001012;EL ARENILLO;CP;-75.540709;5.054002;3078.75048828125
17;CALDAS;17001;MANIZALES;17001015;LA AURORA;CP;-75.547227;5.073836;3078.172607421875
17;CALDAS;17001;MANIZALES;17001022;ALTO BONITO;CP;-75.509147;5.114437;3086.5166015625
17;CALDAS;17001;MANIZALES;17001023;MINA RICA;CP;-75.595564;5.132691;3072.896484375
17;CALDAS;17001;MANIZALES;17001024;LA GARRUCHA;CP;-75.575782;5.140645;3076.178955078125
17;CALDAS;17001;MANIZALES;17001029;AGUA BONITA;CP;-75.549551;5.014334;3075.4755859375
17;CALDAS;17001;MANIZALES;17001034;EL AGUILA;CP;-75.51124;5.107472;3086.676025390625
17;CALDAS;17001;MANIZALES;17001043;BUENA VISTA;CP;-75.449202;5.052684;3084.650146484375
17;CALDAS;17001;MANIZALES;17001044;CONDOMINIO PORTAL DE LOS CEREZOS;CP;-75.586678;5.048521;3068.881103515625
17;CALDAS;17001;MANIZALES;17001045;CONDOMINIO RESERVA DE LOS ALAMOS;CP;-75.593229;5.045905;3067.995361328125
17;CALDAS;17001;MANIZALES;17001046;CONDOMINIO SAN BERNARDO DEL VIENTO;CP;-75.58986;5.050195;3068.511962890625
17;CALDAS;17001;MANIZALES;17001047;EL NARANJO;CP;-75.561953;5.007266;3072.337646484375
17;CALDAS;17013;AGUADAS;17013000;AGUADAS;CM;-75.45487;5.610244;3109.35302734375
17;CALDAS;17013;AGUADAS;17013001;ARMA;CP;-75.539211;5.614078;3098.1083984375
17;CALDAS;17013;AGUADAS;17013004;LA MERMITA;CP;-75.427764;5.673521;3114
17;CALDAS;17013;AGUADAS;17013010;EDÉN;CP;-75.482866;5.604772;3105.492431640625
17;CALDAS;17013;AGUADAS;17013011;SAN NICOLÁS;CP;-75.485852;5.61798;3105.548583984375
17;CALDAS;17013;AGUADAS;17013012;ALTO DE PITO;CP;-75.479542;5.630144;3106.797119140625
17;CALDAS;17013;AGUADAS;17013014;ALTO DE LA MONTAÑA;CP;-75.501989;5.599682;3102.501708984375
17;CALDAS;17013;AGUADAS;17013015;BOCAS;CP;-75.598156;5.733786;3097.17333984375
17;CALDAS;17013;AGUADAS;17013016;VIBORAL;CP;-75.469687;5.578007;3105.98046875
17;CALDAS;17013;AGUADAS;17013017;PORE;CP;-75.452271;5.626307;3110.26416015625
17;CALDAS;17042;ANSERMA;17042000;ANSERMA;CM;-75.784343;5.236471;3057.6005859375
17;CALDAS;17042;ANSERMA;17042004;MARAPRA;CP;-75.780996;5.208924;3056.999267578125
17;CALDAS;17042;ANSERMA;17042007;SAN PEDRO;CP;-75.794269;5.250455;3055.79443359375
17;CALDAS;17042;ANSERMA;17042025;CONDOMINIO LAS MARGARITAS;CP;-75.715614;5.121933;3062.607421875
17;CALDAS;17050;ARANZAZU;17050000;ARANZAZU;CM;-75.491255;5.271142;3086.999755859375
17;CALDAS;17050;ARANZAZU;17050006;SAN RAFAEL;CP;-75.523505;5.261945;3084.025390625
17;CALDAS;17050;ARANZAZU;17050012;LA HONDA;CP;-75.513077;5.253855;3085.33447265625
17;CALDAS;17088;BELALCÁZAR;17088000;BELALCÁZAR;CM;-75.811918;4.993785;3043.72802734375
17;CALDAS;17088;BELALCÁZAR;17088001;EL MADROÑO;CP;-75.824696;4.94236;3040.942626953125
17;CALDAS;17088;BELALCÁZAR;17088002;LA HABANA;CP;-75.796952;5.043332;3046.93310546875
17;CALDAS;17088;BELALCÁZAR;17088003;SAN ISIDRO;CP;-75.801033;5.027734;3045.762451171875
17;CALDAS;17088;BELALCÁZAR;17088008;ASENTAMIENTO INDÍGENA TOTUMAL;CP;-75.83834;4.995531;3042
17;CALDAS;17174;CHINCHINÁ;17174000;CHINCHINÁ;CM;-75.607529;4.985227;3063.726806640625
17;CALDAS;17174;CHINCHINÁ;17174001;EL TRÉBOL;CP;-75.699586;4.98164;3053.40673828125
17;CALDAS;17174;CHINCHINÁ;17174002;LA FLORESTA;CP;-75.662246;4.979403;3057.166748046875
17;CALDAS;17174;CHINCHINÁ;17174006;ALTO DE LA MINA;CP;-75.661962;4.950756;3055.785400390625
17;CALDAS;17174;CHINCHINÁ;17174007;LA QUIEBRA DEL NARANJAL;CP;-75.648645;4.967732;3058.716064453125
17;CALDAS;17174;CHINCHINÁ;17174011;LA ESTRELLA;CP;-75.684545;4.975231;3054.353515625
17;CALDAS;17174;CHINCHINÁ;17174012;EL REPOSO;CP;-75.652963;4.976827;3058.13525390625
17;CALDAS;17174;CHINCHINÁ;17174013;GUAYABAL ;CP;-75.611465;4.95935;3062.851806640625
17;CALDAS;17174;CHINCHINÁ;17174015;SAN ANDRÉS;CP;-75.600836;4.930887;3062.9892578125
17;CALDAS;17272;FILADELFIA;17272000;FILADELFIA;CM;-75.562474;5.297091;3083.974853515625
17;CALDAS;17272;FILADELFIA;17272002;EL VERSO;CP;-75.546961;5.333255;3086.056884765625
17;CALDAS;17272;FILADELFIA;17272003;LA PAILA;CP;-75.528335;5.293764;3084.228515625
17;CALDAS;17272;FILADELFIA;17272005;SAMARIA;CP;-75.570867;5.231467;3080.861572265625
17;CALDAS;17272;FILADELFIA;17272007;SAN LUIS;CP;-75.56103;5.234688;3082.010986328125
17;CALDAS;17272;FILADELFIA;17272008;BALMORAL;CP;-75.544873;5.268738;3084.3212890625
17;CALDAS;17272;FILADELFIA;17272009;LA MARINA;CP;-75.526523;5.321501;3085.03564453125
17;CALDAS;17380;LA DORADA;17380000;LA DORADA;CM;-74.658488;5.444501;3058.559814453125
17;CALDAS;17380;LA DORADA;17380001;BUENAVISTA;CP;-74.674244;5.766906;3079.241943359375
17;CALDAS;17380;LA DORADA;17380002;GUARINOCITO;CP;-74.737146;5.343536;3061.420166015625
17;CALDAS;17380;LA DORADA;17380003;PURNIO;CP;-74.688011;5.413168;3058.38818359375
17;CALDAS;17380;LA DORADA;17380004;LA ATARRAYA;CP;-74.724341;5.721071;3093.281982421875
17;CALDAS;17380;LA DORADA;17380007;CAMELIAS;CP;-74.738327;5.314654;3061.416015625
17;CALDAS;17380;LA DORADA;17380008;DOÑA JUANA;CP;-74.68092;5.481712;3059.882080078125
17;CALDAS;17380;LA DORADA;17380009;HORIZONTE;CP;-74.743189;5.295223;3061.740234375
17;CALDAS;17380;LA DORADA;17380010;LA AGUSTINA;CP;-74.656072;5.658854;3066.499755859375
17;CALDAS;17380;LA DORADA;17380012;LA HABANA;CP;-74.781901;5.642844;3090.92919921875
17;CALDAS;17380;LA DORADA;17380015;PROSOCIAL LA HUMAREDA;CP;-74.68029;5.434081;3059.798095703125
17;CALDAS;17388;LA MERCED;17388000;LA MERCED;CM;-75.547853;5.394867;3088.058349609375
17;CALDAS;17388;LA MERCED;17388001;EL LIMÓN;CP;-75.528476;5.342349;3086.065185546875
17;CALDAS;17388;LA MERCED;17388002;LA FELISA;CP;-75.603312;5.382109;3080.73583984375
17;CALDAS;17388;LA MERCED;17388007;LLANADAS;CP;-75.544498;5.374815;3087.952392578125
17;CALDAS;17388;LA MERCED;17388008;SAN JOSÉ;CP;-75.551417;5.370017;3087.095947265625
17;CALDAS;17388;LA MERCED;17388009;EL TAMBOR;CP;-75.562061;5.404131;3087.535400390625
17;CALDAS;17433;MANZANARES;17433000;MANZANARES;CM;-75.152829;5.255699;3107.001220703125
17;CALDAS;17433;MANZANARES;17433001;AGUABONITA;CP;-75.126388;5.184565;3101.953125
17;CALDAS;17433;MANZANARES;17433003;LA CEIBA;CP;-75.10152;5.212715;3099.47412109375
17;CALDAS;17433;MANZANARES;17433004;LAS MARGARITAS;CP;-75.091104;5.245504;3100.91162109375
17;CALDAS;17433;MANZANARES;17433005;LOS PLANES;CP;-75.110994;5.273856;3107.078857421875
17;CALDAS;17442;MARMATO;17442000;MARMATO;CM;-75.600049;5.47422;3082.7900390625
17;CALDAS;17442;MARMATO;17442001;CABRAS;CP;-75.603383;5.501151;3082.615234375
17;CALDAS;17442;MARMATO;17442002;EL LLANO;CP;-75.587291;5.471964;3084.596923828125
17;CALDAS;17442;MARMATO;17442003;SAN JUAN;CP;-75.609998;5.464539;3081.14404296875
17;CALDAS;17442;MARMATO;17442004;LA MIEL;CP;-75.632866;5.51791;3081.007568359375
17;CALDAS;17442;MARMATO;17442005;LA CUCHILLA;CP;-75.626673;5.511464;3081.281494140625
17;CALDAS;17442;MARMATO;17442008;JIMENEZ ALTO;CP;-75.603781;5.471003;3082.224609375
17;CALDAS;17442;MARMATO;17442009;JIMENEZ BAJO;CP;-75.599191;5.469622;3082.808349609375
17;CALDAS;17442;MARMATO;17442012;LOAIZA;CP;-75.598006;5.486672;3083.144287109375
17;CALDAS;17442;MARMATO;17442013;EL GUAYABITO;CP;-75.592386;5.473322;3083.99560546875
17;CALDAS;17442;MARMATO;17442014;LA PORTADA;CP;-75.610069;5.5003;3081.971923828125
17;CALDAS;17442;MARMATO;17442015;LA QUEBRADA;CP;-75.594118;5.472721;3083.90087890625
17;CALDAS;17444;MARQUETALIA;17444000;MARQUETALIA;CM;-75.053097;5.297525;3102.679443359375
17;CALDAS;17444;MARQUETALIA;17444001;SANTA ELENA;CP;-75.005261;5.308077;3094.87744140625
17;CALDAS;17446;MARULANDA;17446000;MARULANDA;CM;-75.259721;5.284304;3110
17;CALDAS;17446;MARULANDA;17446001;MONTEBONITO;CP;-75.201439;5.164184;3108
17;CALDAS;17486;NEIRA;17486000;NEIRA;CM;-75.519886;5.166799;3085.017333984375
17;CALDAS;17486;NEIRA;17486004;PUEBLO RICO;CP;-75.520877;5.137533;3084.491455078125
17;CALDAS;17486;NEIRA;17486005;TAPIAS;CP;-75.66466;5.273707;3073.854736328125
17;CALDAS;17486;NEIRA;17486009;BARRIO MEDELLÍN;CP;-75.512289;5.157022;3086
17;CALDAS;17486;NEIRA;17486010;LA ISLA;CP;-75.611001;5.157958;3072.666748046875
17;CALDAS;17486;NEIRA;17486011;AGROVILLA;CP;-75.6587;5.165748;3067.98974609375
17;CALDAS;17486;NEIRA;17486012;SAN JOSÉ;CP;-75.662367;5.173651;3068.05029296875
17;CALDAS;17486;NEIRA;17486013;JUNTAS;CP;-75.641053;5.224361;3071
17;CALDAS;17495;NORCASIA;17495000;NORCASIA;CM;-74.889546;5.574796;3110.80810546875
17;CALDAS;17495;NORCASIA;17495002;LA QUIEBRA;CP;-74.896756;5.57456;3110.2919921875
17;CALDAS;17495;NORCASIA;17495003;MONTEBELLO;CP;-74.920791;5.577827;3104.216796875
17;CALDAS;17495;NORCASIA;17495004;MOSCOVITA;CP;-74.909558;5.574126;3107.003662109375
17;CALDAS;17513;PÁCORA;17513000;PÁCORA;CM;-75.459621;5.527172;3104.6474609375
17;CALDAS;17513;PÁCORA;17513001;CASTILLA;CP;-75.525683;5.531693;3095.833740234375
17;CALDAS;17513;PÁCORA;17513002;LAS COLES;CP;-75.478113;5.477976;3098.135498046875
17;CALDAS;17513;PÁCORA;17513003;SAN BARTOLOMÉ;CP;-75.542416;5.488184;3092.235107421875
17;CALDAS;17513;PÁCORA;17513008;LOMA HERMOSA;CP;-75.490613;5.475246;3096.354248046875
17;CALDAS;17513;PÁCORA;17513011;PALMA ALTA;CP;-75.498022;5.5044;3097.8818359375
17;CALDAS;17513;PÁCORA;17513012;BUENOS AIRES;CP;-75.507008;5.554976;3099.789306640625
17;CALDAS;17513;PÁCORA;17513013;EL MORRO;CP;-75.47523;5.547734;3103.559814453125
17;CALDAS;17513;PÁCORA;17513016;LOS CÁMBULOS;CP;-75.535765;5.492104;3092.990478515625
17;CALDAS;17524;PALESTINA;17524000;PALESTINA;CM;-75.62163;5.020634;3063.653076171875
17;CALDAS;17524;PALESTINA;17524001;ARAUCA;CP;-75.702918;5.110727;3063.095703125
17;CALDAS;17524;PALESTINA;17524002;EL JARDÍN (REPOSO);CP;-75.647221;5.04357;3062.146484375
17;CALDAS;17524;PALESTINA;17524003;LA PLATA;CP;-75.678973;5.038562;3060.15478515625
17;CALDAS;17524;PALESTINA;17524005;CARTAGENA;CP;-75.63925;5.026827;3062.257568359375
17;CALDAS;17524;PALESTINA;17524006; SANTÁGUEDA ;CP;-75.683731;5.08507;3063.0751953125
17;CALDAS;17524;PALESTINA;17524009;LA BASTILLA;CP;-75.687184;5.132548;3066.009765625
17;CALDAS;17541;PENSILVANIA;17541000;PENSILVANIA;CM;-75.160299;5.383281;3112.974853515625
17;CALDAS;17541;PENSILVANIA;17541001;ARBOLEDA;CP;-75.18374;5.499546;3117.59765625
17;CALDAS;17541;PENSILVANIA;17541002;BOLIVIA;CP;-75.112378;5.326593;3111.0556640625
17;CALDAS;17541;PENSILVANIA;17541004;EL HIGUERÓN;CP;-75.079291;5.355463;3113.06787109375
17;CALDAS;17541;PENSILVANIA;17541006;LA LINDA;CP;-75.095923;5.380253;3115.03173828125
17;CALDAS;17541;PENSILVANIA;17541008;LA RIOJA;CP;-75.115181;5.36037;3112.13330078125
17;CALDAS;17541;PENSILVANIA;17541009;PUEBLONUEVO;CP;-75.132613;5.534296;3115.03564453125
17;CALDAS;17541;PENSILVANIA;17541011;SAN DANIEL;CP;-75.082952;5.378798;3115.083740234375
17;CALDAS;17541;PENSILVANIA;17541015;LA SOLEDAD ALTA;CP;-75.080506;5.34058;3111.827880859375
17;CALDAS;17541;PENSILVANIA;17541016;AGUABONITA;CP;-75.085871;5.409301;3116.982177734375
17;CALDAS;17614;RIOSUCIO;17614000;RIOSUCIO;CM;-75.702104;5.423673;3079.0107421875
17;CALDAS;17614;RIOSUCIO;17614001;BONAFONT;CP;-75.679618;5.363404;3079
17;CALDAS;17614;RIOSUCIO;17614003;EL SALADO;CP;-75.744179;5.452258;3077.224853515625
17;CALDAS;17614;RIOSUCIO;17614004;FLORENCIA;CP;-75.659845;5.349287;3076.45458984375
17;CALDAS;17614;RIOSUCIO;17614005;QUIEBRALOMO;CP;-75.68959;5.444585;3081.46875
17;CALDAS;17614;RIOSUCIO;17614006;SAN LORENZO;CP;-75.693894;5.464575;3081.818603515625
17;CALDAS;17614;RIOSUCIO;17614008;IBERIA;CP;-75.669722;5.415005;3080.311767578125
17;CALDAS;17614;RIOSUCIO;17614010;SIPIRRA;CP;-75.691248;5.426941;3080.846435546875
17;CALDAS;17614;RIOSUCIO;17614014;SAN JERÓNIMO;CP;-75.711157;5.477196;3079.086669921875
17;CALDAS;17614;RIOSUCIO;17614017;PUEBLO VIEJO;CP;-75.722322;5.427735;3075.490234375
17;CALDAS;17614;RIOSUCIO;17614021;LAS ESTANCIAS;CP;-75.71673;5.451512;3077.572265625
17;CALDAS;17614;RIOSUCIO;17614022;LA PLAYA - IMURRA;CP;-75.719537;5.404596;3074.80859375
17;CALDAS;17614;RIOSUCIO;17614023;TUMBABARRETO;CP;-75.700267;5.438109;3079.92431640625
17;CALDAS;17614;RIOSUCIO;17614024;AGUAS CLARAS;CP;-75.70325;5.471973;3080.29052734375
17;CALDAS;17616;RISARALDA;17616000;RISARALDA;CM;-75.76722;5.164509;3056.94384765625
17;CALDAS;17616;RISARALDA;17616004;QUIEBRA SANTA BÁRBARA;CP;-75.765723;5.081137;3052.595947265625
17;CALDAS;17616;RISARALDA;17616008;QUIEBRA VARILLAS;CP;-75.772471;5.152399;3055.556640625
17;CALDAS;17616;RISARALDA;17616011;CALLE LARGA;CP;-75.721717;5.116469;3061.23193359375
17;CALDAS;17653;SALAMINA;17653000;SALAMINA;CM;-75.487223;5.403025;3089.9365234375
17;CALDAS;17653;SALAMINA;17653004;VEREDA LA UNION;CP;-75.492471;5.353041;3087.0107421875
17;CALDAS;17653;SALAMINA;17653007;SAN FÉLIX;CP;-75.372619;5.37509;3108.99169921875
17;CALDAS;17653;SALAMINA;17653023;LA LOMA;CP;-75.509068;5.426252;3088.85546875
17;CALDAS;17662;SAMANÁ;17662000;SAMANÁ;CM;-74.992263;5.41308;3098.81298828125
17;CALDAS;17662;SAMANÁ;17662001;BERLÍN;CP;-74.95047;5.596106;3108.19873046875
17;CALDAS;17662;SAMANÁ;17662003;FLORENCIA;CP;-75.041839;5.524633;3116.801513671875
17;CALDAS;17662;SAMANÁ;17662004;ENCIMADAS;CP;-75.07118;5.415668;3116.213134765625
17;CALDAS;17662;SAMANÁ;17662005;LOS POMOS;CP;-74.959793;5.533769;3101.77783203125
17;CALDAS;17662;SAMANÁ;17662007;SAN DIEGO;CP;-74.935097;5.666426;3115.855712890625
17;CALDAS;17662;SAMANÁ;17662008;RANCHOLARGO;CP;-74.964692;5.414229;3095.801025390625
17;CALDAS;17662;SAMANÁ;17662017;PUEBLO NUEVO;CP;-74.935963;5.657586;3114.940673828125
17;CALDAS;17662;SAMANÁ;17662018;DULCE NOMBRE;CP;-75.010784;5.522262;3108.998046875
17;CALDAS;17665;SAN JOSÉ;17665000;SAN JOSÉ;CM;-75.792004;5.081569;3049.271484375
17;CALDAS;17665;SAN JOSÉ;17665002;PRIMAVERA ALTA;CP;-75.835385;5.053995;3043
17;CALDAS;17665;SAN JOSÉ;17665004;CONDOMINIOS VALLES DE ACAPULCO Y LOS SEIS Y PUNTO;CP;-75.856561;5.006138;3041.4443359375
17;CALDAS;17777;SUPÍA;17777000;SUPÍA;CM;-75.64966;5.446843;3079.088623046875
17;CALDAS;17777;SUPÍA;17777003;LA QUINTA;CP;-75.642622;5.483947;3080
17;CALDAS;17777;SUPÍA;17777005;HOJAS ANCHAS;CP;-75.648444;5.513655;3081.16943359375
17;CALDAS;17777;SUPÍA;17777008;GUAMAL;CP;-75.659397;5.451688;3080.517333984375
17;CALDAS;17777;SUPÍA;17777010;PUERTO NUEVO;CP;-75.601623;5.386628;3081.1123046875
17;CALDAS;17777;SUPÍA;17777011;PALMA SOLA;CP;-75.638857;5.405468;3077.937744140625
17;CALDAS;17867;VICTORIA;17867000;VICTORIA;CM;-74.911239;5.317437;3083.5947265625
17;CALDAS;17867;VICTORIA;17867001;CAÑAVERAL;CP;-74.943766;5.321652;3086.909423828125
17;CALDAS;17867;VICTORIA;17867003;ISAZA;CP;-74.814738;5.576068;3087.87841796875
17;CALDAS;17867;VICTORIA;17867004;LA PRADERA;CP;-74.906665;5.42984;3101.47265625
17;CALDAS;17867;VICTORIA;17867005;EL LLANO;CP;-74.838471;5.318784;3072.664306640625
17;CALDAS;17867;VICTORIA;17867007;LA FE;CP;-74.831951;5.500897;3089.24072265625
17;CALDAS;17867;VICTORIA;17867008;SAN MATEO;CP;-74.93262;5.324321;3086.09423828125
17;CALDAS;17867;VICTORIA;17867009;VILLA ESPERANZA;CP;-74.787424;5.381891;3074.85498046875
17;CALDAS;17873;VILLAMARÍA;17873000;VILLAMARÍA;CM;-75.513761;5.043614;3087.19580078125
17;CALDAS;17873;VILLAMARÍA;17873001;ALTO DE LA CRUZ - LOS CUERVOS;CP;-75.573841;4.977815;3067.853271484375
17;CALDAS;17873;VILLAMARÍA;17873003;LLANITOS;CP;-75.539076;4.993261;3077.618896484375
17;CALDAS;17873;VILLAMARÍA;17873004;RIOCLARO;CP;-75.55221;4.99324;3073.777587890625
17;CALDAS;17873;VILLAMARÍA;17873006;SAN JULIÁN;CP;-75.566686;4.971427;3069.25732421875
17;CALDAS;17873;VILLAMARÍA;17873007;MIRAFLORES;CP;-75.553905;4.976531;3072.435546875
17;CALDAS;17873;VILLAMARÍA;17873008;ALTO VILLARAZO;CP;-75.544605;4.979809;3075.074951171875
17;CALDAS;17873;VILLAMARÍA;17873010;GALLINAZO;CP;-75.437553;5.018629;3081.5146484375
17;CALDAS;17873;VILLAMARÍA;17873011;LA NUEVA PRIMAVERA;CP;-75.571122;4.990342;3069.304931640625
17;CALDAS;17873;VILLAMARÍA;17873013;BELLAVISTA;CP;-75.551822;4.989318;3073.609375
17;CALDAS;17873;VILLAMARÍA;17873014;LA FLORESTA;CP;-75.521705;5.037072;3085.06396484375
17;CALDAS;17873;VILLAMARÍA;17873016;COROZAL;CP;-75.551987;4.960731;3071.802978515625
17;CALDAS;17873;VILLAMARÍA;17873017;PARTIDAS;CP;-75.583689;4.95179;3064.41650390625
17;CALDAS;17873;VILLAMARÍA;17873018;GRANJA AGRÍCOLA LA PAZ;CP;-75.505158;4.967219;3085.81640625
17;CALDAS;17873;VILLAMARÍA;17873019;NUEVO RÍO CLARO;CP;-75.548618;4.988196;3074.45263671875
17;CALDAS;17877;VITERBO;17877000;VITERBO;CM;-75.87061;5.062664;3046.210205078125
18;CAQUETÁ;18001;FLORENCIA;18001000;FLORENCIA;CM;-75.609796;1.618234;2901.49658203125
18;CAQUETÁ;18001;FLORENCIA;18001004;SAN ANTONIO DE ATENAS;CP;-75.548713;1.664608;2909.0615234375
18;CAQUETÁ;18001;FLORENCIA;18001005;SANTANA LAS HERMOSAS;CP;-75.545048;1.726545;2911.458251953125
18;CAQUETÁ;18001;FLORENCIA;18001006;LA ESPERANZA;CP;-75.499966;1.805373;2921.661865234375
18;CAQUETÁ;18001;FLORENCIA;18001007;NORCACIA;CP;-75.443456;1.742294;2926.757080078125
18;CAQUETÁ;18001;FLORENCIA;18001008;VENECIA;CP;-75.529817;1.566792;2909.0966796875
18;CAQUETÁ;18001;FLORENCIA;18001009;EL PARA;CP;-75.438986;1.803055;2929.077392578125
18;CAQUETÁ;18001;FLORENCIA;18001011;CARAÑO;CP;-75.644228;1.73144;2900.381591796875
18;CAQUETÁ;18001;FLORENCIA;18001018;CAPITOLIO;CP;-75.55702;1.586932;2906.94873046875
18;CAQUETÁ;18001;FLORENCIA;18001024;PUERTO ARANGO;CP;-75.525454;1.530253;2908.894287109375
18;CAQUETÁ;18001;FLORENCIA;18001025;SEBASTOPOL;CP;-75.60629;1.659064;2903.191162109375
18;CAQUETÁ;18029;ALBANIA;18029000;ALBANIA;CM;-75.878375;1.328526;2855.986572265625
18;CAQUETÁ;18029;ALBANIA;18029003;DORADO;CP;-75.887134;1.172154;2856
18;CAQUETÁ;18029;ALBANIA;18029004;VERSALLES;CP;-75.933027;1.199363;2848.6279296875
18;CAQUETÁ;18029;ALBANIA;18029005;EL PARAÍSO;CP;-75.886926;1.128367;2854.729736328125
18;CAQUETÁ;18094;BELÉN DE LOS ANDAQUÍES;18094000;BELÉN DE LOS ANDAQUÍES;CM;-75.872405;1.415812;2860.96630859375
18;CAQUETÁ;18094;BELÉN DE LOS ANDAQUÍES;18094001;EL PORTAL LA MONO;CP;-75.808804;1.302743;2866.384033203125
18;CAQUETÁ;18094;BELÉN DE LOS ANDAQUÍES;18094003;PUERTO TORRES;CP;-75.800198;1.243412;2868.41455078125
18;CAQUETÁ;18094;BELÉN DE LOS ANDAQUÍES;18094005;PUEBLO NUEVO LOS ÁNGELES;CP;-75.866476;1.566108;2870.520263671875
18;CAQUETÁ;18094;BELÉN DE LOS ANDAQUÍES;18094008;ALETONES;CP;-75.867843;1.489673;2866.262939453125
18;CAQUETÁ;18094;BELÉN DE LOS ANDAQUÍES;18094009;SAN ANTONIO DE PADUA;CP;-75.899274;1.496316;2866.895263671875
18;CAQUETÁ;18150;CARTAGENA DEL CHAIRÁ;18150000;CARTAGENA DEL CHAIRÁ;CM;-74.841591;1.33621;2899.479736328125
18;CAQUETÁ;18150;CARTAGENA DEL CHAIRÁ;18150001;REMOLINO DEL CAGUÁN;CP;-74.4037;0.588507;2760.795654296875
18;CAQUETÁ;18150;CARTAGENA DEL CHAIRÁ;18150002;SANTA FE DEL CAGUÁN;CP;-74.707518;1.00273;2861.94677734375
18;CAQUETÁ;18150;CARTAGENA DEL CHAIRÁ;18150003;MONSERRATE;CP;-74.279353;0.581822;2690.36962890625
18;CAQUETÁ;18150;CARTAGENA DEL CHAIRÁ;18150004;PEÑAS COLORADAS;CP;-74.603725;0.820462;2825
18;CAQUETÁ;18150;CARTAGENA DEL CHAIRÁ;18150005;EL GUAMO;CP;-74.277629;0.204682;2688.13623046875
18;CAQUETÁ;18150;CARTAGENA DEL CHAIRÁ;18150006;PUERTO CAMELIA;CP;-74.523151;0.630759;2815.425048828125
18;CAQUETÁ;18150;CARTAGENA DEL CHAIRÁ;18150007;SANTO DOMINGO;CP;-74.109692;0.368503;2623.63525390625
18;CAQUETÁ;18150;CARTAGENA DEL CHAIRÁ;18150008;LOS CRISTALES;CP;-74.743212;0.920816;2868.30126953125
18;CAQUETÁ;18150;CARTAGENA DEL CHAIRÁ;18150009;RISARALDA;CP;-74.966166;1.374634;2908.625244140625
18;CAQUETÁ;18150;CARTAGENA DEL CHAIRÁ;18150011;CUMARALES;CP;-74.648965;0.852318;2827.239013671875
18;CAQUETÁ;18150;CARTAGENA DEL CHAIRÁ;18150012;EL CAFÉ;CP;-74.550011;0.68446;2809.217529296875
18;CAQUETÁ;18150;CARTAGENA DEL CHAIRÁ;18150013;NÁPOLES (PUERTO NÁPOLES);CP;-74.203035;0.486028;2655.8095703125
18;CAQUETÁ;18150;CARTAGENA DEL CHAIRÁ;18150014;PEÑAS BLANCAS;CP;-74.673826;0.842476;2831.24072265625
18;CAQUETÁ;18150;CARTAGENA DEL CHAIRÁ;18150015;LAS ÁNIMAS;CP;-74.582245;0.794618;2820.27685546875
18;CAQUETÁ;18205;CURILLO;18205000;CURILLO;CM;-75.919205;1.033473;2842.2216796875
18;CAQUETÁ;18205;CURILLO;18205001;SALAMINA;CP;-76.01572;1.118525;2825.873291015625
18;CAQUETÁ;18205;CURILLO;18205002;NOVIA PUERTO VALDIVIA;CP;-76.088907;1.070041;2816.20703125
18;CAQUETÁ;18205;CURILLO;18205003;PALIZADAS;CP;-76.036849;1.053782;2821.65625
18;CAQUETÁ;18247;EL DONCELLO;18247000;EL DONCELLO;CM;-75.283631;1.679951;2930.680419921875
18;CAQUETÁ;18247;EL DONCELLO;18247001;MAGUARE;CP;-75.159163;1.64129;2930
18;CAQUETÁ;18247;EL DONCELLO;18247002;PUERTO MANRIQUE;CP;-75.121752;1.712108;2932.098876953125
18;CAQUETÁ;18247;EL DONCELLO;18247004;PUERTO HUNGRÍA;CP;-75.044452;1.507283;2916.372314453125
18;CAQUETÁ;18247;EL DONCELLO;18247005;RIONEGRO;CP;-74.996324;1.611963;2913.086181640625
18;CAQUETÁ;18256;EL PAUJÍL;18256000;EL PAUJÍL;CM;-75.326093;1.570226;2923.004638671875
18;CAQUETÁ;18256;EL PAUJÍL;18256001;VERSALLES;CP;-75.04336;1.449629;2913.01318359375
18;CAQUETÁ;18256;EL PAUJÍL;18256002;BOLIVIA;CP;-75.10836;1.34576;2920.998779296875
18;CAQUETÁ;18410;LA MONTAÑITA;18410000;LA MONTAÑITA;CM;-75.436408;1.479173;2909.928466796875
18;CAQUETÁ;18410;LA MONTAÑITA;18410001;SANTUARIO;CP;-75.468213;1.509487;2911.92529296875
18;CAQUETÁ;18410;LA MONTAÑITA;18410002;LA UNIÓN PENEYA;CP;-75.205812;1.281162;2920
18;CAQUETÁ;18410;LA MONTAÑITA;18410005;EL TRIUNFO;CP;-75.339254;1.38778;2918.465576171875
18;CAQUETÁ;18410;LA MONTAÑITA;18410006;MATEGUADUA;CP;-75.323909;1.223428;2912.0283203125
18;CAQUETÁ;18410;LA MONTAÑITA;18410007;SAN ISIDRO;CP;-75.103857;1.203495;2915.42578125
18;CAQUETÁ;18410;LA MONTAÑITA;18410008;MIRAMAR;CP;-75.08149;1.155016;2913.763916015625
18;CAQUETÁ;18410;LA MONTAÑITA;18410009;PUERTO BRASILIA;CP;-75.185514;1.074196;2913.99755859375
18;CAQUETÁ;18410;LA MONTAÑITA;18410010;PUERTO GAITÁN;CP;-75.00353;1.151006;2906.619873046875
18;CAQUETÁ;18410;LA MONTAÑITA;18410012;REINA BAJA;CP;-75.243691;1.152724;2913.548095703125
18;CAQUETÁ;18410;LA MONTAÑITA;18410013;PALMERAS;CP;-75.034382;1.052178;2906.69921875
18;CAQUETÁ;18410;LA MONTAÑITA;18410014;EL BERLIN;CP;-75.368738;1.682398;2924.14794921875
18;CAQUETÁ;18460;MILÁN;18460000;MILÁN;CM;-75.506926;1.29021;2895.012939453125
18;CAQUETÁ;18460;MILÁN;18460001;SAN ANTONIO DE GETUCHA;CP;-75.401033;1.101252;2902.96630859375
18;CAQUETÁ;18460;MILÁN;18460003;MATICURU - GRANARIO;CP;-75.291911;0.991402;2902.001220703125
18;CAQUETÁ;18460;MILÁN;18460004;LA RASTRA;CP;-75.502302;1.165857;2896.537353515625
18;CAQUETÁ;18460;MILÁN;18460005;REMOLINOS DE ARICUNTÍ;CP;-75.356162;1.013454;2901.159912109375
18;CAQUETÁ;18460;MILÁN;18460008;AGUA BLANCA;CP;-75.2754;1.067007;2905.574462890625
18;CAQUETÁ;18460;MILÁN;18460010;AGUA NEGRA;CP;-75.300055;1.011155;2902.001708984375
18;CAQUETÁ;18479;MORELIA;18479000;MORELIA;CM;-75.724581;1.487623;2883.756591796875
18;CAQUETÁ;18592;PUERTO RICO;18592000;PUERTO RICO;CM;-75.157544;1.909071;2939.001953125
18;CAQUETÁ;18592;PUERTO RICO;18592003;LUSITANIA;CP;-75.036466;1.941024;2937.999755859375
18;CAQUETÁ;18592;PUERTO RICO;18592004;SANTANA RAMOS;CP;-75.114375;2.240078;2950.34326171875
18;CAQUETÁ;18592;PUERTO RICO;18592005;LA ESMERALDA;CP;-75.217701;1.829459;2937.10546875
18;CAQUETÁ;18592;PUERTO RICO;18592006;LA AGUILILLA;CP;-75.060243;1.990777;2940
18;CAQUETÁ;18610;SAN JOSÉ DEL FRAGUA;18610000;SAN JOSÉ DEL FRAGUA;CM;-75.973528;1.331957;2848.1669921875
18;CAQUETÁ;18610;SAN JOSÉ DEL FRAGUA;18610001;FRAGUITA;CP;-76.148051;1.185607;2807.47216796875
18;CAQUETÁ;18610;SAN JOSÉ DEL FRAGUA;18610002;YURAYACO;CP;-76.092111;1.22649;2820.57666015625
18;CAQUETÁ;18610;SAN JOSÉ DEL FRAGUA;18610003;SABALETA;CP;-76.175002;1.134206;2803.65478515625
18;CAQUETÁ;18753;SAN VICENTE DEL CAGUÁN;18753000;SAN VICENTE DEL CAGUÁN;CM;-74.766451;2.11965;2897.23876953125
18;CAQUETÁ;18753;SAN VICENTE DEL CAGUÁN;18753002;GUACAMAYAS;CP;-74.927301;2.367556;2937.281005859375
18;CAQUETÁ;18753;SAN VICENTE DEL CAGUÁN;18753003;BALSILLAS;CP;-75.049938;2.744269;2969.635498046875
18;CAQUETÁ;18753;SAN VICENTE DEL CAGUÁN;18753004;CAMPO HERMOSO;CP;-74.69105;1.921742;2887.842529296875
18;CAQUETÁ;18753;SAN VICENTE DEL CAGUÁN;18753007;TRES ESQUINAS;CP;-74.81229;1.868444;2899
18;CAQUETÁ;18753;SAN VICENTE DEL CAGUÁN;18753009;PUERTO BETANIA;CP;-74.772252;1.675708;2889.64501953125
18;CAQUETÁ;18753;SAN VICENTE DEL CAGUÁN;18753010;GIBRALTAR;CP;-74.789745;2.369627;2900.0439453125
18;CAQUETÁ;18753;SAN VICENTE DEL CAGUÁN;18753011;LOS POZOS;CP;-74.556862;2.124033;2869.7890625
18;CAQUETÁ;18753;SAN VICENTE DEL CAGUÁN;18753012;SANTA ROSA;CP;-74.784451;1.734617;2894.912353515625
18;CAQUETÁ;18753;SAN VICENTE DEL CAGUÁN;18753013;TRONCALES;CP;-74.929557;2.125043;2926.34619140625
18;CAQUETÁ;18753;SAN VICENTE DEL CAGUÁN;18753015;GUAYABAL;CP;-74.881765;2.699759;2951.28271484375
18;CAQUETÁ;18753;SAN VICENTE DEL CAGUÁN;18753023;LA TUNIA;CP;-74.159702;1.793014;2734.09716796875
18;CAQUETÁ;18753;SAN VICENTE DEL CAGUÁN;18753029;LA CAMPANA;CP;-74.757518;2.555643;2891.160400390625
18;CAQUETÁ;18753;SAN VICENTE DEL CAGUÁN;18753031;LOS ANDES;CP;-74.847325;2.66144;2935.5185546875
18;CAQUETÁ;18753;SAN VICENTE DEL CAGUÁN;18753032;PUERTO AMOR;CP;-74.753725;2.520684;2893.103759765625
18;CAQUETÁ;18753;SAN VICENTE DEL CAGUÁN;18753033;VILLA LOBOS;CP;-74.56246;1.633752;2842.0341796875
18;CAQUETÁ;18753;SAN VICENTE DEL CAGUÁN;18753034;VILLA CARMONA;CP;-74.393236;1.841861;2816.646240234375
18;CAQUETÁ;18756;SOLANO;18756000;SOLANO;CM;-75.253702;0.699077;2892.920166015625
18;CAQUETÁ;18756;SOLANO;18756001;ARARACUARA;CP;-72.382695;-0.615631;1219.402587890625
18;CAQUETÁ;18756;SOLANO;18756004;EL DANUBIO - CAMPO ALEGRE;CP;-75.212888;1.008645;2908.92138671875
18;CAQUETÁ;18756;SOLANO;18756005;PEÑAS BLANCAS;CP;-75.035305;0.486573;2893
18;CAQUETÁ;18756;SOLANO;18756006;CUEMANI;CP;-72.977717;-0.539366;1843.310668945312
18;CAQUETÁ;18756;SOLANO;18756007;MONONGUETE;CP;-75.473205;0.778411;2878.656982421875
18;CAQUETÁ;18756;SOLANO;18756008;PUERTO TEJADA;CP;-75.0661;0.98859;2907.982421875
18;CAQUETÁ;18756;SOLANO;18756011;PUERTO LAS MERCEDES;CP;-75.099999;0.541782;2894
18;CAQUETÁ;18785;SOLITA;18785000;SOLITA;CM;-75.619902;0.87654;2865.1708984375
18;CAQUETÁ;18785;SOLITA;18785002;KILÓMETRO 30 (CAMPO LEJANO);CP;-75.637078;0.970864;2871.998046875
18;CAQUETÁ;18785;SOLITA;18785005;UNIÓN SINCELEJO;CP;-75.711584;0.968258;2862.085205078125
18;CAQUETÁ;18860;VALPARAÍSO;18860000;VALPARAÍSO;CM;-75.70671;1.194619;2877.005126953125
18;CAQUETÁ;18860;VALPARAÍSO;18860001;SANTIAGO DE LA SELVA;CP;-75.768438;1.061018;2865.383056640625
18;CAQUETÁ;18860;VALPARAÍSO;18860002;KILÓMETRO 18;CP;-75.6455;1.060718;2880.8232421875
18;CAQUETÁ;18860;VALPARAÍSO;18860005;PLAYA RICA;CP;-75.597212;1.070173;2883.38134765625
19;CAUCA;19001;POPAYÁN;19001000;POPAYÁN;CM;-76.57422;2.482561;2826.517822265625
19;CAUCA;19001;POPAYÁN;19001001;CAJETE;CP;-76.674427;2.475773;2822.57470703125
19;CAUCA;19001;POPAYÁN;19001002;CALIBÍO;CP;-76.565945;2.532617;2836.2431640625
19;CAUCA;19001;POPAYÁN;19001007;JULUMITO;CP;-76.645803;2.476909;2823.387939453125
19;CAUCA;19001;POPAYÁN;19001008;LA REJOYA;CP;-76.603749;2.52799;2827.8232421875
19;CAUCA;19001;POPAYÁN;19001013;PUEBLILLO;CP;-76.58228;2.446672;2819.066650390625
19;CAUCA;19001;POPAYÁN;19001014;PUELENJE;CP;-76.625414;2.43466;2811.669677734375
19;CAUCA;19001;POPAYÁN;19001019;SANTA ROSA;CP;-76.643749;2.514926;2828.3251953125
19;CAUCA;19001;POPAYÁN;19001025;POBLAZÓN;CP;-76.548446;2.395608;2822.581787109375
19;CAUCA;19001;POPAYÁN;19001026;SAMUEL SILVERIO;CP;-76.622154;2.429159;2810.903564453125
19;CAUCA;19001;POPAYÁN;19001027;CRUCERO DE PUELENJE;CP;-76.624252;2.427005;2810.63330078125
19;CAUCA;19001;POPAYÁN;19001028;EL SALVADOR;CP;-76.621395;2.424814;2810.348876953125
19;CAUCA;19001;POPAYÁN;19001029;EL TÚNEL;CP;-76.619438;2.425096;2810.430419921875
19;CAUCA;19001;POPAYÁN;19001030;JULUMITO ALTO;CP;-76.650253;2.486168;2825.032958984375
19;CAUCA;19001;POPAYÁN;19001031;LA CABUYERA;CP;-76.55175;2.52534;2836.58056640625
19;CAUCA;19001;POPAYÁN;19001032;LA PLAYA;CP;-76.637735;2.438095;2815.23876953125
19;CAUCA;19001;POPAYÁN;19001033;LAME;CP;-76.55224;2.470603;2827.851806640625
19;CAUCA;19001;POPAYÁN;19001034;RÍO BLANCO;CP;-76.557282;2.500757;2831.972900390625
19;CAUCA;19001;POPAYÁN;19001035;VEREDA DE TORRES;CP;-76.636306;2.444991;2815.89208984375
19;CAUCA;19001;POPAYÁN;19001037;LA ESPERANZA (JARDINES DE PAZ);CP;-76.57804;2.503573;2829.6318359375
19;CAUCA;19001;POPAYÁN;19001038;LA FORTALEZA;CP;-76.540924;2.513476;2835.71826171875
19;CAUCA;19001;POPAYÁN;19001039;PARCELACIÓN ATARDECERES DE LA PRADERA;CP;-76.582918;2.509841;2829.825927734375
19;CAUCA;19001;POPAYÁN;19001040;LOS LLANOS;CP;-76.53883;2.461505;2831.2236328125
19;CAUCA;19001;POPAYÁN;19001041;LAS PALMAS;CP;-76.61802;2.419563;2809.7587890625
19;CAUCA;19022;ALMAGUER;19022000;ALMAGUER;CM;-76.85607;1.913429;2750.24072265625
19;CAUCA;19022;ALMAGUER;19022001;CAQUIONA;CP;-76.783542;1.904636;2767.837890625
19;CAUCA;19022;ALMAGUER;19022003;TABLÓN;CP;-76.880426;1.927748;2742.10302734375
19;CAUCA;19022;ALMAGUER;19022004;LLACUANAS;CP;-76.898249;1.93269;2734.64501953125
19;CAUCA;19022;ALMAGUER;19022013;SAN JORGE HERRADURA;CP;-76.878734;1.870433;2736.684326171875
19;CAUCA;19022;ALMAGUER;19022014;LA HONDA;CP;-76.841501;1.867561;2753.458984375
19;CAUCA;19050;ARGELIA;19050000;ARGELIA;CM;-77.24905;2.257427;2711
19;CAUCA;19050;ARGELIA;19050001;EL MANGO;CP;-77.235282;2.331034;2711.98681640625
19;CAUCA;19050;ARGELIA;19050002;LA BELLEZA;CP;-77.230959;2.383201;2713.93115234375
19;CAUCA;19050;ARGELIA;19050005;EL DIVISO;CP;;;
19;CAUCA;19050;ARGELIA;19050006;EL PLATEADO;CP;-77.238682;2.463918;2716.78759765625
19;CAUCA;19050;ARGELIA;19050007;SINAÍ;CP;-77.216952;2.384008;2715.2060546875
19;CAUCA;19050;ARGELIA;19050016;PUERTO RICO;CP;;;
19;CAUCA;19050;ARGELIA;19050017;SAN JUAN GUADUA;CP;-77.28065;2.23513;2706.19580078125
19;CAUCA;19075;BALBOA;19075000;BALBOA;CM;-77.215773;2.040998;2706.21484375
19;CAUCA;19075;BALBOA;19075001;LA PLANADA;CP;-77.220659;2.11019;2708.52783203125
19;CAUCA;19075;BALBOA;19075002;OLAYA;CP;-77.136236;2.041879;2721.296875
19;CAUCA;19075;BALBOA;19075003;SAN ALFONSO;CP;-77.191397;2.157996;2720.1171875
19;CAUCA;19075;BALBOA;19075005;LA BERMEJA;CP;-77.248733;2.076717;2700.39404296875
19;CAUCA;19075;BALBOA;19075006;PURETO;CP;-77.27709;2.038537;2693.046875
19;CAUCA;19075;BALBOA;19075008;LA LOMITA;CP;-77.189839;1.994652;2709.53466796875
19;CAUCA;19075;BALBOA;19075009;EL VIJAL;CP;-77.114099;2.073997;2728.17529296875
19;CAUCA;19075;BALBOA;19075011;PARAÍSO;CP;-77.206111;2.086108;2712.150146484375
19;CAUCA;19100;BOLÍVAR;19100000;BOLÍVAR;CM;-76.966215;1.837538;2729.4921875
19;CAUCA;19100;BOLÍVAR;19100001;CAPELLANÍAS;CP;-77.094135;1.924018;2722.37109375
19;CAUCA;19100;BOLÍVAR;19100005;EL CARMEN;CP;-76.881171;1.817687;2729.566162109375
19;CAUCA;19100;BOLÍVAR;19100006;EL RODEO;CP;-76.993378;1.877928;2730.1103515625
19;CAUCA;19100;BOLÍVAR;19100007;GUACHICONO;CP;-77.001808;2.045384;2733.095703125
19;CAUCA;19100;BOLÍVAR;19100013;LERMA;CP;-76.955378;1.975257;2737.97021484375
19;CAUCA;19100;BOLÍVAR;19100015;LOS MILAGROS;CP;-76.892403;1.75174;2720.1669921875
19;CAUCA;19100;BOLÍVAR;19100018;MELCHOR;CP;-76.927309;1.948102;2737.90625
19;CAUCA;19100;BOLÍVAR;19100020;SAN JUAN;CP;-76.850253;1.735056;2736.7333984375
19;CAUCA;19100;BOLÍVAR;19100021;SAN LORENZO;CP;-76.992043;1.776501;2722.48193359375
19;CAUCA;19100;BOLÍVAR;19100041;LA CARBONERA;CP;-77.054396;1.925072;2729.445068359375
19;CAUCA;19100;BOLÍVAR;19100042;EL MORRO;CP;-76.922209;1.85033;2727.468505859375
19;CAUCA;19110;BUENOS AIRES;19110000;BUENOS AIRES;CM;-76.642238;3.015382;2856
19;CAUCA;19110;BUENOS AIRES;19110006;EL PORVENIR;CP;-76.711043;3.08783;2841.915771484375
19;CAUCA;19110;BUENOS AIRES;19110007;HONDURAS;CP;-76.675847;2.98972;2851.725830078125
19;CAUCA;19110;BUENOS AIRES;19110008;LA BALSA;CP;-76.600407;3.08922;2858.406494140625
19;CAUCA;19110;BUENOS AIRES;19110012;TIMBA;CP;-76.627364;3.114198;2856
19;CAUCA;19110;BUENOS AIRES;19110013;EL CERAL;CP;-76.746461;3.092437;2840.53662109375
19;CAUCA;19110;BUENOS AIRES;19110016;SAN FRANCISCO;CP;-76.65921;3.058579;2854.70703125
19;CAUCA;19110;BUENOS AIRES;19110025;PALOBLANCO;CP;-76.653663;2.997389;2855.026611328125
19;CAUCA;19110;BUENOS AIRES;19110029;LA ESPERANZA;CP;-76.739769;3.068589;2841.008056640625
19;CAUCA;19110;BUENOS AIRES;19110030;MUNCHIQUE;CP;-76.668278;2.977298;2853.108154296875
19;CAUCA;19130;CAJIBÍO;19130000;CAJIBÍO;CM;-76.570682;2.623371;2846.448974609375
19;CAUCA;19130;CAJIBÍO;19130004;EL CARMELO;CP;-76.702703;2.664607;2836.125
19;CAUCA;19130;CAJIBÍO;19130005;EL ROSARIO;CP;-76.739136;2.606857;2821.62060546875
19;CAUCA;19130;CAJIBÍO;19130006;LA CAPILLA;CP;-76.625672;2.584144;2835.298095703125
19;CAUCA;19130;CAJIBÍO;19130007;LA PEDREGOSA;CP;-76.640318;2.669866;2846.197998046875
19;CAUCA;19130;CAJIBÍO;19130008;LA VENTA;CP;-76.549882;2.588967;2844.903076171875
19;CAUCA;19130;CAJIBÍO;19130009;SANTA TERESA DE CASAS BAJAS;CP;-76.733162;2.638267;2825.383056640625
19;CAUCA;19130;CAJIBÍO;19130010;ORTEGA;CP;-76.818402;2.693757;2816.0185546875
19;CAUCA;19130;CAJIBÍO;19130017;EL CAIRO;CP;-76.528447;2.601499;2845.193115234375
19;CAUCA;19130;CAJIBÍO;19130018;EL COFRE;CP;-76.557863;2.566376;2841.92138671875
19;CAUCA;19130;CAJIBÍO;19130019;ISLA DEL PONTON;CP;-76.53969;2.583987;2843.97314453125
19;CAUCA;19130;CAJIBÍO;19130020;LA LAGUNA DINDE;CP;-76.778271;2.69666;2824.29443359375
19;CAUCA;19130;CAJIBÍO;19130021;RESGUARDO INDÍGENA DEL GUAYABAL CXAYUGE FXIW CXAB;CP;-76.733351;2.617794;2823.865478515625
19;CAUCA;19130;CAJIBÍO;19130022;URBANIZACIÓN LAS MARGARITAS;CP;-76.567811;2.562988;2840.2431640625
19;CAUCA;19137;CALDONO;19137000;CALDONO;CM;-76.484789;2.798819;2851.741455078125
19;CAUCA;19137;CALDONO;19137001;CERRO ALTO;CP;-76.492606;2.83648;2856.783447265625
19;CAUCA;19137;CALDONO;19137002;EL PITAL;CP;-76.545838;2.863686;2862.5830078125
19;CAUCA;19137;CALDONO;19137004;PESCADOR;CP;-76.552742;2.799207;2857.5625
19;CAUCA;19137;CALDONO;19137007;PUEBLO NUEVO;CP;-76.444906;2.739712;2848.823486328125
19;CAUCA;19137;CALDONO;19137008;SIBERIA;CP;-76.515815;2.784142;2859.537353515625
19;CAUCA;19137;CALDONO;19137013;CRUCERO DE PESCADOR;CP;-76.547409;2.805912;2858.955078125
19;CAUCA;19142;CALOTO;19142000;CALOTO;CM;-76.408941;3.034531;2866.45068359375
19;CAUCA;19142;CALOTO;19142004;EL PALO;CP;-76.353545;3.065004;2877.00048828125
19;CAUCA;19142;CALOTO;19142007;HUASANÓ;CP;-76.309941;3.12009;2888.72314453125
19;CAUCA;19142;CALOTO;19142011;QUINTERO;CP;-76.435911;3.142759;2872.432373046875
19;CAUCA;19142;CALOTO;19142015;LA ARROBLEDA;CP;-76.429152;3.099063;2868.80224609375
19;CAUCA;19142;CALOTO;19142030;CRUCERO DE GUALÍ;CP;-76.418139;3.081106;2867.906494140625
19;CAUCA;19142;CALOTO;19142031;HUELLAS;CP;-76.376;2.989593;2876.252197265625
19;CAUCA;19142;CALOTO;19142032;ALTO EL PALO;CP;-76.352903;3.072468;2877.00341796875
19;CAUCA;19142;CALOTO;19142034;BODEGA ARRIBA;CP;-76.410575;3.080494;2868.192626953125
19;CAUCA;19142;CALOTO;19142038;EL NILO;CP;-76.368445;3.062648;2876.0625
19;CAUCA;19142;CALOTO;19142039;EL GUÁSIMO;CP;-76.413496;3.072915;2867.884033203125
19;CAUCA;19142;CALOTO;19142045;TOEZ;CP;-76.376157;3.049302;2875.571533203125
19;CAUCA;19142;CALOTO;19142050;LÓPEZ ADENTRO;CP;-76.347791;3.10863;2877.939697265625
19;CAUCA;19142;CALOTO;19142051;MORALES;CP;-76.409032;3.011545;2865.76220703125
19;CAUCA;19142;CALOTO;19142056;PÍLAMO;CP;-76.343773;3.093849;2878.029296875
19;CAUCA;19212;CORINTO;19212000;CORINTO;CM;-76.261866;3.173854;2905.630126953125
19;CAUCA;19212;CORINTO;19212001;EL JAGUAL;CP;-76.297104;3.140241;2895.830810546875
19;CAUCA;19212;CORINTO;19212004;MEDIA NARANJA;CP;-76.212966;3.179683;2910.3564453125
19;CAUCA;19212;CORINTO;19212005;RIONEGRO;CP;-76.209279;3.189776;2911.54833984375
19;CAUCA;19212;CORINTO;19212008;SAN RAFAEL;CP;-76.269098;3.161369;2904.00830078125
19;CAUCA;19212;CORINTO;19212009;EL BARRANCO;CP;-76.278428;3.22405;2904.66259765625
19;CAUCA;19212;CORINTO;19212010;QUEBRADITAS;CP;-76.203524;3.166132;2910.126708984375
19;CAUCA;19256;EL TAMBO;19256000;EL TAMBO;CM;-76.810911;2.451409;2802.8740234375
19;CAUCA;19256;EL TAMBO;19256001;ALTO DEL REY;CP;-76.851842;2.436931;2773.154052734375
19;CAUCA;19256;EL TAMBO;19256004;CUATRO ESQUINAS;CP;-76.839285;2.400173;2778.643798828125
19;CAUCA;19256;EL TAMBO;19256005;CHAPA;CP;-76.882809;2.470932;2763.68505859375
19;CAUCA;19256;EL TAMBO;19256007;EL PLACER;CP;-76.781052;2.41673;2806.979248046875
19;CAUCA;19256;EL TAMBO;19256009;EL ZARZAL;CP;-76.73182;2.45476;2810.104736328125
19;CAUCA;19256;EL TAMBO;19256012;HUISITÓ;CP;-77.064184;2.507567;2753.8154296875
19;CAUCA;19256;EL TAMBO;19256013;LA ALIANZA;CP;-76.897923;2.263736;2758.054931640625
19;CAUCA;19256;EL TAMBO;19256014;LA PAZ;CP;-76.960245;2.43236;2754.721923828125
19;CAUCA;19256;EL TAMBO;19256015;LOS ANAYES;CP;-76.797859;2.524228;2813.19140625
19;CAUCA;19256;EL TAMBO;19256016;LOS ANDES;CP;;;
19;CAUCA;19256;EL TAMBO;19256019;PANDIGUANDO;CP;-76.895732;2.439305;2758.531982421875
19;CAUCA;19256;EL TAMBO;19256020;PIAGUA;CP;-76.771217;2.434479;2806.64306640625
19;CAUCA;19256;EL TAMBO;19256022;QUILCACÉ;CP;-76.865165;2.321752;2765.948486328125
19;CAUCA;19256;EL TAMBO;19256025;SAN JOAQUÍN;CP;-76.748565;2.39618;2804.029296875
19;CAUCA;19256;EL TAMBO;19256027;SEGUENGUE;CP;-76.787379;2.585635;2819.827392578125
19;CAUCA;19256;EL TAMBO;19256028;URIBE;CP;-76.854124;2.552701;2782.65380859375
19;CAUCA;19256;EL TAMBO;19256029;FONDAS;CP;-76.922161;2.488136;2759.8193359375
19;CAUCA;19256;EL TAMBO;19256031;BUENA VISTA;CP;-76.976467;2.41424;2750.7470703125
19;CAUCA;19256;EL TAMBO;19256032;LAS BOTAS;CP;-76.852242;2.482158;2775.893798828125
19;CAUCA;19256;EL TAMBO;19256033;CABUYAL;CP;-76.901502;2.326939;2758.066162109375
19;CAUCA;19256;EL TAMBO;19256034;EL CRUCERO DEL PUEBLO;CP;-76.868692;2.349228;2765.31005859375
19;CAUCA;19256;EL TAMBO;19256036;PLAYA RICA;CP;;;
19;CAUCA;19256;EL TAMBO;19256058;AIRES DE OCCIDENTE;CP;-76.889891;2.470561;2761.73876953125
19;CAUCA;19256;EL TAMBO;19256059;EL CRUCERO DE PANDIGUANDO;CP;-76.880642;2.458149;2763.583740234375
19;CAUCA;19256;EL TAMBO;19256060;EL RECUERDO;CP;-76.842554;2.639981;2797.1982421875
19;CAUCA;19256;EL TAMBO;19256061;LA CHICUEÑA;CP;-76.892121;2.478583;2761.44873046875
19;CAUCA;19256;EL TAMBO;19256062;PUENTE DEL RÍO TIMBIO;CP;-76.848156;2.357035;2772.769287109375
19;CAUCA;19290;FLORENCIA;19290000;FLORENCIA;CM;-77.072547;1.682535;2703.044189453125
19;CAUCA;19290;FLORENCIA;19290001;EL ROSARIO;CP;-77.071494;1.716889;2709.206787109375
19;CAUCA;19290;FLORENCIA;19290002;MARSELLA;CP;-77.059675;1.718581;2723.118896484375
19;CAUCA;19300;GUACHENÉ;19300000;GUACHENÉ;CM;-76.392189;3.134153;2872.898193359375
19;CAUCA;19300;GUACHENÉ;19300004;BARRAGAN;CP;-76.428261;3.172835;2873.643798828125
19;CAUCA;19300;GUACHENÉ;19300005;CAMPOALEGRE;CP;-76.382862;3.138516;2874.243896484375
19;CAUCA;19300;GUACHENÉ;19300006;CAPONERA 1;CP;-76.423792;3.184133;2874.14599609375
19;CAUCA;19300;GUACHENÉ;19300007;CAPONERA SECTOR PALO BLANCO;CP;-76.429011;3.179929;2874.13427734375
19;CAUCA;19300;GUACHENÉ;19300008;CIENAGA HONDA;CP;-76.409464;3.089862;2869.08203125
19;CAUCA;19300;GUACHENÉ;19300009;GUABAL;CP;-76.408398;3.186204;2874.72021484375
19;CAUCA;19300;GUACHENÉ;19300010;GUABAL 1;CP;-76.412939;3.18545;2874.5185546875
19;CAUCA;19300;GUACHENÉ;19300011;GUABAL 2;CP;-76.411804;3.179655;2874.024169921875
19;CAUCA;19300;GUACHENÉ;19300012;LA CABAÑA;CP;-76.384785;3.161264;2875.016845703125
19;CAUCA;19300;GUACHENÉ;19300013;LA CABAÑITA;CP;-76.39045;3.167326;2874.635009765625
19;CAUCA;19300;GUACHENÉ;19300014;LA DOMINGA;CP;-76.403179;3.100037;2870.060546875
19;CAUCA;19300;GUACHENÉ;19300015;LLANO DE TAULA ALTO;CP;-76.367699;3.135925;2876.220703125
19;CAUCA;19300;GUACHENÉ;19300016;LLANO DE TAULA BAJO;CP;-76.372538;3.150193;2876.077392578125
19;CAUCA;19300;GUACHENÉ;19300017;MINGO;CP;-76.424809;3.202437;2875.353515625
19;CAUCA;19300;GUACHENÉ;19300018;OBANDO;CP;-76.379629;3.190866;2877.040771484375
19;CAUCA;19300;GUACHENÉ;19300019;OBANDO SECTOR LA ESPERANZA;CP;-76.382699;3.176635;2875.73486328125
19;CAUCA;19300;GUACHENÉ;19300020;SABANETA;CP;-76.401414;3.147366;2872.933837890625
19;CAUCA;19300;GUACHENÉ;19300021;SAN ANTONIO;CP;-76.389481;3.14897;2873.860595703125
19;CAUCA;19300;GUACHENÉ;19300022;SAN JACINTO;CP;-76.409087;3.107177;2870.001708984375
19;CAUCA;19300;GUACHENÉ;19300023;SAN JOSÉ;CP;-76.38669;3.140049;2873.794677734375
19;CAUCA;19318;GUAPI;19318000;GUAPI;CM;-77.888033;2.572918;2652.959716796875
19;CAUCA;19318;GUAPI;19318002;BENJAMÍN HERRERA (SAN VICENTE);CP;-77.757729;2.321675;2660.846435546875
19;CAUCA;19318;GUAPI;19318003;CALLELARGA;CP;-77.612324;2.515635;2673.9853515625
19;CAUCA;19318;GUAPI;19318005;EL CARMELO;CP;-77.759925;2.636679;2666.06982421875
19;CAUCA;19318;GUAPI;19318008;LIMONES;CP;-77.799449;2.610564;2669.38037109375
19;CAUCA;19318;GUAPI;19318011;EL ROSARIO;CP;-77.774134;2.359282;2672.867431640625
19;CAUCA;19318;GUAPI;19318012;SAN AGUSTÍN;CP;-77.600466;2.518755;2673
19;CAUCA;19318;GUAPI;19318013;SAN ANTONIO DE GUAJUÍ;CP;-77.690673;2.573514;2663.009521484375
19;CAUCA;19318;GUAPI;19318015;URIBE URIBE (EL NARANJO);CP;-77.750613;2.40691;2666.33740234375
19;CAUCA;19318;GUAPI;19318024;QUIROGA;CP;-77.823186;2.613209;2671.208251953125
19;CAUCA;19318;GUAPI;19318025;CHUARE;CP;-77.649316;2.495902;2672.41796875
19;CAUCA;19318;GUAPI;19318026;SAN JOSE DE GUARE;CP;-77.750301;2.616014;2664.810791015625
19;CAUCA;19318;GUAPI;19318027;BELÉN;CP;-77.596754;2.507254;2673
19;CAUCA;19318;GUAPI;19318028;CAIMITO;CP;-77.750817;2.465395;2668.037109375
19;CAUCA;19318;GUAPI;19318029;SANTA ANA;CP;-77.667215;2.485823;2667.42626953125
19;CAUCA;19355;INZÁ;19355000;INZÁ;CM;-76.063503;2.549183;2895.587646484375
19;CAUCA;19355;INZÁ;19355001;CALDERAS;CP;-76.045226;2.635424;2900.035888671875
19;CAUCA;19355;INZÁ;19355002;PEDREGAL;CP;-76.000639;2.517466;2893.73876953125
19;CAUCA;19355;INZÁ;19355003;PUERTO VALENCIA;CP;-75.965826;2.501198;2890.6953125
19;CAUCA;19355;INZÁ;19355004;SAN ANDRÉS;CP;-76.046514;2.582434;2898
19;CAUCA;19355;INZÁ;19355008;TUMBICHUCUE;CP;-76.069569;2.629438;2898.218017578125
19;CAUCA;19355;INZÁ;19355009;TURMINÁ;CP;-76.048906;2.497959;2894.47265625
19;CAUCA;19355;INZÁ;19355016;LA MILAGROSA;CP;-76.085928;2.533034;2884.067138671875
19;CAUCA;19355;INZÁ;19355017;YAQUIVÁ;CP;-76.073988;2.551801;2893.31103515625
19;CAUCA;19364;JAMBALÓ;19364000;JAMBALÓ;CM;-76.323877;2.777834;2853.748291015625
19;CAUCA;19392;LA SIERRA;19392000;LA SIERRA;CM;-76.763278;2.179383;2793.429443359375
19;CAUCA;19392;LA SIERRA;19392001;LA DEPRESIÓN;CP;-76.847907;2.189166;2766.825927734375
19;CAUCA;19392;LA SIERRA;19392005;LA CUCHILLA;CP;-76.755449;2.187117;2794.2724609375
19;CAUCA;19392;LA SIERRA;19392006;LA CUCHILLA ALTA;CP;-76.748461;2.196452;2794.902099609375
19;CAUCA;19397;LA VEGA;19397000;LA VEGA;CM;-76.779032;2.001109;2772.609375
19;CAUCA;19397;LA VEGA;19397001;ALTAMIRA;CP;-76.813173;2.075764;2768.02099609375
19;CAUCA;19397;LA VEGA;19397002;ARBELA;CP;-76.771938;2.14385;2789.480712890625
19;CAUCA;19397;LA VEGA;19397004;EL PALMAR;CP;-76.862005;2.07018;2752.1240234375
19;CAUCA;19397;LA VEGA;19397005;GUACHICONO;CP;-76.673339;2.029677;2781.90234375
19;CAUCA;19397;LA VEGA;19397006;LOS UVOS;CP;-76.883287;2.104562;2751.5107421875
19;CAUCA;19397;LA VEGA;19397007;PANCITARÁ;CP;-76.760334;1.980033;2775.578125
19;CAUCA;19397;LA VEGA;19397009;SAN MIGUEL;CP;-76.774666;2.11683;2786.0244140625
19;CAUCA;19397;LA VEGA;19397010;SANTA BÁRBARA;CP;-76.821439;2.063557;2763.816650390625
19;CAUCA;19397;LA VEGA;19397011;SANTA JUANA;CP;-76.805805;2.130015;2779.25244140625
19;CAUCA;19397;LA VEGA;19397012;ALBANIA;CP;-76.799514;2.097985;2775.552978515625
19;CAUCA;19397;LA VEGA;19397018;BARBILLAS;CP;-76.681129;2.009233;2778.31005859375
19;CAUCA;19397;LA VEGA;19397019;SANTA RITA;CP;-76.848795;2.07051;2755.581298828125
19;CAUCA;19418;LÓPEZ DE MICAY;19418000;LÓPEZ;CM;-77.247803;2.846788;2734.868896484375
19;CAUCA;19418;LÓPEZ DE MICAY;19418009;NOANAMITO;CP;-77.53738;3.078042;2712.958984375
19;CAUCA;19418;LÓPEZ DE MICAY;19418010;PLAYA GRANDE;CP;-77.229347;2.915855;2740.4208984375
19;CAUCA;19418;LÓPEZ DE MICAY;19418012;SAN ANTONIO DE CHUARE;CP;-77.256689;2.874389;2736.087646484375
19;CAUCA;19418;LÓPEZ DE MICAY;19418018;TAPARAL;CP;-77.349991;2.939542;2730.9833984375
19;CAUCA;19418;LÓPEZ DE MICAY;19418019;ZARAGOZA;CP;-77.405714;2.979861;2717.29150390625
19;CAUCA;19418;LÓPEZ DE MICAY;19418024;BETANIA;CP;-77.452633;3.238878;2721.968505859375
19;CAUCA;19418;LÓPEZ DE MICAY;19418032;SAN ANTONIO DE GURUMENDY;CP;-77.253441;2.820335;2732.583984375
19;CAUCA;19418;LÓPEZ DE MICAY;19418035;SANTA CRUZ DE SIGUI;CP;-77.178596;2.84158;2761.30078125
19;CAUCA;19418;LÓPEZ DE MICAY;19418036;CABECITAS;CP;-77.187765;2.862095;2756.12939453125
19;CAUCA;19418;LÓPEZ DE MICAY;19418038;ISLA DE GALLO;CP;-77.303119;2.913812;2728.986572265625
19;CAUCA;19418;LÓPEZ DE MICAY;19418039;JUAN COBO;CP;-77.547502;3.064642;2709.70166015625
19;CAUCA;19450;MERCADERES;19450000;MERCADERES;CM;-77.165844;1.775772;2692.697509765625
19;CAUCA;19450;MERCADERES;19450002;ARBOLEDAS;CP;-77.20115;1.702114;2686.20263671875
19;CAUCA;19450;MERCADERES;19450003;EL PILÓN;CP;-77.157166;1.937457;2700.679443359375
19;CAUCA;19450;MERCADERES;19450004;ESMERALDAS;CP;-77.05198;1.74717;2728.185791015625
19;CAUCA;19450;MERCADERES;19450006;SAN JOAQUÍN;CP;-77.079027;1.774975;2713.26806640625
19;CAUCA;19450;MERCADERES;19450007;SAN JUANITO;CP;-77.27104;1.734573;2662.635009765625
19;CAUCA;19450;MERCADERES;19450010;CURACAS;CP;-77.124185;1.770591;2700.4345703125
19;CAUCA;19450;MERCADERES;19450012;LA DESPENSA;CP;-77.245073;1.727802;2670.203369140625
19;CAUCA;19450;MERCADERES;19450014;SOMBRERILLOS;CP;-77.148264;1.704572;2696.893310546875
19;CAUCA;19450;MERCADERES;19450015;EL BADO;CP;-77.300473;1.780883;2675.93115234375
19;CAUCA;19450;MERCADERES;19450016;TABLONCITO;CP;-77.165398;1.710995;2695
19;CAUCA;19450;MERCADERES;19450019;MOJARRAS;CP;-77.197404;1.888002;2691.791015625
19;CAUCA;19450;MERCADERES;19450020;LOS LLANOS;CP;-77.0715;1.788421;2721.06689453125
19;CAUCA;19450;MERCADERES;19450023;BUENOS AIRES;CP;-77.259679;1.755892;2665.257568359375
19;CAUCA;19450;MERCADERES;19450024;EL CANGREJO;CP;-77.190086;1.894825;2691.65087890625
19;CAUCA;19450;MERCADERES;19450025;EL COCAL;CP;-77.254185;1.850134;2679.37158203125
19;CAUCA;19450;MERCADERES;19450026;ESPERANZAS DE MAYO;CP;-77.320488;1.694097;2676.1240234375
19;CAUCA;19450;MERCADERES;19450027;PUEBLO NUEVO;CP;-77.257502;1.763005;2666.2626953125
19;CAUCA;19455;MIRANDA;19455000;MIRANDA;CM;-76.229046;3.253161;2915.250732421875
19;CAUCA;19455;MIRANDA;19455005;ORTIGAL;CP;-76.34413;3.280847;2889.73779296875
19;CAUCA;19455;MIRANDA;19455007;SANTA ANA;CP;-76.284848;3.264924;2904.12060546875
19;CAUCA;19455;MIRANDA;19455008;TIERRADURA;CP;-76.303198;3.238709;2899.9248046875
19;CAUCA;19455;MIRANDA;19455009;TULIPAN;CP;-76.357652;3.257387;2883.82080078125
19;CAUCA;19455;MIRANDA;19455010;GUATEMALA;CP;-76.230039;3.23263;2913.39501953125
19;CAUCA;19455;MIRANDA;19455011;SAN ANDRÉS;CP;-76.281115;3.277191;2905.039794921875
19;CAUCA;19455;MIRANDA;19455013;LA LINDOSA;CP;-76.299833;3.283354;2901.846435546875
19;CAUCA;19473;MORALES;19473000;MORALES;CM;-76.629106;2.754684;2849.972412109375
19;CAUCA;19473;MORALES;19473002;CARPINTERO;CP;-76.607504;2.791049;2851.76220703125
19;CAUCA;19473;MORALES;19473009;SAN ISIDRO;CP;-76.660093;2.746555;2849.708984375
19;CAUCA;19473;MORALES;19473012;SANTA ROSA;CP;-76.662293;2.799108;2851.06103515625
19;CAUCA;19473;MORALES;19473014;LA ESTACIÓN;CP;-76.623715;2.768233;2850.060546875
19;CAUCA;19473;MORALES;19473017;EL ROSARIO;CP;-76.657423;2.731884;2848.99853515625
19;CAUCA;19513;PADILLA;19513000;PADILLA;CM;-76.313265;3.220984;2895.02734375
19;CAUCA;19513;PADILLA;19513001;YARUMALES;CP;-76.360832;3.216501;2880.869140625
19;CAUCA;19513;PADILLA;19513003;LA PAILA;CP;-76.314487;3.195128;2891.738037109375
19;CAUCA;19513;PADILLA;19513004;EL CHAMIZO;CP;-76.359367;3.205751;2880.269775390625
19;CAUCA;19513;PADILLA;19513007;LOS ROBLES;CP;-76.356791;3.227842;2882.01904296875
19;CAUCA;19513;PADILLA;19513008;CUERNAVACA;CP;-76.332006;3.221058;2887.568603515625
19;CAUCA;19517;PÁEZ;19517000;BELALCÁZAR;CM;-75.971965;2.641367;2898.395751953125
19;CAUCA;19517;PÁEZ;19517002;AVIRAMA;CP;-75.9773;2.658314;2899.714599609375
19;CAUCA;19517;PÁEZ;19517003;COHETANDO;CP;-75.982301;2.584071;2894.64501953125
19;CAUCA;19517;PÁEZ;19517007;ITAIBE;CP;-75.848422;2.479601;2921.712890625
19;CAUCA;19517;PÁEZ;19517012;RICAURTE;CP;-75.957179;2.526247;2893.878173828125
19;CAUCA;19517;PÁEZ;19517013;RIOCHIQUITO;CP;-75.782059;2.670861;2938.034912109375
19;CAUCA;19517;PÁEZ;19517014;SAN LUIS (POTRERILLO);CP;-75.924424;2.568357;2909.97021484375
19;CAUCA;19517;PÁEZ;19517015;TALAGA;CP;-76.022256;2.713758;2906.434814453125
19;CAUCA;19517;PÁEZ;19517016;TÓEZ;CP;-76.049933;2.777559;2909.392822265625
19;CAUCA;19517;PÁEZ;19517017;LA MESA DE TOGOIMA;CP;-75.984407;2.577541;2894.426025390625
19;CAUCA;19517;PÁEZ;19517029;MINUTO DE DIOS;CP;-75.973975;2.632798;2897.215576171875
19;CAUCA;19517;PÁEZ;19517030;COQUIYÓ;CP;-75.987388;2.620433;2897.8076171875
19;CAUCA;19517;PÁEZ;19517032;EL RODEO;CP;-75.975429;2.672203;2901.229736328125
19;CAUCA;19517;PÁEZ;19517033;GUADUALEJO;CP;-75.969405;2.569238;2893.147705078125
19;CAUCA;19517;PÁEZ;19517034;GUAPIO;CP;-75.97811;2.678018;2901.9853515625
19;CAUCA;19517;PÁEZ;19517035;GUAQUIYÓ;CP;-76.014424;2.675672;2904.818359375
19;CAUCA;19517;PÁEZ;19517037;LA MARÍA;CP;-75.980641;2.688387;2903.302490234375
19;CAUCA;19517;PÁEZ;19517039;MESA DE CALOTO;CP;-76.060991;2.791102;2910.037353515625
19;CAUCA;19517;PÁEZ;19517040;MESA DE TÁLAGA;CP;-76.027688;2.724616;2906.25537109375
19;CAUCA;19517;PÁEZ;19517043;VICANENGA;CP;-76.017319;2.693495;2905.89111328125
19;CAUCA;19517;PÁEZ;19517044;LA MESA DE AVIRAMA;CP;-75.980103;2.662261;2900.6357421875
19;CAUCA;19517;PÁEZ;19517045;LA MESA DE BELALCAZAR;CP;-75.9691;2.646319;2898.952880859375
19;CAUCA;19517;PÁEZ;19517046;SANTA ROSA;CP;-76.005601;2.584937;2898.08056640625
19;CAUCA;19532;PATÍA;19532000;EL BORDO;CM;-76.981075;2.115875;2736.91162109375
19;CAUCA;19532;PATÍA;19532001;BRISAS;CP;-77.061627;2.281063;2742.27978515625
19;CAUCA;19532;PATÍA;19532003;DON ALONSO;CP;-77.040755;2.282212;2739.9287109375
19;CAUCA;19532;PATÍA;19532004;GALÍNDEZ;CP;-77.157214;1.94412;2701.896484375
19;CAUCA;19532;PATÍA;19532005;LA FONDA;CP;-77.059779;2.152143;2734.00830078125
19;CAUCA;19532;PATÍA;19532006;LA MESA;CP;-77.119837;2.255245;2738.25732421875
19;CAUCA;19532;PATÍA;19532008;PATÍA;CP;-77.053275;2.0692;2730.930419921875
19;CAUCA;19532;PATÍA;19532009;PIEDRASENTADA;CP;-76.898697;2.171821;2753.89306640625
19;CAUCA;19532;PATÍA;19532010;PAN DE AZÚCAR;CP;-77.133785;2.14894;2730.40234375
19;CAUCA;19532;PATÍA;19532012;SAJANDÍ;CP;-77.047215;2.174102;2734.995361328125
19;CAUCA;19532;PATÍA;19532013;EL ESTRECHO;CP;-77.119723;1.965877;2714.65283203125
19;CAUCA;19532;PATÍA;19532014;EL HOYO;CP;-77.010109;2.208266;2736.539306640625
19;CAUCA;19532;PATÍA;19532025;SANTA CRUZ;CP;-77.116119;2.171574;2734.865234375
19;CAUCA;19532;PATÍA;19532032;PALO MOCHO;CP;-76.963183;2.13421;2741.1884765625
19;CAUCA;19533;PIAMONTE;19533000;PIAMONTE;CM;-76.327892;1.119414;2780.923095703125
19;CAUCA;19533;PIAMONTE;19533002;EL REMANSO;CP;-76.207665;1.02563;2800.24462890625
19;CAUCA;19533;PIAMONTE;19533003;MIRAFLOR;CP;-76.437735;1.02999;2749.184326171875
19;CAUCA;19533;PIAMONTE;19533004;YAPURÁ;CP;-76.144888;1.018905;2809.95751953125
19;CAUCA;19533;PIAMONTE;19533005;LAS PALMERAS 1;CP;-76.389896;1.047235;2764.248291015625
19;CAUCA;19533;PIAMONTE;19533006;LAS PALMERAS 2;CP;-76.386295;1.043496;2763.8046875
19;CAUCA;19533;PIAMONTE;19533007;NÁPOLES;CP;-76.477609;1.049265;2756.705322265625
19;CAUCA;19548;PIENDAMÓ - TUNÍA;19548000;PIENDAMÓ;CM;-76.528615;2.64228;2848.382080078125
19;CAUCA;19548;PIENDAMÓ - TUNÍA;19548001;TUNÍA;CP;-76.533652;2.676453;2851.233642578125
19;CAUCA;19573;PUERTO TEJADA;19573000;PUERTO TEJADA;CM;-76.417673;3.233254;2877.0009765625
19;CAUCA;19573;PUERTO TEJADA;19573001;BOCAS DEL PALO;CP;-76.455016;3.26155;2882.4033203125
19;CAUCA;19573;PUERTO TEJADA;19573002;LAS BRISAS;CP;-76.391267;3.217964;2876.99072265625
19;CAUCA;19573;PUERTO TEJADA;19573003;SAN CARLOS;CP;-76.444328;3.243993;2879.712158203125
19;CAUCA;19573;PUERTO TEJADA;19573004;ZANJÓN RICO;CP;-76.368001;3.261828;2882.487548828125
19;CAUCA;19573;PUERTO TEJADA;19573006;VUELTA LARGA;CP;-76.436538;3.23972;2878.735107421875
19;CAUCA;19573;PUERTO TEJADA;19573008;LOS BANCOS;CP;-76.412891;3.214113;2875.950439453125
19;CAUCA;19573;PUERTO TEJADA;19573009;GUENGUE;CP;-76.385306;3.222999;2877.950439453125
19;CAUCA;19573;PUERTO TEJADA;19573010;CIUDAD SUR;CP;-76.448465;3.275344;2882.239501953125
19;CAUCA;19585;PURACÉ;19585000;COCONUCO;CM;-76.49575;2.342756;2828.62744140625
19;CAUCA;19585;PURACÉ;19585004;PURACÉ;CP;-76.455368;2.381061;2827.0302734375
19;CAUCA;19585;PURACÉ;19585007;SANTA LETICIA;CP;-76.170204;2.238863;2858.25390625
19;CAUCA;19585;PURACÉ;19585008;JUAN TAMA;CP;-76.165553;2.241316;2858.955810546875
19;CAUCA;19585;PURACÉ;19585009;PALETARÁ;CP;-76.494933;2.203316;2820.223388671875
19;CAUCA;19585;PURACÉ;19585010;CHAPÍO;CP;-76.444098;2.381493;2827.113037109375
19;CAUCA;19622;ROSAS;19622000;ROSAS;CM;-76.740336;2.260941;2799.356201171875
19;CAUCA;19622;ROSAS;19622002;PÁRRAGA;CP;-76.787435;2.231486;2797.584228515625
19;CAUCA;19622;ROSAS;19622007;CEFIRO;CP;-76.739833;2.262822;2799.4375
19;CAUCA;19622;ROSAS;19622011;SAUCE;CP;-76.69585;2.24829;2795.96240234375
19;CAUCA;19693;SAN SEBASTIÁN;19693000;SAN SEBASTIÁN;CM;-76.769467;1.838451;2770.7158203125
19;CAUCA;19693;SAN SEBASTIÁN;19693001;EL ROSAL;CP;-76.827311;1.784661;2748.015625
19;CAUCA;19693;SAN SEBASTIÁN;19693004;SANTIAGO;CP;-76.783735;1.814489;2763.63037109375
19;CAUCA;19693;SAN SEBASTIÁN;19693005;VALENCIA;CP;-76.671772;1.899975;2767.517578125
19;CAUCA;19693;SAN SEBASTIÁN;19693006;VENECIA;CP;-76.747316;1.867783;2774.803955078125
19;CAUCA;19698;SANTANDER DE QUILICHAO;19698000;SANTANDER DE QUILICHAO;CM;-76.485082;3.01517;2863.990478515625
19;CAUCA;19698;SANTANDER DE QUILICHAO;19698001;EL PALMAR;CP;-76.527908;2.999734;2863.989990234375
19;CAUCA;19698;SANTANDER DE QUILICHAO;19698002;EL TURCO;CP;-76.501712;2.891461;2860.35009765625
19;CAUCA;19698;SANTANDER DE QUILICHAO;19698004;LA ARROBLEDA;CP;-76.43831;3.104212;2869.298828125
19;CAUCA;19698;SANTANDER DE QUILICHAO;19698007;MONDOMO;CP;-76.552933;2.891563;2862.79541015625
19;CAUCA;19698;SANTANDER DE QUILICHAO;19698008;PARAMILLO 1;CP;-76.396337;2.930612;2869.32666015625
19;CAUCA;19698;SANTANDER DE QUILICHAO;19698009;SAN RAFAEL;CP;-76.456359;3.080883;2869.0458984375
19;CAUCA;19698;SANTANDER DE QUILICHAO;19698010;TRES QUEBRADAS;CP;-76.488308;2.890258;2858.194091796875
19;CAUCA;19698;SANTANDER DE QUILICHAO;19698013;SAN ANTONIO;CP;-76.519602;3.027244;2864.98046875
19;CAUCA;19698;SANTANDER DE QUILICHAO;19698014;SAN PEDRO;CP;-76.455654;2.977282;2859.99951171875
19;CAUCA;19698;SANTANDER DE QUILICHAO;19698017;DOMINGUILLO;CP;-76.493388;2.97015;2861.089111328125
19;CAUCA;19698;SANTANDER DE QUILICHAO;19698018;EL CRUCERO;CP;-76.42045;3.08211;2867.884521484375
19;CAUCA;19698;SANTANDER DE QUILICHAO;19698020;QUINAMAYO;CP;-76.517514;2.974849;2862.181396484375
19;CAUCA;19698;SANTANDER DE QUILICHAO;19698022;LLANO DE ALEGRÍAS;CP;-76.506896;2.985662;2862.3310546875
19;CAUCA;19698;SANTANDER DE QUILICHAO;19698023;CABECERA DOMINGUILLO;CP;-76.479943;2.948632;2859.2197265625
19;CAUCA;19698;SANTANDER DE QUILICHAO;19698024;CAMBALACHE;CP;-76.462128;2.991499;2861.104248046875
19;CAUCA;19698;SANTANDER DE QUILICHAO;19698025;EL BROCHE;CP;-76.412223;2.963684;2864.072021484375
19;CAUCA;19698;SANTANDER DE QUILICHAO;19698026;EL LLANITO;CP;-76.547134;2.902695;2864.06591796875
19;CAUCA;19698;SANTANDER DE QUILICHAO;19698027;EL TAJO;CP;-76.495241;2.989277;2862.281494140625
19;CAUCA;19698;SANTANDER DE QUILICHAO;19698028;LA AGUSTINA;CP;-76.548016;2.915372;2864.364501953125
19;CAUCA;19698;SANTANDER DE QUILICHAO;19698029;LA CAPILLA;CP;-76.496593;2.975987;2861.73193359375
19;CAUCA;19698;SANTANDER DE QUILICHAO;19698030;LA CHAPA;CP;-76.558883;2.911643;2862.75048828125
19;CAUCA;19698;SANTANDER DE QUILICHAO;19698031;LA PALOMERA;CP;-76.425867;2.955487;2860.581787109375
19;CAUCA;19698;SANTANDER DE QUILICHAO;19698032;LA QUEBRADA;CP;-76.428368;3.071606;2866.990234375
19;CAUCA;19698;SANTANDER DE QUILICHAO;19698033;LOMITAS ABAJO;CP;-76.557037;3.076514;2865.934814453125
19;CAUCA;19698;SANTANDER DE QUILICHAO;19698034;LOMITAS ARRIBA;CP;-76.562582;3.058163;2865.5322265625
19;CAUCA;19698;SANTANDER DE QUILICHAO;19698035;LOURDES;CP;-76.47152;2.995637;2861.921142578125
19;CAUCA;19698;SANTANDER DE QUILICHAO;19698036;MANDIVA;CP;-76.529936;2.94801;2862.462158203125
19;CAUCA;19698;SANTANDER DE QUILICHAO;19698037;SAN JOSÉ;CP;-76.498163;3.026553;2865.4970703125
19;CAUCA;19698;SANTANDER DE QUILICHAO;19698042;VILACHÍ;CP;-76.463327;2.950288;2858.63232421875
19;CAUCA;19698;SANTANDER DE QUILICHAO;19698043;BELLAVISTA;CP;-76.546573;2.907442;2864.2880859375
19;CAUCA;19698;SANTANDER DE QUILICHAO;19698044;PARAMILLO 2;CP;-76.400736;2.901002;2867.09765625
19;CAUCA;19698;SANTANDER DE QUILICHAO;19698045;TERRITORIO NASA KIWETK LA MARÍA;CP;-76.466309;3.006821;2862.36865234375
19;CAUCA;19698;SANTANDER DE QUILICHAO;19698046;TERRITORIO NASA KIWE TEKH KSXAW;CP;-76.503218;3.012973;2864
19;CAUCA;19701;SANTA ROSA;19701000;SANTA ROSA;CM;-76.573252;1.700916;2787.861572265625
19;CAUCA;19701;SANTA ROSA;19701001;DESCANSE;CP;-76.621252;1.486249;2750.036865234375
19;CAUCA;19701;SANTA ROSA;19701002;EL CARMELO;CP;-76.595066;1.725462;2784.331787109375
19;CAUCA;19701;SANTA ROSA;19701006;SAN JUAN DE VILLALOBOS;CP;-76.324295;1.53112;2817.891845703125
19;CAUCA;19743;SILVIA;19743000;SILVIA;CM;-76.379753;2.611927;2848.97265625
19;CAUCA;19743;SILVIA;19743002;PITAYO;CP;-76.324385;2.713229;2853.0205078125
19;CAUCA;19743;SILVIA;19743003;QUICHAYÁ;CP;-76.382106;2.718636;2854.084716796875
19;CAUCA;19743;SILVIA;19743005;USENDA;CP;-76.468184;2.626895;2835.90234375
19;CAUCA;19760;SOTARÁ - PAISPAMBA;19760000;PAISPAMBA;CM;-76.613365;2.253156;2796.444580078125
19;CAUCA;19760;SOTARÁ - PAISPAMBA;19760001;CHAPA;CP;-76.633864;2.193308;2791.769775390625
19;CAUCA;19760;SOTARÁ - PAISPAMBA;19760007;RÍO BLANCO;CP;-76.669554;2.087232;2785.793212890625
19;CAUCA;19760;SOTARÁ - PAISPAMBA;19760012;LAS VEGAS;CP;-76.619626;2.178709;2791.742431640625
19;CAUCA;19780;SUÁREZ;19780000;SUÁREZ;CM;-76.69357;2.959785;2848.09814453125
19;CAUCA;19780;SUÁREZ;19780007;LA TOMA;CP;-76.685951;2.903962;2850.3681640625
19;CAUCA;19780;SUÁREZ;19780008;LA BETULIA;CP;-76.733143;2.981145;2840.526123046875
19;CAUCA;19780;SUÁREZ;19780011;ALTAMIRA;CP;-76.785156;2.987657;2835.6044921875
19;CAUCA;19785;SUCRE;19785000;SUCRE;CM;-76.926279;2.038237;2742.984375
19;CAUCA;19785;SUCRE;19785001;EL PARAÍSO;CP;-76.89785;2.078023;2747.626220703125
19;CAUCA;19785;SUCRE;19785008;LA CEJA;CP;-76.93963;2.050192;2742.810546875
19;CAUCA;19807;TIMBÍO;19807000;TIMBÍO;CM;-76.676174;2.349249;2807.4931640625
19;CAUCA;19807;TIMBÍO;19807007;CRUCES;CP;-76.688832;2.314918;2801.89111328125
19;CAUCA;19807;TIMBÍO;19807009;ALTO SAN JOSÉ;CP;-76.749439;2.344911;2802.659423828125
19;CAUCA;19807;TIMBÍO;19807016;LAS HUACAS;CP;-76.697916;2.345729;2804.15966796875
19;CAUCA;19809;TIMBIQUÍ;19809000;TIMBIQUÍ;CM;-77.667541;2.777312;2674.103759765625
19;CAUCA;19809;TIMBIQUÍ;19809001;BUBUEY;CP;-77.642831;2.79639;2677.552978515625
19;CAUCA;19809;TIMBIQUÍ;19809002;CAMARONES;CP;-77.586032;2.819041;2681.898193359375
19;CAUCA;19809;TIMBIQUÍ;19809003;COTEJE;CP;-77.591819;2.640116;2674.533203125
19;CAUCA;19809;TIMBIQUÍ;19809006;SAN BERNARDO;CP;-77.384936;2.712107;2725.814453125
19;CAUCA;19809;TIMBIQUÍ;19809007;SAN JOSÉ;CP;-77.588402;2.614739;2674.455810546875
19;CAUCA;19809;TIMBIQUÍ;19809008;SANTA MARÍA;CP;-77.580161;2.587812;2676.091796875
19;CAUCA;19809;TIMBIQUÍ;19809009;SANTA ROSA DE SAIJA;CP;-77.469422;2.703058;2703.1025390625
19;CAUCA;19809;TIMBIQUÍ;19809010;CHETE;CP;-77.623938;2.65982;2677
19;CAUCA;19809;TIMBIQUÍ;19809011;BOCA DE PATÍA;CP;-77.466669;2.789783;2706
19;CAUCA;19809;TIMBIQUÍ;19809012;EL CHARCO;CP;-77.660852;2.702696;2671.04296875
19;CAUCA;19809;TIMBIQUÍ;19809013;EL REALITO;CP;-77.531556;2.613312;2694.772705078125
19;CAUCA;19809;TIMBIQUÍ;19809018;CUPI;CP;-77.520456;2.837503;2698.596435546875
19;CAUCA;19809;TIMBIQUÍ;19809020;SAN MIGUEL;CP;-77.676352;2.737756;2671.03955078125
19;CAUCA;19809;TIMBIQUÍ;19809021;COROZAL;CP;-77.704115;2.786002;2668.99072265625
19;CAUCA;19809;TIMBIQUÍ;19809022;CABECITAL;CP;-77.40189;2.762326;2726.098388671875
19;CAUCA;19809;TIMBIQUÍ;19809023;PUERTO SAIJA;CP;-77.621917;2.87104;2682.96337890625
19;CAUCA;19809;TIMBIQUÍ;19809024;ANGOSTURA;CP;-77.476267;2.744632;2704.1689453125
19;CAUCA;19809;TIMBIQUÍ;19809025;GUANGUI;CP;-77.373299;2.749257;2726.663818359375
19;CAUCA;19809;TIMBIQUÍ;19809026;LOS BRASOS;CP;-77.631041;2.880279;2682.749267578125
19;CAUCA;19809;TIMBIQUÍ;19809027;PIZARE;CP;-77.473125;2.766262;2705.033203125
19;CAUCA;19821;TORIBÍO;19821000;TORIBÍO;CM;-76.271127;2.95145;2883.310791015625
19;CAUCA;19821;TORIBÍO;19821005;SAN FRANCISCO;CP;-76.288628;2.924506;2878.744384765625
19;CAUCA;19821;TORIBÍO;19821007;TACUEYO;CP;-76.240341;3.021751;2891.377197265625
19;CAUCA;19821;TORIBÍO;19821009;CALOTO NUEVO;CP;-76.285307;2.93564;2880.4609375
19;CAUCA;19821;TORIBÍO;19821010;EL HUILA;CP;-76.236156;3.022936;2891.65380859375
19;CAUCA;19824;TOTORÓ;19824000;TOTORÓ;CM;-76.402443;2.510229;2841.4453125
19;CAUCA;19824;TOTORÓ;19824002;GABRIEL LÓPEZ;CP;-76.289022;2.510973;2863.993896484375
19;CAUCA;19824;TOTORÓ;19824004;PANIQUITÁ;CP;-76.469329;2.528894;2830.0009765625
19;CAUCA;19845;VILLA RICA;19845000;VILLA RICA;CM;-76.458025;3.17762;2878.529541015625
19;CAUCA;19845;VILLA RICA;19845005;JUAN IGNACIO;CP;-76.443443;3.221195;2878.515380859375
19;CAUCA;19845;VILLA RICA;19845006;PRIMAVERA;CP;-76.441259;3.197124;2876.571044921875
19;CAUCA;19845;VILLA RICA;19845007;PERICO NEGRO;CP;-76.432226;3.210129;2876.32275390625
20;CESAR;20001;VALLEDUPAR;20001000;VALLEDUPAR;CM;-73.259398;10.460472;3145.03271484375
20;CESAR;20001;VALLEDUPAR;20001001;AGUAS BLANCAS;CP;-73.487157;10.225763;3194.88427734375
20;CESAR;20001;VALLEDUPAR;20001002;ATANQUEZ;CP;-73.353992;10.696908;3171.279541015625
20;CESAR;20001;VALLEDUPAR;20001003;BADILLO;CP;-73.128231;10.63088;3114.753173828125
20;CESAR;20001;VALLEDUPAR;20001005;CARACOLÍ;CP;-73.736;10.078711;3249.153076171875
20;CESAR;20001;VALLEDUPAR;20001006;CHEMESQUEMENA;CP;-73.397275;10.715407;3187.25830078125
20;CESAR;20001;VALLEDUPAR;20001007;GUATAPURÍ;CP;-73.392527;10.726386;3185.501708984375
20;CESAR;20001;VALLEDUPAR;20001009;GUACOCHE;CP;-73.165771;10.49603;3121.2490234375
20;CESAR;20001;VALLEDUPAR;20001010;GUAYMARAL;CP;-73.648444;9.905987;3235.689697265625
20;CESAR;20001;VALLEDUPAR;20001011;LA MINA;CP;-73.291714;10.702616;3162.924560546875
20;CESAR;20001;VALLEDUPAR;20001012;LOS VENADOS;CP;-73.700153;10.010612;3241.53662109375
20;CESAR;20001;VALLEDUPAR;20001013;MARIANGOLA;CP;-73.587262;10.181712;3225.500244140625
20;CESAR;20001;VALLEDUPAR;20001014;PATILLAL;CP;-73.211181;10.704541;3133.92919921875
20;CESAR;20001;VALLEDUPAR;20001018;VALENCIA DE JESUS;CP;-73.394588;10.301557;3181
20;CESAR;20001;VALLEDUPAR;20001019;CAMPERUCHO;CP;-73.684678;10.099582;3240.901611328125
20;CESAR;20001;VALLEDUPAR;20001022;GUACOCHITO;CP;-73.150388;10.514792;3116.88134765625
20;CESAR;20001;VALLEDUPAR;20001024;LOS CALABAZOS;CP;-73.281362;10.244837;3142.392578125
20;CESAR;20001;VALLEDUPAR;20001025;LOS CORAZONES;CP;-73.222677;10.53188;3138.545166015625
20;CESAR;20001;VALLEDUPAR;20001026;LOS HATICOS  I;CP;-73.329351;10.693743;3165.880859375
20;CESAR;20001;VALLEDUPAR;20001027;LA MESA - AZUCAR BUENA;CP;-73.391401;10.432661;3180.44873046875
20;CESAR;20001;VALLEDUPAR;20001028;RAICES;CP;-73.181431;10.557551;3129.01904296875
20;CESAR;20001;VALLEDUPAR;20001030;RANCHO DE GOYA;CP;-73.310742;10.687367;3166
20;CESAR;20001;VALLEDUPAR;20001031;RÍO SECO;CP;-73.224302;10.606977;3137.52490234375
20;CESAR;20001;VALLEDUPAR;20001032;LA VEGA  ARRIBA;CP;-73.203416;10.658551;3134.023681640625
20;CESAR;20001;VALLEDUPAR;20001034;VILLA GERMANIA;CP;-73.71471;10.266922;3247.872802734375
20;CESAR;20001;VALLEDUPAR;20001036;EL JABO;CP;-73.185045;10.485275;3126.91015625
20;CESAR;20001;VALLEDUPAR;20001037;EL ALTO DE LA VUELTA;CP;-73.141973;10.587695;3117.65478515625
20;CESAR;20001;VALLEDUPAR;20001038;HATICOS II;CP;-73.325246;10.689658;3165.3564453125
20;CESAR;20001;VALLEDUPAR;20001039;EL PERRO;CP;-73.681359;9.965669;3239.69140625
20;CESAR;20001;VALLEDUPAR;20001040;LAS MERCEDES;CP;-73.776935;10.069797;3252.421875
20;CESAR;20001;VALLEDUPAR;20001041;SABANA DE CRESPO;CP;-73.412263;10.58025;3187.443115234375
20;CESAR;20001;VALLEDUPAR;20001042;LAS CASITAS;CP;-73.255586;10.369034;3141.118408203125
20;CESAR;20001;VALLEDUPAR;20001044;MARUAMAQUE;CP;-73.410038;10.757019;3193.39404296875
20;CESAR;20001;VALLEDUPAR;20001045;PONTÓN;CP;-73.340334;10.711033;3168.322998046875
20;CESAR;20001;VALLEDUPAR;20001047;EL MOJAO;CP;-73.317964;10.700496;3166
20;CESAR;20001;VALLEDUPAR;20001048;RAMALITO;CP;-73.312064;10.699444;3166
20;CESAR;20001;VALLEDUPAR;20001051;VILLA RUEDA;CP;-73.258174;10.729758;3140.727294921875
20;CESAR;20011;AGUACHICA;20011000;AGUACHICA;CM;-73.599399;8.309986;3174.5009765625
20;CESAR;20011;AGUACHICA;20011001;BARRANCALEBRIJA;CP;-73.718281;8.010576;3166.036376953125
20;CESAR;20011;AGUACHICA;20011006;LOMA DE CORREDOR;CP;-73.769059;8.130917;3171.60546875
20;CESAR;20011;AGUACHICA;20011009;PUERTO PATIÑO;CP;-73.691371;8.085934;3173.95654296875
20;CESAR;20011;AGUACHICA;20011010;BUTURAMA;CP;-73.694899;8.227898;3175.4560546875
20;CESAR;20011;AGUACHICA;20011011;NOREAN;CP;-73.611359;8.382981;3179.755859375
20;CESAR;20011;AGUACHICA;20011012;SANTA LUCÍA;CP;-73.631209;8.044447;3162.909912109375
20;CESAR;20011;AGUACHICA;20011014;VILLA DE SAN ANDRÉS;CP;-73.593087;8.257673;3170.5546875
20;CESAR;20011;AGUACHICA;20011025;EL JUNCAL;CP;-73.611316;8.198315;3170.22119140625
20;CESAR;20011;AGUACHICA;20011026;LA CAMPANA;CP;-73.595242;8.332195;3174.920654296875
20;CESAR;20011;AGUACHICA;20011029;LA YE;CP;-73.749721;8.122017;3170.005615234375
20;CESAR;20013;AGUSTÍN CODAZZI;20013000;AGUSTÍN CODAZZI;CM;-73.238389;10.040454;3131.9873046875
20;CESAR;20013;AGUSTÍN CODAZZI;20013002;CASACARA;CP;-73.261621;9.831891;3127.36181640625
20;CESAR;20013;AGUSTÍN CODAZZI;20013003;LLERASCA;CP;-73.248315;9.862403;3122.806396484375
20;CESAR;20013;AGUSTÍN CODAZZI;20013006;PUNTA ARRECHA;CP;-73.259858;9.936783;3136.545654296875
20;CESAR;20013;AGUSTÍN CODAZZI;20013007;SAN RAMÓN;CP;-73.208703;10.037433;3112.3046875
20;CESAR;20032;ASTREA;20032000;ASTREA;CM;-73.975842;9.498062;3255.003662109375
20;CESAR;20032;ASTREA;20032001;ARJONA;CP;-73.910492;9.534271;3256.023193359375
20;CESAR;20032;ASTREA;20032003;EL YUCAL;CP;-73.876604;9.556472;3254.1044921875
20;CESAR;20032;ASTREA;20032005;SANTA CECILIA;CP;-73.798135;9.531926;3240.98193359375
20;CESAR;20032;ASTREA;20032006;EL HEBRÓN;CP;-73.861656;9.517071;3249.269287109375
20;CESAR;20032;ASTREA;20032007;EL JOBO;CP;-73.867614;9.482884;3248.24560546875
20;CESAR;20032;ASTREA;20032008;LA Y;CP;-73.907837;9.5568;3257.088134765625
20;CESAR;20032;ASTREA;20032009;MONTECRISTO;CP;-74.078565;9.469282;3260.018310546875
20;CESAR;20032;ASTREA;20032010;NUEVA COLOMBIA;CP;-74.042513;9.553325;3263.1298828125
20;CESAR;20045;BECERRIL;20045000;BECERRIL;CM;-73.278839;9.704495;3124.870849609375
20;CESAR;20045;BECERRIL;20045001;ESTADOS UNIDOS;CP;-73.21353;9.624162;3116.39794921875
20;CESAR;20045;BECERRIL;20045004;LA GUAJIRITA;CP;-73.318551;9.754472;3148.19970703125
20;CESAR;20060;BOSCONIA;20060000;BOSCONIA;CM;-73.888761;9.975098;3269.00830078125
20;CESAR;20060;BOSCONIA;20060004;LOMA COLORADA;CP;-73.839018;9.89919;3260.8642578125
20;CESAR;20060;BOSCONIA;20060010;PUERTO LAJAS;CP;-73.837622;9.786171;3259.226318359375
20;CESAR;20175;CHIMICHAGUA;20175000;CHIMICHAGUA;CM;-73.813278;9.25875;3232.38427734375
20;CESAR;20175;CHIMICHAGUA;20175004;CANDELARIA;CP;-73.880545;9.210704;3240.47802734375
20;CESAR;20175;CHIMICHAGUA;20175005;EL GUAMO;CP;-73.903269;9.211999;3242.572509765625
20;CESAR;20175;CHIMICHAGUA;20175008;LAS FLORES;CP;-73.944807;9.291335;3244.30859375
20;CESAR;20175;CHIMICHAGUA;20175009;LAS VEGAS;CP;-73.651427;9.07868;3203.764892578125
20;CESAR;20175;CHIMICHAGUA;20175010;MANDINGUILLA;CP;-73.886679;9.352399;3245.6318359375
20;CESAR;20175;CHIMICHAGUA;20175011;SALOA;CP;-73.72877;9.192552;3220.867919921875
20;CESAR;20175;CHIMICHAGUA;20175013;SEMPEGUA;CP;-73.839158;9.165491;3229.957275390625
20;CESAR;20175;CHIMICHAGUA;20175014;SOLEDAD;CP;-73.706651;9.055156;3213.02685546875
20;CESAR;20175;CHIMICHAGUA;20175016;LA MATA;CP;-73.751597;9.146333;3221.863037109375
20;CESAR;20175;CHIMICHAGUA;20175017;EL CANAL;CP;-73.889233;9.410779;3247
20;CESAR;20175;CHIMICHAGUA;20175018;SANTO DOMINGO;CP;-73.827912;9.231321;3232.11328125
20;CESAR;20175;CHIMICHAGUA;20175020;PLATA PERDIDA;CP;-73.77347;9.274517;3230.044921875
20;CESAR;20175;CHIMICHAGUA;20175021;SABANAS DE JUAN MARCOS;CP;-73.851905;9.302513;3238.96630859375
20;CESAR;20175;CHIMICHAGUA;20175022;HIGO AMARILLO;CP;-73.989761;9.328561;3251.0537109375
20;CESAR;20175;CHIMICHAGUA;20175023;BETEL;CP;-73.823411;9.438252;3240.02978515625
20;CESAR;20175;CHIMICHAGUA;20175024;BUENOS AIRES;CP;-73.90207;9.307416;3244.107666015625
20;CESAR;20175;CHIMICHAGUA;20175025;CUATRO ESQUINAS;CP;-73.984888;9.312465;3249.84765625
20;CESAR;20175;CHIMICHAGUA;20175029;PIEDRAS BLANCAS;CP;-73.535113;9.084045;3189.967529296875
20;CESAR;20175;CHIMICHAGUA;20175030;PUEBLITO;CP;-73.776136;9.347892;3233.29296875
20;CESAR;20175;CHIMICHAGUA;20175031;ÚLTIMO CASO;CP;-73.753033;9.108165;3220.27001953125
20;CESAR;20175;CHIMICHAGUA;20175032;ZAPATI;CP;-73.751872;9.081226;3219.140625
20;CESAR;20175;CHIMICHAGUA;20175033;CABECERA;CP;-73.70131;9.108047;3214.7841796875
20;CESAR;20175;CHIMICHAGUA;20175034;CORRALITO;CP;-73.758031;9.28588;3228.808349609375
20;CESAR;20175;CHIMICHAGUA;20175035;DIOS ME VE;CP;-73.979904;9.356511;3249.646728515625
20;CESAR;20175;CHIMICHAGUA;20175036;EL PROGRESO;CP;-73.739581;9.072317;3217.740966796875
20;CESAR;20175;CHIMICHAGUA;20175037;LA INVERNA;CP;-73.840932;9.442971;3242.42724609375
20;CESAR;20175;CHIMICHAGUA;20175038;LA SABANA DEL TREBOL;CP;-73.856229;9.286895;3239.1337890625
20;CESAR;20175;CHIMICHAGUA;20175039;LA UNION;CP;-73.836059;9.410927;3240.5927734375
20;CESAR;20175;CHIMICHAGUA;20175040;MATA DE GUILLIN;CP;-73.694273;9.124745;3213.916015625
20;CESAR;20175;CHIMICHAGUA;20175041;NUEVA VICTORIA;CP;-73.836316;9.332711;3237.537353515625
20;CESAR;20178;CHIRIGUANÁ;20178000;CHIRIGUANÁ;CM;-73.599913;9.361058;3206.7177734375
20;CESAR;20178;CHIRIGUANÁ;20178006;POPONTE;CP;-73.411458;9.423365;3166.9072265625
20;CESAR;20178;CHIRIGUANÁ;20178008;RINCÓN HONDO;CP;-73.489464;9.395218;3183.0087890625
20;CESAR;20178;CHIRIGUANÁ;20178014;LA AURORA;CP;-73.552382;9.464857;3195.059814453125
20;CESAR;20178;CHIRIGUANÁ;20178015;ESTACIÓN CHIRIGUANÁ;CP;-73.5653;9.365136;3196.8125
20;CESAR;20178;CHIRIGUANÁ;20178016;LA SIERRA;CP;-73.523747;9.370113;3186.409423828125
20;CESAR;20178;CHIRIGUANÁ;20178017;AGUA FRÍA;CP;-73.586694;9.456495;3204.3349609375
20;CESAR;20178;CHIRIGUANÁ;20178018;EL CRUCE DE LA SIERRA;CP;-73.532413;9.370104;3188.279052734375
20;CESAR;20178;CHIRIGUANÁ;20178019;ARENAS BLANCAS;CP;-73.448302;9.471743;3182.958251953125
20;CESAR;20178;CHIRIGUANÁ;20178021;CERRAJONES;CP;-73.565625;9.487018;3199.6962890625
20;CESAR;20228;CURUMANÍ;20228000;CURUMANÍ;CM;-73.540843;9.201716;3194.97119140625
20;CESAR;20228;CURUMANÍ;20228001;SABANAGRANDE;CP;-73.610683;9.199538;3207.993896484375
20;CESAR;20228;CURUMANÍ;20228002;SAN ROQUE;CP;-73.514962;9.290269;3191.998046875
20;CESAR;20228;CURUMANÍ;20228003;SAN SEBASTIÁN;CP;-73.539846;9.273753;3191.817138671875
20;CESAR;20228;CURUMANÍ;20228004;SANTA ISABEL;CP;-73.479924;9.332265;3185.248779296875
20;CESAR;20228;CURUMANÍ;20228005;CHAMPÁN;CP;-73.63809;9.190345;3207
20;CESAR;20228;CURUMANÍ;20228007;GUAIMARAL;CP;-73.660064;9.229739;3210.296875
20;CESAR;20228;CURUMANÍ;20228008;BARRIO ACOSTA;CP;-73.64852;9.190064;3207.75048828125
20;CESAR;20228;CURUMANÍ;20228009;HOJANCHA;CP;-73.653734;9.190082;3208.322265625
20;CESAR;20228;CURUMANÍ;20228011;EL MAMEY;CP;-73.617383;9.249151;3208
20;CESAR;20228;CURUMANÍ;20228012;CHINELA;CP;-73.648829;9.175674;3207.138427734375
20;CESAR;20228;CURUMANÍ;20228014;NUEVO HORIZONTE;CP;-73.651491;9.188738;3207.96142578125
20;CESAR;20238;EL COPEY;20238000;EL COPEY;CM;-73.962751;10.149626;3275.8525390625
20;CESAR;20238;EL COPEY;20238002;CARACOLICITO;CP;-73.970276;10.195308;3277.9345703125
20;CESAR;20238;EL COPEY;20238003;CHIMILA;CP;-73.848669;10.322589;3269.169677734375
20;CESAR;20238;EL COPEY;20238004;SAN FRANCISCO DE ASÍS;CP;-73.89128;10.288682;3272.832275390625
20;CESAR;20250;EL PASO;20250000;EL PASO;CM;-73.741788;9.66847;3239.980224609375
20;CESAR;20250;EL PASO;20250001;EL VALLITO;CP;-73.64961;9.823696;3230.8447265625
20;CESAR;20250;EL PASO;20250002;LA LOMA;CP;-73.600809;9.618528;3207.602783203125
20;CESAR;20250;EL PASO;20250003;POTRERILLO;CP;-73.665316;9.537138;3218.169677734375
20;CESAR;20250;EL PASO;20250004;CUATRO VIENTOS;CP;-73.709361;9.740654;3239.288818359375
20;CESAR;20250;EL PASO;20250006;EL CARMEN;CP;-73.691552;9.67049;3233.67041015625
20;CESAR;20295;GAMARRA;20295000;GAMARRA;CM;-73.74376;8.320449;3183.893310546875
20;CESAR;20295;GAMARRA;20295001;LA ESTACIÓN;CP;-73.718326;8.342555;3184.86572265625
20;CESAR;20295;GAMARRA;20295002;EL CONTENTO;CP;-73.773122;8.2221;3177.972900390625
20;CESAR;20295;GAMARRA;20295004;PALENQUILLO;CP;-73.722883;8.442721;3191
20;CESAR;20295;GAMARRA;20295005;PUERTO MOSQUITO;CP;-73.75431;8.18772;3174.635009765625
20;CESAR;20295;GAMARRA;20295006;PUERTO VIEJO;CP;-73.751521;8.342981;3185.986328125
20;CESAR;20295;GAMARRA;20295007;CASCAJAL;CP;-73.734185;8.315056;3183.052734375
20;CESAR;20310;GONZÁLEZ;20310000;GONZÁLEZ;CM;-73.38004;8.389604;3154
20;CESAR;20310;GONZÁLEZ;20310002;BÚRBURA;CP;-73.374329;8.432029;3153.688232421875
20;CESAR;20310;GONZÁLEZ;20310003;CULEBRITA;CP;-73.375292;8.44704;3153
20;CESAR;20310;GONZÁLEZ;20310006;MONTERA;CP;-73.353991;8.419359;3153.000244140625
20;CESAR;20310;GONZÁLEZ;20310007;SAN ISIDRO;CP;-73.37182;8.379;3154
20;CESAR;20383;LA GLORIA;20383000;LA GLORIA;CM;-73.80321;8.619298;3202.386962890625
20;CESAR;20383;LA GLORIA;20383001;AYACUCHO;CP;-73.587698;8.600278;3182.5458984375
20;CESAR;20383;LA GLORIA;20383002;CAROLINA;CP;-73.764219;8.494099;3192.89697265625
20;CESAR;20383;LA GLORIA;20383003;MOLINA;CP;-73.754884;8.561639;3194.750244140625
20;CESAR;20383;LA GLORIA;20383005;SIMAÑA;CP;-73.730594;8.611207;3195.440185546875
20;CESAR;20383;LA GLORIA;20383006;BESOTE;CP;-73.638431;8.493349;3184.992431640625
20;CESAR;20383;LA GLORIA;20383010;LA MATA;CP;-73.63559;8.611747;3189.375244140625
20;CESAR;20383;LA GLORIA;20383011;ESTACIÓN FERROCARRIL;CP;-73.686255;8.626233;3194
20;CESAR;20383;LA GLORIA;20383012;LAS PUNTAS;CP;-73.734925;8.543176;3193.044189453125
20;CESAR;20400;LA JAGUA DE IBIRICO;20400000;LA JAGUA DE IBIRICO;CM;-73.334143;9.563752;3147.588134765625
20;CESAR;20400;LA JAGUA DE IBIRICO;20400001;LAS PALMITAS;CP;-73.408451;9.501063;3169.717041015625
20;CESAR;20400;LA JAGUA DE IBIRICO;20400002;LA VICTORIA DE SAN ISIDRO;CP;-73.235846;9.587243;3124.336669921875
20;CESAR;20400;LA JAGUA DE IBIRICO;20400003;BOQUERÓN;CP;-73.421954;9.631152;3173.51220703125
20;CESAR;20443;MANAURE BALCÓN DEL CESAR;20443000;MANAURE BALCÓN DEL CESAR;CM;-73.02832;10.390899;3070.271728515625
20;CESAR;20517;PAILITAS;20517000;PAILITAS;CM;-73.625808;8.956032;3198.38427734375
20;CESAR;20517;PAILITAS;20517001;LA FLORESTA;CP;-73.675054;8.842945;3201.0068359375
20;CESAR;20517;PAILITAS;20517002;RIVERA;CP;-73.693712;9.005631;3207.932861328125
20;CESAR;20517;PAILITAS;20517004;PALESTINA;CP;-73.693394;8.878591;3201.003662109375
20;CESAR;20517;PAILITAS;20517006;EL BURRO;CP;-73.661241;8.875743;3201.132568359375
20;CESAR;20550;PELAYA;20550000;PELAYA;CM;-73.666451;8.689006;3194.01123046875
20;CESAR;20550;PELAYA;20550001;COSTILLA;CP;-73.723309;8.732411;3199.788818359375
20;CESAR;20550;PELAYA;20550012;SAN BERNARDO;CP;-73.724861;8.676833;3197.971923828125
20;CESAR;20570;PUEBLO BELLO;20570000;PUEBLO BELLO;CM;-73.588468;10.415186;3228.921630859375
20;CESAR;20570;PUEBLO BELLO;20570001;LA CAJA;CP;-73.577131;10.459142;3227.693115234375
20;CESAR;20570;PUEBLO BELLO;20570002;LAS MINAS DE IRACAL;CP;-73.491426;10.362477;3205.709716796875
20;CESAR;20570;PUEBLO BELLO;20570003;NUEVO COLÓN;CP;-73.750454;10.388771;3248.994873046875
20;CESAR;20570;PUEBLO BELLO;20570004;NABUSIMAKE;CP;-73.586615;10.560476;3231.107421875
20;CESAR;20570;PUEBLO BELLO;20570005;PALMARITO;CP;-73.739363;10.40366;3247.80517578125
20;CESAR;20614;RÍO DE ORO;20614000;RÍO DE ORO;CM;-73.386393;8.292292;3153.57958984375
20;CESAR;20614;RÍO DE ORO;20614001;EL MARQUÉZ;CP;-73.591533;8.109421;3164.00390625
20;CESAR;20614;RÍO DE ORO;20614004;LOS ANGELES;CP;-73.509752;8.098665;3162.72607421875
20;CESAR;20614;RÍO DE ORO;20614006;MONTECITOS;CP;-73.503616;8.173015;3164.477783203125
20;CESAR;20614;RÍO DE ORO;20614010;PUERTO NUEVO;CP;-73.495218;8.217157;3164.96923828125
20;CESAR;20614;RÍO DE ORO;20614012;MORRISON;CP;-73.555086;8.081291;3165
20;CESAR;20621;LA PAZ;20621000;ROBLES;CM;-73.171365;10.387552;3115.8046875
20;CESAR;20621;LA PAZ;20621001;LOS ENCANTOS;CP;-73.069312;10.2589;3080.199951171875
20;CESAR;20621;LA PAZ;20621006;SAN JOSÉ DEL ORIENTE;CP;-73.043419;10.350147;3071.946533203125
20;CESAR;20621;LA PAZ;20621011;VARAS BLANCAS;CP;-73.151511;10.423707;3111.11865234375
20;CESAR;20621;LA PAZ;20621012;SAN JOSÉ DE ORIENTE - BETANIA;CP;-73.051245;10.34864;3076.6064453125
20;CESAR;20621;LA PAZ;20621013;MINGUILLO;CP;-73.501445;9.943712;3196.46630859375
20;CESAR;20621;LA PAZ;20621015;RABO LARGO;CP;-73.623569;9.806254;3218.76953125
20;CESAR;20621;LA PAZ;20621016;SABANA ALTA;CP;-73.488566;9.92812;3191.90283203125
20;CESAR;20710;SAN ALBERTO;20710000;SAN ALBERTO;CM;-73.39389;7.761109;3140
20;CESAR;20710;SAN ALBERTO;20710001;LA LLANA;CP;-73.517321;7.72788;3138.874267578125
20;CESAR;20710;SAN ALBERTO;20710002;LA PALMA;CP;-73.433883;7.732474;3138.4072265625
20;CESAR;20710;SAN ALBERTO;20710005;LÍBANO;CP;-73.428908;7.836959;3145.074462890625
20;CESAR;20710;SAN ALBERTO;20710008;PUERTO CARREÑO;CP;-73.432775;7.709382;3135.6728515625
20;CESAR;20750;SAN DIEGO;20750000;SAN DIEGO;CM;-73.181208;10.333039;3118.375
20;CESAR;20750;SAN DIEGO;20750001;LOS TUPES;CP;-73.204724;10.347094;3130.134033203125
20;CESAR;20750;SAN DIEGO;20750002;MEDIA LUNA;CP;-73.14473;10.244292;3107.020751953125
20;CESAR;20750;SAN DIEGO;20750006;EL RINCÓN;CP;-73.132523;10.270442;3107.513916015625
20;CESAR;20750;SAN DIEGO;20750007;LAS PITILLAS;CP;-73.239929;10.329975;3137.4775390625
20;CESAR;20750;SAN DIEGO;20750009;LOS BRASILES;CP;-73.267577;10.182837;3145.43701171875
20;CESAR;20750;SAN DIEGO;20750011;TOCAIMO;CP;-73.16466;10.223592;3107.9453125
20;CESAR;20750;SAN DIEGO;20750012;NUEVAS FLORES;CP;-73.236303;10.145405;3138.6240234375
20;CESAR;20770;SAN MARTÍN;20770000;SAN MARTÍN;CM;-73.510914;7.999855;3158.0087890625
20;CESAR;20770;SAN MARTÍN;20770001;AGUAS BLANCAS;CP;-73.551021;7.851544;3149.8349609375
20;CESAR;20770;SAN MARTÍN;20770003;MINAS;CP;-73.456067;7.893512;3148.24267578125
20;CESAR;20770;SAN MARTÍN;20770004;PUERTO OCULTO;CP;-73.665463;7.879496;3157.00146484375
20;CESAR;20770;SAN MARTÍN;20770005;SAN JOSÉ DE LAS AMÉRICAS;CP;-73.571765;7.8992;3154.23095703125
20;CESAR;20770;SAN MARTÍN;20770006;CANDELIA;CP;-73.591912;7.830276;3149.093017578125
20;CESAR;20770;SAN MARTÍN;20770007;TERRAPLEN;CP;-73.657703;7.877982;3156.347412109375
20;CESAR;20770;SAN MARTÍN;20770008;LA CURVA;CP;-73.544995;7.859388;3149.924072265625
20;CESAR;20770;SAN MARTÍN;20770009;LA BANCA TORCOROMA;CP;-73.584438;7.938564;3156.973388671875
20;CESAR;20770;SAN MARTÍN;20770010;CUATRO BOCAS;CP;-73.605492;7.986405;3158
20;CESAR;20770;SAN MARTÍN;20770011;LOS BAGRES;CP;-73.427346;7.947473;3152.072509765625
20;CESAR;20770;SAN MARTÍN;20770012;PITA LIMÓN;CP;-73.656103;7.947814;3159.885009765625
20;CESAR;20770;SAN MARTÍN;20770016;CAMPO AMALIA;CP;-73.676959;7.947455;3161.0205078125
20;CESAR;20787;TAMALAMEQUE;20787000;TAMALAMEQUE;CM;-73.812172;8.861725;3218.18603515625
20;CESAR;20787;TAMALAMEQUE;20787001;PALESTINA LA NUEVA;CP;-73.701539;8.87758;3201
20;CESAR;20787;TAMALAMEQUE;20787002;LA BOCA;CP;-73.832737;8.858344;3220.923828125
20;CESAR;20787;TAMALAMEQUE;20787005;ZAPATOSA;CP;-73.753658;9.008154;3216.386962890625
20;CESAR;20787;TAMALAMEQUE;20787007;ANTEQUERA;CP;-73.774446;8.907055;3214.6220703125
20;CESAR;20787;TAMALAMEQUE;20787009;LAS PALMAS;CP;-73.745755;8.80901;3204.175537109375
20;CESAR;20787;TAMALAMEQUE;20787011;LAS BRISAS;CP;-73.76271;8.870716;3210.385986328125
20;CESAR;20787;TAMALAMEQUE;20787012;PASACORRIENDO;CP;-73.74967;8.874957;3208.409912109375
20;CESAR;20787;TAMALAMEQUE;20787013;PUEBLO NUEVO;CP;-73.772424;8.746269;3204.883544921875
20;CESAR;20787;TAMALAMEQUE;20787014;MUNDO ALREVEZ;CP;-73.736723;8.779009;3202.113525390625
20;CESAR;20787;TAMALAMEQUE;20787015;EL DOCE;CP;-73.859862;8.891108;3223.809814453125
20;CESAR;20787;TAMALAMEQUE;20787016;SITIO NUEVO;CP;-73.756935;8.81086;3206.0771484375
20;CESAR;20787;TAMALAMEQUE;20787017;TOTUMITO;CP;-73.738152;8.931471;3209.57763671875
20;CESAR;20787;TAMALAMEQUE;20787018;MATA DE BARRO;CP;-73.694509;9.017064;3208.57568359375
23;CÓRDOBA;23001;MONTERÍA;23001000;MONTERÍA;CM;-75.875576;8.74513;3201.3515625
23;CÓRDOBA;23001;MONTERÍA;23001001;BUENOS AIRES;CP;-75.756517;8.46802;3195.00048828125
23;CÓRDOBA;23001;MONTERÍA;23001002;PALOTAL;CP;-75.895088;8.85948;3206.001220703125
23;CÓRDOBA;23001;MONTERÍA;23001003;EL CERRITO;CP;-75.787381;8.715953;3205.89697265625
23;CÓRDOBA;23001;MONTERÍA;23001004;EL SABANAL;CP;-75.80654;8.778856;3208.325927734375
23;CÓRDOBA;23001;MONTERÍA;23001005;GUASIMAL;CP;-76.077196;8.367161;3157.131591796875
23;CÓRDOBA;23001;MONTERÍA;23001006;JARAQUIEL;CP;-75.940745;8.698998;3192.72119140625
23;CÓRDOBA;23001;MONTERÍA;23001007;LA MANTA;CP;-75.724552;8.401467;3193.025146484375
23;CÓRDOBA;23001;MONTERÍA;23001008;LAS PALOMAS;CP;-75.99514;8.444954;3183.23095703125
23;CÓRDOBA;23001;MONTERÍA;23001009;LETICIA - EL TRONCO;CP;-76.026388;8.686209;3189.115966796875
23;CÓRDOBA;23001;MONTERÍA;23001010;LOMA VERDE;CP;-76.173624;8.497626;3168.158203125
23;CÓRDOBA;23001;MONTERÍA;23001011;LOS GARZONES;CP;-75.845624;8.825415;3207.958984375
23;CÓRDOBA;23001;MONTERÍA;23001012;NUEVO PARAÍSO;CP;-76.047915;8.742052;3197.78564453125
23;CÓRDOBA;23001;MONTERÍA;23001013;NUEVA LUCÍA;CP;-75.825922;8.417228;3198.848876953125
23;CÓRDOBA;23001;MONTERÍA;23001014;PATIO BONITO;CP;-75.745844;8.610831;3205.750732421875
23;CÓRDOBA;23001;MONTERÍA;23001015;SAN ISIDRO;CP;-75.894245;8.579087;3188.17431640625
23;CÓRDOBA;23001;MONTERÍA;23001016;PUEBLO BUHO;CP;-76.169443;8.609145;3169.18896484375
23;CÓRDOBA;23001;MONTERÍA;23001017;SAN ANTERITO;CP;-75.859137;8.562944;3200.9580078125
23;CÓRDOBA;23001;MONTERÍA;23001018;SANTA CLARA;CP;-76.061318;8.908072;3203.0869140625
23;CÓRDOBA;23001;MONTERÍA;23001019;SANTA ISABEL;CP;-75.954943;8.545665;3184.720947265625
23;CÓRDOBA;23001;MONTERÍA;23001020;SANTA LUCÍA;CP;-76.037675;8.845111;3204.102294921875
23;CÓRDOBA;23001;MONTERÍA;23001021;TRES PALMAS;CP;-75.95043;8.490705;3180.658203125
23;CÓRDOBA;23001;MONTERÍA;23001022;TRES PIEDRAS;CP;-75.950819;8.43997;3177.340576171875
23;CÓRDOBA;23001;MONTERÍA;23001028;EL BARSAL;CP;-76.143076;8.59075;3177.161865234375
23;CÓRDOBA;23001;MONTERÍA;23001029;NUEVA ESPERANZA;CP;-75.685361;8.333971;3192.89208984375
23;CÓRDOBA;23001;MONTERÍA;23001030;EL COCUELO;CP;-76.122794;8.62957;3181.145263671875
23;CÓRDOBA;23001;MONTERÍA;23001031;MARTINICA;CP;-76.012882;8.70407;3188.1162109375
23;CÓRDOBA;23001;MONTERÍA;23001032;GUATEQUE;CP;-75.869028;8.635472;3198.933349609375
23;CÓRDOBA;23001;MONTERÍA;23001033;TENERIFE;CP;-76.10949;8.667942;3184.481689453125
23;CÓRDOBA;23001;MONTERÍA;23001034;LA VICTORIA;CP;-75.79032;8.577118;3202.295654296875
23;CÓRDOBA;23001;MONTERÍA;23001035;MORINDÓ CENTRAL;CP;-76.167436;8.908052;3182.31103515625
23;CÓRDOBA;23001;MONTERÍA;23001036;BOCA DE LA CEIBA;CP;-75.858767;8.82717;3206.555419921875
23;CÓRDOBA;23001;MONTERÍA;23001037;BROQUELITO;CP;-76.021509;8.500463;3182.380615234375
23;CÓRDOBA;23001;MONTERÍA;23001038;EL LIMÓN;CP;-75.971107;8.494842;3183.502197265625
23;CÓRDOBA;23001;MONTERÍA;23001039;EL QUINCE;CP;-75.783449;8.653964;3203.995849609375
23;CÓRDOBA;23001;MONTERÍA;23001040;EL VIDRIAL;CP;-75.898385;8.811851;3203.6279296875
23;CÓRDOBA;23001;MONTERÍA;23001041;ENSENADA DE LA HAMACA;CP;-75.860218;8.42097;3197.87890625
23;CÓRDOBA;23001;MONTERÍA;23001042;GALILEA;CP;-75.899904;8.590359;3186.620361328125
23;CÓRDOBA;23001;MONTERÍA;23001043;LA ESPERANZA;CP;-75.892507;8.526884;3187.66357421875
23;CÓRDOBA;23001;MONTERÍA;23001044;LA FLORIDA;CP;-75.919511;8.554173;3180.755859375
23;CÓRDOBA;23001;MONTERÍA;23001045;MAQUENCAL;CP;-75.701008;8.425784;3193.456787109375
23;CÓRDOBA;23001;MONTERÍA;23001046;MARACAYO;CP;-75.890682;8.408604;3186.1572265625
23;CÓRDOBA;23001;MONTERÍA;23001047;MATAMOROS;CP;-76.12779;8.404742;3159.862060546875
23;CÓRDOBA;23001;MONTERÍA;23001048;MOCHILAS;CP;-75.838778;8.592448;3206.333984375
23;CÓRDOBA;23001;MONTERÍA;23001049;NUEVOS HORIZONTES;CP;-76.092039;8.435557;3163.903076171875
23;CÓRDOBA;23001;MONTERÍA;23001050;PALMITO PICAO;CP;-75.944502;8.561079;3183.74072265625
23;CÓRDOBA;23001;MONTERÍA;23001051;PEREIRA;CP;-76.075995;8.517224;3170.48779296875
23;CÓRDOBA;23001;MONTERÍA;23001052;VILLAVICENCIO;CP;-76.124707;8.456973;3162.15380859375
23;CÓRDOBA;23001;MONTERÍA;23001053;YA LA LLEVA;CP;-75.940398;8.485655;3178.1123046875
23;CÓRDOBA;23001;MONTERÍA;23001054;AGUA VIVAS;CP;-76.117059;8.841415;3189.76025390625
23;CÓRDOBA;23001;MONTERÍA;23001055;ARENAL;CP;-75.859419;8.845978;3207.213623046875
23;CÓRDOBA;23001;MONTERÍA;23001059;CALLE BARRIDA;CP;-75.799629;8.541578;3203.397216796875
23;CÓRDOBA;23001;MONTERÍA;23001062;EL TAPAO;CP;-75.829015;8.782174;3207.6943359375
23;CÓRDOBA;23001;MONTERÍA;23001063;LA LUCHA;CP;-76.08161;8.806439;3196.912109375
23;CÓRDOBA;23001;MONTERÍA;23001064;LA POZA;CP;-75.843835;8.500798;3206.666748046875
23;CÓRDOBA;23001;MONTERÍA;23001065;LOS CEDROS;CP;-75.98758;8.817681;3194.523681640625
23;CÓRDOBA;23001;MONTERÍA;23001066;LOS PANTANOS;CP;-76.046889;8.812968;3203.91015625
23;CÓRDOBA;23001;MONTERÍA;23001068;EL DOCE;CP;-75.804534;8.671777;3206
23;CÓRDOBA;23001;MONTERÍA;23001069;PUEBLO SECO;CP;-75.903077;8.672296;3191.86474609375
23;CÓRDOBA;23001;MONTERÍA;23001070;SAN FRANCISCO;CP;-76.193667;8.441293;3161.3408203125
23;CÓRDOBA;23001;MONTERÍA;23001072;EL FLORAL;CP;-75.918328;8.806384;3200.9716796875
23;CÓRDOBA;23001;MONTERÍA;23001073;MEDELLIN - SAPO;CP;-75.907813;8.668536;3190.97216796875
23;CÓRDOBA;23001;MONTERÍA;23001074;SAN JERÓNIMO (GOLERO);CP;-75.709435;8.302035;3191
23;CÓRDOBA;23001;MONTERÍA;23001075; BESITO VOLAO ;CP;-75.817659;8.7554;3207.12890625
23;CÓRDOBA;23001;MONTERÍA;23001076;COREA;CP;-75.90716;8.481295;3178.136962890625
23;CÓRDOBA;23001;MONTERÍA;23001077;EL BICHO ;CP;-75.949701;8.389077;3172.73828125
23;CÓRDOBA;23001;MONTERÍA;23001078;EL PORVENIR ;CP;-75.781459;8.424457;3193.733154296875
23;CÓRDOBA;23001;MONTERÍA;23001079;SANTA FE;CP;-75.901218;8.533062;3183.56640625
23;CÓRDOBA;23068;AYAPEL;23068000;AYAPEL;CM;-75.146048;8.313838;3238
23;CÓRDOBA;23068;AYAPEL;23068001;ALFONSO LÓPEZ;CP;-74.898548;8.394764;3241.777587890625
23;CÓRDOBA;23068;AYAPEL;23068003;CECILIA;CP;-75.033848;8.461611;3243.995849609375
23;CÓRDOBA;23068;AYAPEL;23068004;EL CEDRO;CP;-75.127491;8.284519;3237.144775390625
23;CÓRDOBA;23068;AYAPEL;23068006;NARIÑO;CP;-74.986661;8.298901;3236.004150390625
23;CÓRDOBA;23068;AYAPEL;23068007;PALOTAL;CP;-75.232468;8.241299;3224.843505859375
23;CÓRDOBA;23068;AYAPEL;23068009;SINCELEJITO;CP;-75.001791;8.410649;3245.76904296875
23;CÓRDOBA;23068;AYAPEL;23068012;MARRALÚ;CP;-75.237841;8.312099;3229.488525390625
23;CÓRDOBA;23068;AYAPEL;23068014;PUEBLO NUEVO - POPALES;CP;-74.95968;8.241339;3233
23;CÓRDOBA;23068;AYAPEL;23068015;LAS DELICIAS;CP;-75.19861;8.267724;3232.84130859375
23;CÓRDOBA;23079;BUENAVISTA;23079000;BUENAVISTA;CM;-75.480897;8.221187;3210.5498046875
23;CÓRDOBA;23079;BUENAVISTA;23079001;TIERRA SANTA;CP;-75.312602;8.243712;3222.006103515625
23;CÓRDOBA;23079;BUENAVISTA;23079002;VILLA FÁTIMA;CP;-75.392262;8.095992;3212.375244140625
23;CÓRDOBA;23079;BUENAVISTA;23079003;BELÉN;CP;-75.413924;8.282719;3224.139404296875
23;CÓRDOBA;23079;BUENAVISTA;23079004;NUEVA ESTACIÓN;CP;-75.491421;8.237065;3208.912109375
23;CÓRDOBA;23079;BUENAVISTA;23079005;PUERTO CÓRDOBA;CP;-75.35725;8.064434;3212.35498046875
23;CÓRDOBA;23079;BUENAVISTA;23079010;MEJOR ESQUINA;CP;-75.548737;8.170108;3198.91064453125
23;CÓRDOBA;23079;BUENAVISTA;23079012;EL VIAJANO;CP;-75.546441;8.091458;3195.99951171875
23;CÓRDOBA;23079;BUENAVISTA;23079014;VERACRUZ;CP;-75.477565;8.174544;3208.4599609375
23;CÓRDOBA;23079;BUENAVISTA;23079015;SANTA CLARA;CP;-75.311878;8.239676;3221.8701171875
23;CÓRDOBA;23079;BUENAVISTA;23079016;SANTA FE DEL ARCIAL 1;CP;-75.34162;8.306028;3221.516357421875
23;CÓRDOBA;23079;BUENAVISTA;23079017;COYONPO;CP;-75.299729;8.277865;3224.3818359375
23;CÓRDOBA;23079;BUENAVISTA;23079019;LAS MARÍAS;CP;-75.3625;8.24448;3218
23;CÓRDOBA;23079;BUENAVISTA;23079020;SANTA FE DE ARCIAL 2;CP;-75.32823;8.309941;3223.489990234375
23;CÓRDOBA;23090;CANALETE;23090000;CANALETE;CM;-76.241476;8.786939;3167.582275390625
23;CÓRDOBA;23090;CANALETE;23090001;EL LIMÓN;CP;-76.25972;8.690985;3163.932373046875
23;CÓRDOBA;23090;CANALETE;23090002;POPAYÁN;CP;-76.209333;8.669747;3164.931884765625
23;CÓRDOBA;23090;CANALETE;23090007;CADILLO;CP;-76.30584;8.684669;3154.965576171875
23;CÓRDOBA;23090;CANALETE;23090013;EL GUINEO;CP;-76.182768;8.758094;3173.0625
23;CÓRDOBA;23090;CANALETE;23090020;TIERRADENTRO;CP;-76.273247;8.71329;3163.416015625
23;CÓRDOBA;23090;CANALETE;23090021;QUEBRADA DE URANGO;CP;-76.152882;8.79329;3177.8984375
23;CÓRDOBA;23090;CANALETE;23090022;BUENOS AIRES - LAS PAVAS;CP;-76.128261;8.748871;3181.090087890625
23;CÓRDOBA;23090;CANALETE;23090023;EL TOMATE;CP;-76.160434;8.722604;3172.820068359375
23;CÓRDOBA;23162;CERETÉ;23162000;CERETÉ;CM;-75.796226;8.88859;3213.33642578125
23;CÓRDOBA;23162;CERETÉ;23162001;MARTÍNEZ;CP;-75.765086;8.874182;3212.163818359375
23;CÓRDOBA;23162;CERETÉ;23162002;MATEO GÓMEZ;CP;-75.829265;8.84616;3210.557861328125
23;CÓRDOBA;23162;CERETÉ;23162003;RABOLARGO;CP;-75.743397;8.951369;3216.0146484375
23;CÓRDOBA;23162;CERETÉ;23162004;SEVERA;CP;-75.882937;8.892083;3208
23;CÓRDOBA;23162;CERETÉ;23162005;CUERO CURTIDO;CP;-75.961839;8.931588;3196.02734375
23;CÓRDOBA;23162;CERETÉ;23162006;RETIRO DE LOS INDIOS;CP;-75.816397;8.856184;3211.9912109375
23;CÓRDOBA;23162;CERETÉ;23162010;EL CHORRILLO;CP;-75.875022;8.907394;3209
23;CÓRDOBA;23162;CERETÉ;23162012;SAN ANTONIO;CP;-75.760666;8.900608;3213.385498046875
23;CÓRDOBA;23162;CERETÉ;23162013;EL CEDRO;CP;-75.753369;8.935689;3215.030517578125
23;CÓRDOBA;23162;CERETÉ;23162014;ZARZALITO;CP;-75.761095;8.956693;3215.609130859375
23;CÓRDOBA;23162;CERETÉ;23162016;MANGUELITO;CP;-75.787629;8.925508;3214.748291015625
23;CÓRDOBA;23162;CERETÉ;23162018;EL QUEMADO;CP;-75.81486;8.872127;3212.72314453125
23;CÓRDOBA;23162;CERETÉ;23162023;LA ESMERALDA;CP;-75.835046;8.866647;3210.918212890625
23;CÓRDOBA;23162;CERETÉ;23162025;BUENAVISTA DEL RETIRO;CP;-75.821623;8.860331;3211.745361328125
23;CÓRDOBA;23162;CERETÉ;23162026;BUENAVISTA EL QUEMADO;CP;-75.817564;8.872742;3212.32275390625
23;CÓRDOBA;23162;CERETÉ;23162027;EL CARMEN;CP;-75.742346;8.962259;3216.879150390625
23;CÓRDOBA;23162;CERETÉ;23162032;RUSIA;CP;-75.811787;8.913992;3214
23;CÓRDOBA;23162;CERETÉ;23162033;CAROLINA;CP;-75.742061;8.840916;3214.751953125
23;CÓRDOBA;23162;CERETÉ;23162034;EL LÍBANO ;CP;-75.78557;8.912681;3213.99267578125
23;CÓRDOBA;23162;CERETÉ;23162035;ZAPAL;CP;-75.765409;8.929239;3214.041748046875
23;CÓRDOBA;23168;CHIMÁ;23168000;CHIMÁ;CM;-75.626886;9.149698;3247.749267578125
23;CÓRDOBA;23168;CHIMÁ;23168001;ARACHE;CP;-75.642048;9.07526;3239.97412109375
23;CÓRDOBA;23168;CHIMÁ;23168002;CAMPO BELLO;CP;-75.589481;9.163223;3249.715087890625
23;CÓRDOBA;23168;CHIMÁ;23168003;CAROLINA;CP;-75.718434;9.019165;3220.38134765625
23;CÓRDOBA;23168;CHIMÁ;23168004;COROZALITO;CP;-75.629939;9.046638;3237.22998046875
23;CÓRDOBA;23168;CHIMÁ;23168005;PUNTA VERDE;CP;-75.723115;8.996441;3219.02490234375
23;CÓRDOBA;23168;CHIMÁ;23168006;SITIO VIEJO;CP;-75.626404;9.10212;3245.039306640625
23;CÓRDOBA;23168;CHIMÁ;23168008;SABANACOSTA;CP;-75.609329;9.215401;3252.083984375
23;CÓRDOBA;23168;CHIMÁ;23168017;PIMENTAL SECTOR BURRO MUERTO;CP;-75.710169;9.081612;3223.9130859375
23;CÓRDOBA;23182;CHINÚ;23182000;CHINÚ;CM;-75.399633;9.105473;3255.998779296875
23;CÓRDOBA;23182;CHINÚ;23182001;AGUAS VIVAS;CP;-75.49884;9.049918;3250.13037109375
23;CÓRDOBA;23182;CHINÚ;23182002;CACAOTAL;CP;-75.437333;9.120547;3256
23;CÓRDOBA;23182;CHINÚ;23182003;CARBONERO;CP;-75.235463;8.961976;3262.163330078125
23;CÓRDOBA;23182;CHINÚ;23182005;HEREDIA;CP;-75.375634;9.047653;3253
23;CÓRDOBA;23182;CHINÚ;23182006;LOS ANGELES;CP;-75.365433;8.99085;3250.986083984375
23;CÓRDOBA;23182;CHINÚ;23182007;NUEVO ORIENTE;CP;-75.317161;9.093592;3256.045654296875
23;CÓRDOBA;23182;CHINÚ;23182008;SAN MATEO;CP;-75.45258;9.09949;3256
23;CÓRDOBA;23182;CHINÚ;23182009;SAN RAFAEL;CP;-75.359224;9.099831;3255
23;CÓRDOBA;23182;CHINÚ;23182011;SANTA FE;CP;-75.238538;9.032427;3264.051513671875
23;CÓRDOBA;23182;CHINÚ;23182012;SANTA ROSA;CP;-75.338239;9.004834;3251.740478515625
23;CÓRDOBA;23182;CHINÚ;23182013;FLECHAS SEVILLA;CP;-75.527193;9.026544;3244.9716796875
23;CÓRDOBA;23182;CHINÚ;23182014;TIERRA GRATA;CP;-75.43536;9.05713;3255.104736328125
23;CÓRDOBA;23182;CHINÚ;23182015;FLECHAS SABANAS;CP;-75.213488;8.98803;3264.14990234375
23;CÓRDOBA;23182;CHINÚ;23182016;GARBADO;CP;-75.243767;8.925367;3261.016357421875
23;CÓRDOBA;23182;CHINÚ;23182017;LA PANAMÁ;CP;-75.292289;8.964392;3255.978271484375
23;CÓRDOBA;23182;CHINÚ;23182018;LA PILONA;CP;-75.267263;8.999869;3260.20263671875
23;CÓRDOBA;23182;CHINÚ;23182019;RETIRO DE LOS PÉREZ;CP;-75.513518;9.012548;3246.11376953125
23;CÓRDOBA;23182;CHINÚ;23182020;ANDALUCÍA;CP;-75.375006;8.977346;3250.482666015625
23;CÓRDOBA;23182;CHINÚ;23182021;LOS ALGARROBOS;CP;-75.43954;9.095782;3256
23;CÓRDOBA;23182;CHINÚ;23182022;EL TIGRE;CP;-75.48316;9.062395;3253.069580078125
23;CÓRDOBA;23182;CHINÚ;23182024;VILLA FÁTIMA;CP;-75.466867;9.041016;3253.71875
23;CÓRDOBA;23182;CHINÚ;23182027;EL DESEO;CP;-75.234444;9.051924;3265.00341796875
23;CÓRDOBA;23182;CHINÚ;23182031;PARAÍSO;CP;-75.286769;8.933916;3256.091552734375
23;CÓRDOBA;23182;CHINÚ;23182033;LAS JARABAS;CP;-75.248678;9.07112;3264.45263671875
23;CÓRDOBA;23182;CHINÚ;23182035;PAJONAL;CP;-75.448496;9.107518;3256.000732421875
23;CÓRDOBA;23182;CHINÚ;23182036;PISA BONITO;CP;-75.215099;8.920298;3263.906982421875
23;CÓRDOBA;23182;CHINÚ;23182041;LOMAS DE PIEDRA;CP;-75.367507;9.038595;3252.58447265625
23;CÓRDOBA;23182;CHINÚ;23182043;BAJO DE PIEDRA;CP;-75.422772;9.091458;3256
23;CÓRDOBA;23189;CIÉNAGA DE ORO;23189000;CIÉNAGA DE ORO;CM;-75.620807;8.875794;3230.0458984375
23;CÓRDOBA;23189;CIÉNAGA DE ORO;23189001;BERÁSTEGUI;CP;-75.708113;8.877004;3220
23;CÓRDOBA;23189;CIÉNAGA DE ORO;23189003;LAGUNETA;CP;-75.536197;8.681156;3221.567626953125
23;CÓRDOBA;23189;CIÉNAGA DE ORO;23189004;LOS MIMBRES;CP;-75.653633;8.95277;3228.00146484375
23;CÓRDOBA;23189;CIÉNAGA DE ORO;23189005;PUNTA DE YÁÑEZ;CP;-75.609573;9.016455;3234.800048828125
23;CÓRDOBA;23189;CIÉNAGA DE ORO;23189007;PUERTO DE LA CRUZ;CP;-75.606311;9.012826;3234.668212890625
23;CÓRDOBA;23189;CIÉNAGA DE ORO;23189008;MALAGANA;CP;-75.682961;8.882515;3219.71728515625
23;CÓRDOBA;23189;CIÉNAGA DE ORO;23189013;SUÁREZ;CP;-75.652449;8.876899;3222.96142578125
23;CÓRDOBA;23189;CIÉNAGA DE ORO;23189016;EL SALADO;CP;-75.586761;8.925468;3233.998046875
23;CÓRDOBA;23189;CIÉNAGA DE ORO;23189018;LAS PIEDRAS;CP;-75.550083;8.769255;3227.870849609375
23;CÓRDOBA;23189;CIÉNAGA DE ORO;23189019;PIJIGUAYAL;CP;-75.540306;8.796109;3229.796875
23;CÓRDOBA;23189;CIÉNAGA DE ORO;23189021;SANTIAGO POBRE;CP;-75.545953;8.624473;3218.072509765625
23;CÓRDOBA;23189;CIÉNAGA DE ORO;23189023;SAN ANTONIO DEL TÁCHIRA;CP;-75.560433;8.805695;3232.02294921875
23;CÓRDOBA;23189;CIÉNAGA DE ORO;23189024;ROSA VIEJA;CP;-75.636115;8.842736;3228.253173828125
23;CÓRDOBA;23189;CIÉNAGA DE ORO;23189025;LAS PALMITAS;CP;-75.65047;8.826876;3223.223388671875
23;CÓRDOBA;23189;CIÉNAGA DE ORO;23189028;LAS BALSAS;CP;-75.669302;8.916304;3223.930419921875
23;CÓRDOBA;23189;CIÉNAGA DE ORO;23189029;EGIPTO;CP;-75.566768;8.922783;3235.84765625
23;CÓRDOBA;23189;CIÉNAGA DE ORO;23189030;BARRO PRIETO;CP;-75.576089;8.834041;3233.12353515625
23;CÓRDOBA;23189;CIÉNAGA DE ORO;23189034;LA DRAGA;CP;-75.700146;8.945161;3220.072509765625
23;CÓRDOBA;23189;CIÉNAGA DE ORO;23189044;LA ESPERANZA;CP;-75.707445;8.894871;3220
23;CÓRDOBA;23189;CIÉNAGA DE ORO;23189045;SANTIAGUITO;CP;-75.538951;8.63143;3219.053466796875
23;CÓRDOBA;23300;COTORRA;23300000;COTORRA;CM;-75.799216;9.037163;3216.674072265625
23;CÓRDOBA;23300;COTORRA;23300003;LOS CEDROS;CP;-75.7918;9.029618;3217
23;CÓRDOBA;23300;COTORRA;23300006;PASO DE LAS FLORES;CP;-75.816939;9.028041;3214.984130859375
23;CÓRDOBA;23300;COTORRA;23300007;VILLA NUEVA;CP;-75.800677;9.022673;3216.201416015625
23;CÓRDOBA;23300;COTORRA;23300008;ABROJAL;CP;-75.827618;9.040556;3213.75634765625
23;CÓRDOBA;23300;COTORRA;23300010;EL BINDE;CP;-75.793724;9.006636;3216.60791015625
23;CÓRDOBA;23300;COTORRA;23300011;CAIMÁN;CP;-75.812735;9.014395;3215.22314453125
23;CÓRDOBA;23300;COTORRA;23300015;LAS AREPAS;CP;-75.727614;9.072879;3221.763671875
23;CÓRDOBA;23300;COTORRA;23300016;TREMENTINO;CP;-75.735554;9.090637;3221.93115234375
23;CÓRDOBA;23300;COTORRA;23300020;MORALITO;CP;-75.799574;9.084555;3217.73876953125
23;CÓRDOBA;23300;COTORRA;23300021;SAN JOSÉ;CP;-75.745345;9.037879;3219.149658203125
23;CÓRDOBA;23300;COTORRA;23300026;PUEBLO NUEVO;CP;-75.739638;9.05929;3220.059814453125
23;CÓRDOBA;23300;COTORRA;23300027;SAN PABLO;CP;-75.759828;9.085132;3219.970703125
23;CÓRDOBA;23350;LA APARTADA;23350000;LA APARTADA;CM;-75.332591;8.044806;3211.506591796875
23;CÓRDOBA;23350;LA APARTADA;23350003;LA BALSA;CP;-75.384169;8.024822;3209.96484375
23;CÓRDOBA;23350;LA APARTADA;23350007;SITIO NUEVO;CP;-75.295399;8.111504;3213
23;CÓRDOBA;23350;LA APARTADA;23350015;CAMPO ALEGRE;CP;-75.245919;8.008057;3214.2099609375
23;CÓRDOBA;23350;LA APARTADA;23350017;PUERTO CÓRDOBA;CP;-75.355401;8.066026;3212.666259765625
23;CÓRDOBA;23417;LORICA;23417000;SANTA CRUZ DE LORICA;CM;-75.815984;9.240862;3225.009521484375
23;CÓRDOBA;23417;LORICA;23417002;EL CARITO;CP;-75.808809;9.049151;3215.98291015625
23;CÓRDOBA;23417;LORICA;23417003;LA DOCTRINA;CP;-75.890702;9.292274;3223.000732421875
23;CÓRDOBA;23417;LORICA;23417004;LAS FLORES;CP;-76.098107;9.116039;3193.856201171875
23;CÓRDOBA;23417;LORICA;23417005;LOS GÓMEZ;CP;-75.843789;9.053394;3209.971923828125
23;CÓRDOBA;23417;LORICA;23417006;LOS MONOS;CP;-75.79236;9.124742;3219.61474609375
23;CÓRDOBA;23417;LORICA;23417007;NARIÑO;CP;-75.838622;9.167263;3214.205078125
23;CÓRDOBA;23417;LORICA;23417008;PALO DE AGUA;CP;-75.842637;9.159138;3213.043701171875
23;CÓRDOBA;23417;LORICA;23417009;SAN SEBASTIÁN;CP;-75.790537;9.225269;3225.9443359375
23;CÓRDOBA;23417;LORICA;23417010;TIERRALTA;CP;-75.806481;9.105002;3217.861328125
23;CÓRDOBA;23417;LORICA;23417012;EL LAZO;CP;-76.030192;9.139376;3203.916015625
23;CÓRDOBA;23417;LORICA;23417014;CAMPO ALEGRE;CP;-75.975761;9.144443;3210.353271484375
23;CÓRDOBA;23417;LORICA;23417017;EL CAMPANO DE LOS INDIOS;CP;-75.953137;9.183897;3217.134033203125
23;CÓRDOBA;23417;LORICA;23417018;COTOCA ARRIBA;CP;-75.838649;9.138005;3212.1630859375
23;CÓRDOBA;23417;LORICA;23417019;EL RODEO;CP;-76.046792;9.154208;3202.03076171875
23;CÓRDOBA;23417;LORICA;23417021;REMOLINO;CP;-75.976542;9.06325;3206.29541015625
23;CÓRDOBA;23417;LORICA;23417022;VILLA CONCEPCION;CP;-76.036669;9.081602;3202
23;CÓRDOBA;23417;LORICA;23417023;MATA DE CAÑA;CP;-75.826724;9.073725;3213.21923828125
23;CÓRDOBA;23417;LORICA;23417024;CASTILLERAL;CP;-75.875096;9.122851;3213.3837890625
23;CÓRDOBA;23417;LORICA;23417025;COTOCA ABAJO;CP;-75.85236;9.216611;3218.80908203125
23;CÓRDOBA;23417;LORICA;23417027;SAN NICOLÁS DE BARÍ;CP;-75.881575;9.247852;3221.9453125
23;CÓRDOBA;23417;LORICA;23417029;LA SUBIDA;CP;-75.800057;9.102848;3218.090576171875
23;CÓRDOBA;23417;LORICA;23417030;EL PLAYÓN;CP;-75.81989;9.190299;3219.090576171875
23;CÓRDOBA;23417;LORICA;23417031;LA PEINADA;CP;-75.785243;9.159935;3221.024658203125
23;CÓRDOBA;23417;LORICA;23417034;SANTA LUCÍA;CP;-75.891597;9.284386;3223
23;CÓRDOBA;23417;LORICA;23417036;LA PALMA;CP;-75.817095;9.191196;3219.821533203125
23;CÓRDOBA;23417;LORICA;23417037;LOS MORALES;CP;-75.808537;9.069643;3216.45458984375
23;CÓRDOBA;23417;LORICA;23417039;EL GUANABANO;CP;-75.969352;9.146385;3211.9453125
23;CÓRDOBA;23417;LORICA;23417042;JUAN DE DIOS GARI;CP;-75.783127;9.238424;3226.863037109375
23;CÓRDOBA;23417;LORICA;23417043; PUEBLO CHIQUITO ;CP;-75.897104;9.30459;3223
23;CÓRDOBA;23419;LOS CÓRDOBAS;23419000;LOS CÓRDOBAS;CM;-76.35518;8.892098;3159.311279296875
23;CÓRDOBA;23419;LOS CÓRDOBAS;23419002;EL EBANO;CP;-76.197963;8.84769;3174.94970703125
23;CÓRDOBA;23419;LOS CÓRDOBAS;23419004;PUERTO REY;CP;-76.41523;8.887253;3146.240478515625
23;CÓRDOBA;23419;LOS CÓRDOBAS;23419005;SANTA ROSA LA CAÑA;CP;-76.343579;8.789913;3158.8779296875
23;CÓRDOBA;23419;LOS CÓRDOBAS;23419010;BUENAVISTA;CP;-76.29535;8.874415;3172.284912109375
23;CÓRDOBA;23419;LOS CÓRDOBAS;23419011;LA SALADA;CP;-76.287516;8.861703;3172.596923828125
23;CÓRDOBA;23419;LOS CÓRDOBAS;23419012;MORINDÓ SANTANA;CP;-76.155384;8.878607;3184.835205078125
23;CÓRDOBA;23419;LOS CÓRDOBAS;23419013;JALISCO;CP;-76.266014;8.842836;3172.306640625
23;CÓRDOBA;23419;LOS CÓRDOBAS;23419019;EL GUÁIMARO;CP;-76.363421;8.861366;3156.288818359375
23;CÓRDOBA;23419;LOS CÓRDOBAS;23419020;LA APONDERANCIA;CP;-76.152011;8.813624;3179.9052734375
23;CÓRDOBA;23419;LOS CÓRDOBAS;23419025;LOS ESQUIMALES;CP;-76.232141;8.838134;3170
23;CÓRDOBA;23419;LOS CÓRDOBAS;23419026;MINUTO DE DIOS;CP;-76.413212;8.879916;3146.3037109375
23;CÓRDOBA;23419;LOS CÓRDOBAS;23419030;NUEVO NARIÑO;CP;-76.297562;8.814211;3168.580810546875
23;CÓRDOBA;23464;MOMIL;23464000;MOMIL;CM;-75.67796;9.240707;3236.049560546875
23;CÓRDOBA;23464;MOMIL;23464001;SABANETA;CP;-75.630876;9.292535;3245.0478515625
23;CÓRDOBA;23464;MOMIL;23464002;SACANA;CP;-75.639041;9.320257;3243.888916015625
23;CÓRDOBA;23464;MOMIL;23464003;TREMENTINO;CP;-75.617057;9.244341;3249.533447265625
23;CÓRDOBA;23464;MOMIL;23464005;PUEBLECITO;CP;-75.680185;9.26376;3236.8857421875
23;CÓRDOBA;23464;MOMIL;23464006;GUAYMARAL;CP;-75.586169;9.272262;3253.48974609375
23;CÓRDOBA;23464;MOMIL;23464007;BETULIA;CP;-75.6819;9.29366;3238.111572265625
23;CÓRDOBA;23466;MONTELÍBANO;23466000;MONTELÍBANO;CM;-75.416818;7.973777;3208
23;CÓRDOBA;23466;MONTELÍBANO;23466001;EL ANCLAR;CP;-75.490346;8.056825;3199.71240234375
23;CÓRDOBA;23466;MONTELÍBANO;23466005;SAN FRANCISCO DEL RAYO;CP;-75.759856;8.12144;3183.23583984375
23;CÓRDOBA;23466;MONTELÍBANO;23466006;TIERRADENTRO;CP;-75.876499;7.81233;3162.00732421875
23;CÓRDOBA;23466;MONTELÍBANO;23466008;PICA PICA NUEVO;CP;-75.680329;8.02993;3190.1083984375
23;CÓRDOBA;23466;MONTELÍBANO;23466021;PUERTO ANCHICA;CP;-75.851035;7.869234;3166.02001953125
23;CÓRDOBA;23466;MONTELÍBANO;23466023;CÓRDOBA;CP;-75.573785;8.051356;3192.739013671875
23;CÓRDOBA;23466;MONTELÍBANO;23466028;EL PALMAR;CP;-75.799992;7.949778;3169.769287109375
23;CÓRDOBA;23466;MONTELÍBANO;23466031;LAS MARGARITAS;CP;-75.592201;8.079666;3192.14404296875
23;CÓRDOBA;23466;MONTELÍBANO;23466033;PUERTO NUEVO;CP;-75.834439;7.914544;3169.009765625
23;CÓRDOBA;23466;MONTELÍBANO;23466037;VILLA CARMINIA;CP;-75.556411;7.997637;3191.01025390625
23;CÓRDOBA;23500;MOÑITOS;23500000;MOÑITOS;CM;-76.1291;9.245223;3192.479736328125
23;CÓRDOBA;23500;MOÑITOS;23500001;RÍO CEDRO;CP;-76.176503;9.152156;3179.04736328125
23;CÓRDOBA;23500;MOÑITOS;23500002;SANTANDER DE LA CRUZ;CP;-76.174195;9.189251;3180.26708984375
23;CÓRDOBA;23500;MOÑITOS;23500003;LA UNION;CP;-76.117596;9.153978;3192.279541015625
23;CÓRDOBA;23500;MOÑITOS;23500004;BAJO DEL LIMÓN;CP;-76.132004;9.191851;3190.77197265625
23;CÓRDOBA;23500;MOÑITOS;23500005;BELLA COHITA;CP;-76.082544;9.248559;3197.03857421875
23;CÓRDOBA;23500;MOÑITOS;23500006;BROQUELES;CP;-76.166448;9.216464;3182.27490234375
23;CÓRDOBA;23500;MOÑITOS;23500010;LA RADA;CP;-76.108176;9.295217;3196.95361328125
23;CÓRDOBA;23500;MOÑITOS;23500011;LAS MUJERES;CP;-76.137077;9.100121;3188.633544921875
23;CÓRDOBA;23500;MOÑITOS;23500016;NARANJAL;CP;-76.103004;9.193509;3194.015380859375
23;CÓRDOBA;23500;MOÑITOS;23500023;PERPETUO SOCORRO;CP;-76.070262;9.183859;3197.65087890625
23;CÓRDOBA;23500;MOÑITOS;23500024;PUEBLITO;CP;-76.108891;9.256321;3195.132080078125
23;CÓRDOBA;23500;MOÑITOS;23500029;SAN ANTERITO;CP;-76.103364;9.15713;3194
23;CÓRDOBA;23555;PLANETA RICA;23555000;PLANETA RICA;CM;-75.583241;8.4082;3202.863037109375
23;CÓRDOBA;23555;PLANETA RICA;23555001;ARENOSO;CP;-75.739063;8.217696;3187.983154296875
23;CÓRDOBA;23555;PLANETA RICA;23555002;CAMPO BELLO;CP;-75.670352;8.095848;3191.355712890625
23;CÓRDOBA;23555;PLANETA RICA;23555003;CAROLINA;CP;-75.617957;8.511074;3204.561767578125
23;CÓRDOBA;23555;PLANETA RICA;23555004;SANTANA (CENTRO ALEGRE);CP;-75.631763;8.17702;3192
23;CÓRDOBA;23555;PLANETA RICA;23555005;EL ALMENDRO;CP;-75.645964;8.345372;3196.098388671875
23;CÓRDOBA;23555;PLANETA RICA;23555006;MARAÑONAL;CP;-75.61286;8.308137;3196.9970703125
23;CÓRDOBA;23555;PLANETA RICA;23555007;PLAZA BONITA;CP;-75.520468;8.2951;3205.00341796875
23;CÓRDOBA;23555;PLANETA RICA;23555008;PROVIDENCIA;CP;-75.434687;8.387186;3226.003173828125
23;CÓRDOBA;23555;PLANETA RICA;23555010;MEDIO RANCHO;CP;-75.624496;8.335101;3197.317626953125
23;CÓRDOBA;23555;PLANETA RICA;23555011;PAMPLONA;CP;-75.54673;8.373511;3200.028564453125
23;CÓRDOBA;23555;PLANETA RICA;23555012;EL REPARO;CP;-75.564103;8.386876;3199.59814453125
23;CÓRDOBA;23555;PLANETA RICA;23555013;LOS CERROS;CP;-75.65786;8.512156;3200.7060546875
23;CÓRDOBA;23555;PLANETA RICA;23555015;LAS PELONAS;CP;-75.529181;8.445291;3210.44580078125
23;CÓRDOBA;23555;PLANETA RICA;23555019;NUEVO PARAÍSO;CP;-75.630428;8.223679;3193
23;CÓRDOBA;23555;PLANETA RICA;23555020;SANTA ROSA;CP;-75.628749;8.24855;3193.9951171875
23;CÓRDOBA;23555;PLANETA RICA;23555022;PLANETICA;CP;-75.604362;8.399406;3201.7421875
23;CÓRDOBA;23555;PLANETA RICA;23555024;ARROYO ARENA;CP;-75.469953;8.342749;3219.290283203125
23;CÓRDOBA;23555;PLANETA RICA;23555030;EL GUAYABO;CP;-75.663392;8.299378;3193.96044921875
23;CÓRDOBA;23555;PLANETA RICA;23555035;LOMA DE PIEDRA;CP;-75.455037;8.417711;3224.318359375
23;CÓRDOBA;23555;PLANETA RICA;23555039;MARIMBA;CP;-75.62128;8.139956;3191
23;CÓRDOBA;23555;PLANETA RICA;23555044;PUNTA VERDE;CP;-75.614863;8.345301;3198.5166015625
23;CÓRDOBA;23555;PLANETA RICA;23555047;SANTA ANA;CP;-75.6376;8.177909;3192
23;CÓRDOBA;23570;PUEBLO NUEVO;23570000;PUEBLO NUEVO;CM;-75.508035;8.504099;3218.857666015625
23;CÓRDOBA;23570;PUEBLO NUEVO;23570002;SAN JOSÉ DE CINTURA;CP;-75.267648;8.434182;3237.2578125
23;CÓRDOBA;23570;PUEBLO NUEVO;23570003;CORCOVAO;CP;-75.404699;8.559587;3230.201171875
23;CÓRDOBA;23570;PUEBLO NUEVO;23570004;EL VARAL;CP;-75.497457;8.550675;3222.531005859375
23;CÓRDOBA;23570;PUEBLO NUEVO;23570005;EL POBLADO;CP;-75.401195;8.445795;3229
23;CÓRDOBA;23570;PUEBLO NUEVO;23570006;LA GRANJITA;CP;-75.524145;8.452819;3212.241455078125
23;CÓRDOBA;23570;PUEBLO NUEVO;23570007;LOS LIMONES;CP;-75.369022;8.50111;3228.70458984375
23;CÓRDOBA;23570;PUEBLO NUEVO;23570008;PUERTO SANTO;CP;-75.316416;8.413792;3227.25048828125
23;CÓRDOBA;23570;PUEBLO NUEVO;23570009;LA MAGDALENA;CP;-75.49128;8.601218;3223.9951171875
23;CÓRDOBA;23570;PUEBLO NUEVO;23570011;PALMIRA;CP;-75.451066;8.549786;3227
23;CÓRDOBA;23570;PUEBLO NUEVO;23570013;NEIVA;CP;-75.540271;8.550145;3215.279296875
23;CÓRDOBA;23570;PUEBLO NUEVO;23570014;ARROYO DE ARENAS;CP;-75.570729;8.541283;3209.752685546875
23;CÓRDOBA;23570;PUEBLO NUEVO;23570016;EL CONTENTO;CP;-75.566522;8.596284;3213.39697265625
23;CÓRDOBA;23570;PUEBLO NUEVO;23570017;PRIMAVERA;CP;-75.32722;8.537079;3230.88671875
23;CÓRDOBA;23570;PUEBLO NUEVO;23570018;BETANIA;CP;-75.377398;8.554034;3233
23;CÓRDOBA;23570;PUEBLO NUEVO;23570020;EL CAMPANO;CP;-75.496507;8.589632;3223.3349609375
23;CÓRDOBA;23570;PUEBLO NUEVO;23570021;PUEBLO REGAO;CP;-75.634582;8.569078;3207.0810546875
23;CÓRDOBA;23570;PUEBLO NUEVO;23570024;NUEVA ESPERANZA;CP;-75.24228;8.3609;3233.494873046875
23;CÓRDOBA;23570;PUEBLO NUEVO;23570026;CAFÉ PISAO;CP;-75.303349;8.446735;3230.5673828125
23;CÓRDOBA;23570;PUEBLO NUEVO;23570028;LOMA DE PIEDRA;CP;-75.457108;8.419507;3223.930908203125
23;CÓRDOBA;23570;PUEBLO NUEVO;23570029;APARTADA DE BETULIA;CP;-75.439299;8.459328;3226.88525390625
23;CÓRDOBA;23570;PUEBLO NUEVO;23570030;EL CORRAL;CP;-75.33171;8.415649;3225.304931640625
23;CÓRDOBA;23570;PUEBLO NUEVO;23570031;EL CHIPAL;CP;-75.29741;8.316857;3227.49560546875
23;CÓRDOBA;23570;PUEBLO NUEVO;23570032;EL DESEO;CP;-75.29;8.33844;3229.732666015625
23;CÓRDOBA;23570;PUEBLO NUEVO;23570033;EL TOCHE;CP;-75.507196;8.579879;3221.773681640625
23;CÓRDOBA;23570;PUEBLO NUEVO;23570034;VILLA ESPERANZA;CP;-75.370295;8.544021;3232.47607421875
23;CÓRDOBA;23570;PUEBLO NUEVO;23570035;VENECIA;CP;-75.530147;8.506252;3214.376220703125
23;CÓRDOBA;23574;PUERTO ESCONDIDO;23574000;PUERTO ESCONDIDO;CM;-76.260411;9.005372;3178.996826171875
23;CÓRDOBA;23574;PUERTO ESCONDIDO;23574001;CRISTO REY;CP;-76.22755;9.073777;3180.88720703125
23;CÓRDOBA;23574;PUERTO ESCONDIDO;23574002;EL PANTANO;CP;-76.091788;8.96159;3197.422119140625
23;CÓRDOBA;23574;PUERTO ESCONDIDO;23574003;SAN JOSÉ DE CANALETE;CP;-76.260797;8.97131;3177.87060546875
23;CÓRDOBA;23574;PUERTO ESCONDIDO;23574004;VILLA ESTER;CP;-76.126891;9.064747;3191.00390625
23;CÓRDOBA;23574;PUERTO ESCONDIDO;23574005;ARIZAL;CP;-76.278593;8.923022;3175.9296875
23;CÓRDOBA;23574;PUERTO ESCONDIDO;23574006;SAN LUIS;CP;-76.154651;9.036709;3185.3837890625
23;CÓRDOBA;23574;PUERTO ESCONDIDO;23574009;LAS MUJERES;CP;-76.181969;8.928691;3179.43310546875
23;CÓRDOBA;23574;PUERTO ESCONDIDO;23574011;EL SILENCIO;CP;-76.1747;8.982248;3181.48291015625
23;CÓRDOBA;23574;PUERTO ESCONDIDO;23574012;SAN MIGUEL;CP;-76.305408;8.961294;3173.2021484375
23;CÓRDOBA;23574;PUERTO ESCONDIDO;23574014;SANTA ISABEL;CP;-76.1326;9.01376;3190.676025390625
23;CÓRDOBA;23580;PUERTO LIBERTADOR;23580000;PUERTO LIBERTADOR;CM;-75.671761;7.888859;3185.33154296875
23;CÓRDOBA;23580;PUERTO LIBERTADOR;23580001;LA RICA;CP;-75.779637;7.781621;3169.693603515625
23;CÓRDOBA;23580;PUERTO LIBERTADOR;23580002;PICA PICA VIEJO;CP;-75.675166;8.014428;3188.573974609375
23;CÓRDOBA;23580;PUERTO LIBERTADOR;23580003;VILLANUEVA;CP;-75.741723;7.835042;3177.028564453125
23;CÓRDOBA;23580;PUERTO LIBERTADOR;23580004;JUAN JOSÉ;CP;-75.853922;7.732787;3161.02685546875
23;CÓRDOBA;23580;PUERTO LIBERTADOR;23580006;BUENOS AIRES;CP;-75.639775;7.889027;3186.991943359375
23;CÓRDOBA;23580;PUERTO LIBERTADOR;23580009;SANTA FÉ DE LAS CLARAS;CP;-75.686814;7.736276;3180.04345703125
23;CÓRDOBA;23580;PUERTO LIBERTADOR;23580010;SAN JUAN;CP;-75.726599;7.730978;3172.778564453125
23;CÓRDOBA;23580;PUERTO LIBERTADOR;23580011;PUERTO BELÉN;CP;-75.822682;7.839356;3166.983154296875
23;CÓRDOBA;23580;PUERTO LIBERTADOR;23580012;EL BRILLANTE;CP;-75.817564;7.868342;3167.672607421875
23;CÓRDOBA;23580;PUERTO LIBERTADOR;23580014;PUERTO CAREPA;CP;-75.805522;7.91987;3168.077392578125
23;CÓRDOBA;23580;PUERTO LIBERTADOR;23580015;TORNO ROJO;CP;-75.553009;7.969677;3189.97265625
23;CÓRDOBA;23580;PUERTO LIBERTADOR;23580016;CENTRO AMÉRICA;CP;-75.595472;7.92736;3187.27880859375
23;CÓRDOBA;23580;PUERTO LIBERTADOR;23580017;COROSALITO;CP;-75.670105;7.812628;3183.83203125
23;CÓRDOBA;23580;PUERTO LIBERTADOR;23580018;NUEVA ESPERANZA;CP;-75.693598;7.966935;3186.904541015625
23;CÓRDOBA;23580;PUERTO LIBERTADOR;23580019;SIETE DE AGOSTO;CP;-75.66015;7.890235;3186.044189453125
23;CÓRDOBA;23580;PUERTO LIBERTADOR;23580020;VILLA ESPERANZA;CP;-75.654912;7.889928;3186.689208984375
23;CÓRDOBA;23586;PURÍSIMA DE LA CONCEPCIÓN;23586000;PURÍSIMA DE LA CONCEPCIÓN;CM;-75.724987;9.239295;3229.330322265625
23;CÓRDOBA;23586;PURÍSIMA DE LA CONCEPCIÓN;23586001;ASERRADERO;CP;-75.68519;9.351033;3243.324951171875
23;CÓRDOBA;23586;PURÍSIMA DE LA CONCEPCIÓN;23586002;EL HUESO;CP;-75.67108;9.333116;3241.31591796875
23;CÓRDOBA;23586;PURÍSIMA DE LA CONCEPCIÓN;23586003;LOS CORRALES;CP;-75.757075;9.238033;3225.075927734375
23;CÓRDOBA;23586;PURÍSIMA DE LA CONCEPCIÓN;23586004;SAN PEDRO DE ARROYO HONDO;CP;-75.76629;9.277744;3228.69677734375
23;CÓRDOBA;23586;PURÍSIMA DE LA CONCEPCIÓN;23586005;ARENAL;CP;-75.727883;9.303918;3232.92138671875
23;CÓRDOBA;23586;PURÍSIMA DE LA CONCEPCIÓN;23586006;COMEJEN;CP;-75.71116;9.263074;3233.27490234375
23;CÓRDOBA;23586;PURÍSIMA DE LA CONCEPCIÓN;23586007;CERROPETRONA;CP;-75.702427;9.367631;3243.10888671875
23;CÓRDOBA;23660;SAHAGÚN;23660000;SAHAGÚN;CM;-75.445834;8.943048;3251.40087890625
23;CÓRDOBA;23660;SAHAGÚN;23660001;ARENAS DEL NORTE;CP;-75.499392;8.987398;3246.856689453125
23;CÓRDOBA;23660;SAHAGÚN;23660002;BAJO GRANDE;CP;-75.528052;8.74161;3226.28076171875
23;CÓRDOBA;23660;SAHAGÚN;23660003;CATALINA;CP;-75.377175;8.860235;3248.545654296875
23;CÓRDOBA;23660;SAHAGÚN;23660004;COLOMBOY;CP;-75.495461;8.737168;3228.94677734375
23;CÓRDOBA;23660;SAHAGÚN;23660005;EL CRUCERO;CP;-75.399107;8.630885;3231.18212890625
23;CÓRDOBA;23660;SAHAGÚN;23660006;EL VIAJANO;CP;-75.481055;8.631405;3225.070556640625
23;CÓRDOBA;23660;SAHAGÚN;23660007;LLANADAS;CP;-75.346915;8.938052;3249.056884765625
23;CÓRDOBA;23660;SAHAGÚN;23660008;LA YE;CP;-75.501491;8.819903;3236.4794921875
23;CÓRDOBA;23660;SAHAGÚN;23660009;MORROCOY;CP;-75.439721;8.750528;3236.13037109375
23;CÓRDOBA;23660;SAHAGÚN;23660010;RODANIA;CP;-75.34304;8.735789;3244.058837890625
23;CÓRDOBA;23660;SAHAGÚN;23660011;SALITRAL;CP;-75.522669;8.821509;3233.066162109375
23;CÓRDOBA;23660;SAHAGÚN;23660012;SAN ANTONIO;CP;-75.453755;8.652544;3227.0302734375
23;CÓRDOBA;23660;SAHAGÚN;23660013;SANTIAGO ABAJO;CP;-75.392469;8.588224;3231.303466796875
23;CÓRDOBA;23660;SAHAGÚN;23660014;SABANETA;CP;-75.316893;8.913305;3251.768798828125
23;CÓRDOBA;23660;SAHAGÚN;23660015;AGUAS VIVAS;CP;-75.358892;8.697586;3240.5048828125
23;CÓRDOBA;23660;SAHAGÚN;23660016;LAS BOCAS;CP;-75.364465;8.645602;3237.836181640625
23;CÓRDOBA;23660;SAHAGÚN;23660017;PISA FLORES;CP;-75.373945;8.8113;3245.96728515625
23;CÓRDOBA;23660;SAHAGÚN;23660020;EL ROBLE;CP;-75.497285;8.866053;3241.0673828125
23;CÓRDOBA;23660;SAHAGÚN;23660022;EL OLIVO;CP;-75.46881;8.713715;3229.669677734375
23;CÓRDOBA;23660;SAHAGÚN;23660023;BRUSELAS;CP;-75.495829;8.72078;3227.965087890625
23;CÓRDOBA;23660;SAHAGÚN;23660024;LOS BARRILES;CP;-75.477619;8.675776;3226.8798828125
23;CÓRDOBA;23660;SAHAGÚN;23660025;EL REMOLINO;CP;-75.381937;8.746321;3240.336669921875
23;CÓRDOBA;23660;SAHAGÚN;23660028;GUAIMARITO;CP;-75.486436;8.83017;3239.4248046875
23;CÓRDOBA;23660;SAHAGÚN;23660029;TREMENTINO;CP;-75.459521;8.810718;3240.711669921875
23;CÓRDOBA;23660;SAHAGÚN;23660030;GUAIMARO;CP;-75.480349;8.838203;3240.905517578125
23;CÓRDOBA;23660;SAHAGÚN;23660031;LA BALSA;CP;-75.503544;8.799072;3234.384521484375
23;CÓRDOBA;23660;SAHAGÚN;23660032;LAS AGUADITAS;CP;-75.515024;8.769234;3229.88623046875
23;CÓRDOBA;23660;SAHAGÚN;23660034;SAN ANDRESITO;CP;-75.491952;8.639745;3224.346435546875
23;CÓRDOBA;23660;SAHAGÚN;23660037;DIVIDIVI;CP;-75.38139;8.966353;3250.09326171875
23;CÓRDOBA;23660;SAHAGÚN;23660040;SALGUERITO;CP;-75.368217;8.896538;3249.1083984375
23;CÓRDOBA;23660;SAHAGÚN;23660047;KILÓMETRO 32;CP;-75.500477;8.694566;3225.679443359375
23;CÓRDOBA;23660;SAHAGÚN;23660048;KILÓMETRO 34;CP;-75.493152;8.681827;3225.918212890625
23;CÓRDOBA;23660;SAHAGÚN;23660054;LA MUSICA;CP;-75.501876;8.84176;3238.394287109375
23;CÓRDOBA;23660;SAHAGÚN;23660061;SAN FRANCISCO;CP;-75.43647;8.69932;3231.333251953125
23;CÓRDOBA;23660;SAHAGÚN;23660064;LA QUEBRADA;CP;-75.320721;8.593983;3235.459716796875
23;CÓRDOBA;23660;SAHAGÚN;23660066;LOS CHIBOLOS;CP;-75.396826;8.707109;3235.751953125
23;CÓRDOBA;23660;SAHAGÚN;23660067;NUEVA ESPERANZA;CP;-75.452609;8.967673;3251.88427734375
23;CÓRDOBA;23660;SAHAGÚN;23660068;SABANA DE LA FUENTE;CP;-75.413827;8.960529;3251.915771484375
23;CÓRDOBA;23670;SAN ANDRÉS DE SOTAVENTO;23670000;SAN ANDRÉS DE SOTAVENTO;CM;-75.508817;9.145345;3252.52587890625
23;CÓRDOBA;23670;SAN ANDRÉS DE SOTAVENTO;23670002;CALLE LARGA;CP;-75.491163;9.197065;3256.544677734375
23;CÓRDOBA;23670;SAN ANDRÉS DE SOTAVENTO;23670003;EL BANCO;CP;-75.572889;9.057568;3240.623046875
23;CÓRDOBA;23670;SAN ANDRÉS DE SOTAVENTO;23670005;LOS CARRETOS;CP;-75.48118;9.22917;3258.181884765625
23;CÓRDOBA;23670;SAN ANDRÉS DE SOTAVENTO;23670009;PUEBLECITO SUR;CP;-75.512766;9.055018;3248.32568359375
23;CÓRDOBA;23670;SAN ANDRÉS DE SOTAVENTO;23670013;PLAZA BONITA;CP;-75.466725;9.17711;3257
23;CÓRDOBA;23670;SAN ANDRÉS DE SOTAVENTO;23670014;LAS CASITAS;CP;-75.579387;9.099668;3242.7451171875
23;CÓRDOBA;23670;SAN ANDRÉS DE SOTAVENTO;23670015;LOS CASTILLOS;CP;-75.559478;9.13511;3246.04931640625
23;CÓRDOBA;23670;SAN ANDRÉS DE SOTAVENTO;23670021;EL CONTENTO;CP;-75.486125;9.211195;3257.250244140625
23;CÓRDOBA;23670;SAN ANDRÉS DE SOTAVENTO;23670023;JEJÉN;CP;-75.496072;9.166534;3254.9267578125
23;CÓRDOBA;23670;SAN ANDRÉS DE SOTAVENTO;23670025;CRUZ DE GUAYABO;CP;-75.533001;9.107118;3248.330322265625
23;CÓRDOBA;23670;SAN ANDRÉS DE SOTAVENTO;23670026;EL HOYAL;CP;-75.564324;9.030875;3240.11376953125
23;CÓRDOBA;23670;SAN ANDRÉS DE SOTAVENTO;23670028;BERLIN;CP;-75.550684;9.061981;3243.370361328125
23;CÓRDOBA;23670;SAN ANDRÉS DE SOTAVENTO;23670029;GARDENIA;CP;-75.506205;9.184011;3254.691650390625
23;CÓRDOBA;23670;SAN ANDRÉS DE SOTAVENTO;23670030;PATIO BONITO NORTE;CP;-75.511002;9.173996;3253.67333984375
23;CÓRDOBA;23670;SAN ANDRÉS DE SOTAVENTO;23670031;PATIO BONITO SUR;CP;-75.543975;9.086141;3245.345703125
23;CÓRDOBA;23670;SAN ANDRÉS DE SOTAVENTO;23670032;SAN GREGORIO;CP;-75.560582;9.068039;3242.160400390625
23;CÓRDOBA;23672;SAN ANTERO;23672000;SAN ANTERO;CM;-75.76112;9.376434;3236.5615234375
23;CÓRDOBA;23672;SAN ANTERO;23672001;EL PORVENIR;CP;-75.708657;9.405957;3244.55419921875
23;CÓRDOBA;23672;SAN ANTERO;23672003;NUEVO AGRADO;CP;-75.806718;9.308466;3231.852294921875
23;CÓRDOBA;23672;SAN ANTERO;23672004;SANTA ROSA DEL BÁLSAMO;CP;-75.716145;9.319953;3236.69482421875
23;CÓRDOBA;23672;SAN ANTERO;23672005;TIJERETAS;CP;-75.787765;9.292354;3231.419677734375
23;CÓRDOBA;23672;SAN ANTERO;23672006;BIJAITO;CP;-75.730241;9.404612;3238.222900390625
23;CÓRDOBA;23672;SAN ANTERO;23672009;CALAO;CP;-75.734302;9.417565;3238.031005859375
23;CÓRDOBA;23672;SAN ANTERO;23672011;CISPATA;CP;-75.773956;9.395099;3242.241943359375
23;CÓRDOBA;23672;SAN ANTERO;23672012;EL NARANJO;CP;-75.781387;9.328479;3234.95263671875
23;CÓRDOBA;23672;SAN ANTERO;23672013;EL PROGRESO;CP;-75.789274;9.346684;3237.443359375
23;CÓRDOBA;23672;SAN ANTERO;23672015;GRAU;CP;-75.72078;9.410778;3241.239501953125
23;CÓRDOBA;23672;SAN ANTERO;23672016;LA BONGUITA;CP;-75.765128;9.393423;3239.22607421875
23;CÓRDOBA;23672;SAN ANTERO;23672017;LA PARRILLA;CP;-75.719286;9.406063;3241.48681640625
23;CÓRDOBA;23672;SAN ANTERO;23672019;LAS NUBES;CP;-75.79271;9.344825;3236.958984375
23;CÓRDOBA;23672;SAN ANTERO;23672020;LETICIA;CP;-75.806311;9.330139;3233.95263671875
23;CÓRDOBA;23672;SAN ANTERO;23672021;PLAYA BLANCA;CP;-75.771097;9.400931;3241.946533203125
23;CÓRDOBA;23672;SAN ANTERO;23672022;PUNTA BOLIVAR;CP;-75.723477;9.413577;3240.526611328125
23;CÓRDOBA;23672;SAN ANTERO;23672023;SAN JOSE;CP;-75.782333;9.341002;3236.585693359375
23;CÓRDOBA;23672;SAN ANTERO;23672024;SANTA CRUZ;CP;-75.774568;9.319131;3233.544677734375
23;CÓRDOBA;23672;SAN ANTERO;23672025;BERNARDO ESCOBAR;CP;-75.748972;9.38956;3235.1875
23;CÓRDOBA;23672;SAN ANTERO;23672026;MIRIAM PARDO;CP;-75.743978;9.380181;3234.87060546875
23;CÓRDOBA;23672;SAN ANTERO;23672027;SAN MARTÍN 1;CP;-75.749318;9.373375;3234.188720703125
23;CÓRDOBA;23672;SAN ANTERO;23672028;SAN MARTÍN 2;CP;-75.751163;9.374752;3234.507080078125
23;CÓRDOBA;23672;SAN ANTERO;23672029;NARANJO 1;CP;-75.782974;9.332817;3235.6376953125
23;CÓRDOBA;23675;SAN BERNARDO DEL VIENTO;23675000;SAN BERNARDO DEL VIENTO;CM;-75.955053;9.352481;3218.17041015625
23;CÓRDOBA;23675;SAN BERNARDO DEL VIENTO;23675001;JOSÉ MANUEL DE ALTAMIRA;CP;-75.984543;9.295003;3210.4404296875
23;CÓRDOBA;23675;SAN BERNARDO DEL VIENTO;23675003;PASO NUEVO;CP;-76.088102;9.325303;3199
23;CÓRDOBA;23675;SAN BERNARDO DEL VIENTO;23675005;PLAYAS DEL VIENTO;CP;-76.044123;9.340917;3201.9443359375
23;CÓRDOBA;23675;SAN BERNARDO DEL VIENTO;23675007;TREMENTINO;CP;-75.934557;9.314513;3221.99853515625
23;CÓRDOBA;23675;SAN BERNARDO DEL VIENTO;23675009;SAN BLAS DE JUNÍN;CP;-76.025254;9.227673;3206.003173828125
23;CÓRDOBA;23675;SAN BERNARDO DEL VIENTO;23675012;CHIQUÍ;CP;-75.979944;9.332388;3211.30517578125
23;CÓRDOBA;23675;SAN BERNARDO DEL VIENTO;23675013;PAJONAL;CP;-75.981266;9.309209;3210.996337890625
23;CÓRDOBA;23675;SAN BERNARDO DEL VIENTO;23675014;SAN JOSÉ DE LAS CAÑAS;CP;-75.958846;9.28988;3216.86328125
23;CÓRDOBA;23675;SAN BERNARDO DEL VIENTO;23675015;MIRAMAR;CP;-76.063671;9.334473;3200.379638671875
23;CÓRDOBA;23675;SAN BERNARDO DEL VIENTO;23675018;CAMINO REAL;CP;-75.991101;9.356287;3209
23;CÓRDOBA;23675;SAN BERNARDO DEL VIENTO;23675019;EL CASTILLO;CP;-76.025492;9.317442;3205.140625
23;CÓRDOBA;23675;SAN BERNARDO DEL VIENTO;23675021;TINAJONES;CP;-75.926854;9.399029;3223.9296875
23;CÓRDOBA;23675;SAN BERNARDO DEL VIENTO;23675023;EL DARIEN;CP;-75.987704;9.344508;3209.457763671875
23;CÓRDOBA;23675;SAN BERNARDO DEL VIENTO;23675024;SANTA INÉS DE MONTERO;CP;-75.950629;9.324528;3219.183837890625
23;CÓRDOBA;23678;SAN CARLOS;23678000;SAN CARLOS;CM;-75.698799;8.799282;3216.71044921875
23;CÓRDOBA;23678;SAN CARLOS;23678001;EL CAMPANO;CP;-75.792397;8.770018;3208
23;CÓRDOBA;23678;SAN CARLOS;23678002;CARRIZAL;CP;-75.751561;8.68254;3207.4208984375
23;CÓRDOBA;23678;SAN CARLOS;23678003;GUACHARACAL;CP;-75.67213;8.55337;3200.3017578125
23;CÓRDOBA;23678;SAN CARLOS;23678004;SANTA ROSA;CP;-75.627722;8.750176;3226.2265625
23;CÓRDOBA;23678;SAN CARLOS;23678005;REMEDIO POBRE;CP;-75.707176;8.799506;3217.179931640625
23;CÓRDOBA;23678;SAN CARLOS;23678006;CABUYA;CP;-75.716156;8.821235;3218
23;CÓRDOBA;23678;SAN CARLOS;23678008;CALLEMAR;CP;-75.664512;8.663383;3208.460205078125
23;CÓRDOBA;23678;SAN CARLOS;23678009;CIENAGUITA;CP;-75.735492;8.637156;3208.877197265625
23;CÓRDOBA;23678;SAN CARLOS;23678010;EL HATO;CP;-75.731713;8.788166;3215.19140625
23;CÓRDOBA;23678;SAN CARLOS;23678011;SAN MIGUEL;CP;-75.652251;8.719458;3217.12890625
23;CÓRDOBA;23678;SAN CARLOS;23678012;EL CHARCO;CP;-75.675869;8.531652;3199.0244140625
23;CÓRDOBA;23678;SAN CARLOS;23678016;CALLE LARGA;CP;-75.75876;8.756628;3208.435546875
23;CÓRDOBA;23678;SAN CARLOS;23678018;LAS TINAS;CP;-75.781146;8.752082;3207
23;CÓRDOBA;23678;SAN CARLOS;23678019;LOS CAÑOS;CP;-75.763075;8.670743;3204.79931640625
23;CÓRDOBA;23682;SAN JOSÉ DE URÉ;23682000;SAN JOSÉ DE URÉ;CM;-75.533476;7.787303;3184.468505859375
23;CÓRDOBA;23682;SAN JOSÉ DE URÉ;23682002;BOCAS DE URÉ;CP;-75.514299;7.942418;3190.25830078125
23;CÓRDOBA;23682;SAN JOSÉ DE URÉ;23682003;BRAZO IZQUIERDO;CP;-75.630904;7.711079;3180.988037109375
23;CÓRDOBA;23682;SAN JOSÉ DE URÉ;23682004;PUEBLO FLECHAS;CP;-75.558148;7.883598;3185.203125
23;CÓRDOBA;23682;SAN JOSÉ DE URÉ;23682005;LA DORADA;CP;-75.524669;7.83898;3186.893798828125
23;CÓRDOBA;23682;SAN JOSÉ DE URÉ;23682006;VERSALLES;CP;-75.58041;7.725095;3180
23;CÓRDOBA;23682;SAN JOSÉ DE URÉ;23682007;VIERA ABAJO;CP;-75.55063;7.842442;3184.013427734375
23;CÓRDOBA;23682;SAN JOSÉ DE URÉ;23682009;PUERTO COLOMBIA;CP;-75.512664;7.885173;3189.3798828125
23;CÓRDOBA;23686;SAN PELAYO;23686000;SAN PELAYO;CM;-75.835125;8.958011;3212.6396484375
23;CÓRDOBA;23686;SAN PELAYO;23686001;BUENOS AIRES;CP;-76.049882;9.018438;3200.93798828125
23;CÓRDOBA;23686;SAN PELAYO;23686002;CARRILLO;CP;-75.834354;8.982317;3212.950927734375
23;CÓRDOBA;23686;SAN PELAYO;23686003;LA MADERA;CP;-75.863193;8.972817;3210.978759765625
23;CÓRDOBA;23686;SAN PELAYO;23686004;LAS GUAMAS;CP;-75.73935;9.01514;3218.96533203125
23;CÓRDOBA;23686;SAN PELAYO;23686005;SABANA NUEVA;CP;-75.8484;9.032395;3209.995849609375
23;CÓRDOBA;23686;SAN PELAYO;23686006;SAN ISIDRO;CP;-75.780374;8.978641;3216
23;CÓRDOBA;23686;SAN PELAYO;23686007;VALPARAÍSO;CP;-75.87367;8.925497;3209.1396484375
23;CÓRDOBA;23686;SAN PELAYO;23686008;PUERTO NUEVO;CP;-75.794941;8.978617;3216
23;CÓRDOBA;23686;SAN PELAYO;23686009;PELAYITO;CP;-75.82284;8.934918;3213.88232421875
23;CÓRDOBA;23686;SAN PELAYO;23686011;LAS LAURAS;CP;-75.760981;8.986487;3216.618408203125
23;CÓRDOBA;23686;SAN PELAYO;23686012;EL BONGO;CP;-75.857053;8.93586;3210.052490234375
23;CÓRDOBA;23686;SAN PELAYO;23686018;EL CHIQUI;CP;-75.747654;9.011247;3218.0009765625
23;CÓRDOBA;23686;SAN PELAYO;23686020;RETIRO;CP;-75.764035;9.001324;3217
23;CÓRDOBA;23686;SAN PELAYO;23686021;EL OBLIGADO;CP;-75.845835;8.912609;3210.73681640625
23;CÓRDOBA;23686;SAN PELAYO;23686022;BONGAS MELLAS;CP;-75.934846;8.993796;3202.2314453125
23;CÓRDOBA;23686;SAN PELAYO;23686025;COROCITO;CP;-75.798115;8.950641;3215.778564453125
23;CÓRDOBA;23686;SAN PELAYO;23686027;EL BÁLSAMO;CP;-76.036192;9.004463;3202.015625
23;CÓRDOBA;23686;SAN PELAYO;23686029;EL COROZO;CP;-75.746803;8.992807;3217.77392578125
23;CÓRDOBA;23686;SAN PELAYO;23686034;MORROCOY;CP;-76.049863;8.95987;3202.364501953125
23;CÓRDOBA;23686;SAN PELAYO;23686036;PROVIDENCIA;CP;-75.766764;8.972224;3215.97509765625
23;CÓRDOBA;23807;TIERRALTA;23807000;TIERRALTA;CM;-76.059797;8.170612;3147.492919921875
23;CÓRDOBA;23807;TIERRALTA;23807002;CARAMELO;CP;-75.902457;8.262982;3175.54150390625
23;CÓRDOBA;23807;TIERRALTA;23807004;MANTAGORDAL;CP;-75.821096;8.222783;3182.03076171875
23;CÓRDOBA;23807;TIERRALTA;23807005;NUEVA GRANADA;CP;-75.924824;8.1489;3168.390869140625
23;CÓRDOBA;23807;TIERRALTA;23807006;EL SAIZA;CP;-76.412791;7.744249;3118.624755859375
23;CÓRDOBA;23807;TIERRALTA;23807007;SANTA FE RALITO;CP;-75.877884;8.157842;3168.643798828125
23;CÓRDOBA;23807;TIERRALTA;23807008;SEVERINERA;CP;-75.789993;8.248466;3190.38134765625
23;CÓRDOBA;23807;TIERRALTA;23807010;VOLADOR;CP;-76.054246;8.304375;3154.418701171875
23;CÓRDOBA;23807;TIERRALTA;23807017;FRASQUILLO NUEVO;CP;-76.193634;8.000122;3135.071533203125
23;CÓRDOBA;23807;TIERRALTA;23807019;CARRIZOLA;CP;-76.094631;8.153276;3141
23;CÓRDOBA;23807;TIERRALTA;23807020;EL ÁGUILA - BATATA;CP;-76.33621;8.035986;3135.9462890625
23;CÓRDOBA;23807;TIERRALTA;23807026;LOS MORALES;CP;-76.043741;8.23788;3157.131103515625
23;CÓRDOBA;23807;TIERRALTA;23807027;SANTA MARTA;CP;-75.913316;8.113214;3167.028564453125
23;CÓRDOBA;23807;TIERRALTA;23807028;VILLA PROVIDENCIA;CP;-76.166155;8.088832;3139
23;CÓRDOBA;23807;TIERRALTA;23807029;CRUCITO;CP;-76.2354;7.888034;3135.853759765625
23;CÓRDOBA;23807;TIERRALTA;23807032;PUEBLO CEDRO;CP;-75.911416;8.106148;3166.948486328125
23;CÓRDOBA;23807;TIERRALTA;23807040;CAMPO BELLO;CP;-76.149015;8.051593;3138.7353515625
23;CÓRDOBA;23807;TIERRALTA;23807041;LAS DELICIAS;CP;-76.105323;8.122919;3139.345458984375
23;CÓRDOBA;23807;TIERRALTA;23807042;SAN RAFAEL;CP;-76.087899;8.116132;3140.772216796875
23;CÓRDOBA;23807;TIERRALTA;23807043;EL ROSARIO;CP;-76.062961;8.135867;3145.5048828125
23;CÓRDOBA;23807;TIERRALTA;23807044;VIRGILIO VARGAS;CP;-76.05804;8.149109;3147.404052734375
23;CÓRDOBA;23807;TIERRALTA;23807045;NUEVA ESPERANZA;CP;-76.026081;8.229133;3163.705322265625
23;CÓRDOBA;23815;TUCHÍN;23815000;TUCHÍN;CM;-75.554451;9.186966;3250.22900390625
23;CÓRDOBA;23815;TUCHÍN;23815001;BARBACOAS;CP;-75.593458;9.252265;3253.06884765625
23;CÓRDOBA;23815;TUCHÍN;23815002;CRUZ CHIQUITA;CP;-75.501548;9.21602;3256.156005859375
23;CÓRDOBA;23815;TUCHÍN;23815004;FLECHAS;CP;-75.524587;9.258519;3256.0087890625
23;CÓRDOBA;23815;TUCHÍN;23815006;MOLINA;CP;-75.57429;9.24431;3253.345458984375
23;CÓRDOBA;23815;TUCHÍN;23815007;NUEVA ESTRELLA;CP;-75.558886;9.172258;3248.56005859375
23;CÓRDOBA;23815;TUCHÍN;23815009;SAN JUAN DE LA CRUZ;CP;-75.492618;9.239653;3257.98974609375
23;CÓRDOBA;23815;TUCHÍN;23815010;VIDALES;CP;-75.529193;9.231435;3254.96044921875
23;CÓRDOBA;23815;TUCHÍN;23815012;ANDES;CP;-75.514394;9.230518;3255.92236328125
23;CÓRDOBA;23815;TUCHÍN;23815013;BELÉN;CP;-75.498834;9.22266;3256.847412109375
23;CÓRDOBA;23815;TUCHÍN;23815014;BELLA VISTA;CP;-75.541069;9.208496;3253.122802734375
23;CÓRDOBA;23815;TUCHÍN;23815015;BOMBA;CP;-75.50736;9.272416;3257.87744140625
23;CÓRDOBA;23815;TUCHÍN;23815016;CARRETAL;CP;-75.531349;9.203039;3253.16162109375
23;CÓRDOBA;23815;TUCHÍN;23815017;EL CARIÑITO;CP;-75.526336;9.217414;3254.1337890625
23;CÓRDOBA;23815;TUCHÍN;23815018;EL CARMEN;CP;-75.510172;9.241516;3256.34033203125
23;CÓRDOBA;23815;TUCHÍN;23815019;EL CHUZO;CP;-75.533326;9.239552;3255
23;CÓRDOBA;23815;TUCHÍN;23815020;EL PORVENIR;CP;-75.543336;9.197351;3252.2724609375
23;CÓRDOBA;23815;TUCHÍN;23815021;EL ROBLE;CP;-75.528662;9.20888;3253.906005859375
23;CÓRDOBA;23815;TUCHÍN;23815022;GUAYACANES;CP;-75.512291;9.220883;3255.251708984375
23;CÓRDOBA;23815;TUCHÍN;23815023;LOVERAN;CP;-75.552002;9.221921;3252.92626953125
23;CÓRDOBA;23815;TUCHÍN;23815024;NUEVA ESPERANZA;CP;-75.523583;9.212658;3254.13330078125
23;CÓRDOBA;23815;TUCHÍN;23815025;NUEVA VIDA;CP;-75.548893;9.195654;3251.52734375
23;CÓRDOBA;23815;TUCHÍN;23815026;SABANA NUEVA;CP;-75.56315;9.229507;3252.072021484375
23;CÓRDOBA;23815;TUCHÍN;23815027;SABANAL;CP;-75.574843;9.258519;3254
23;CÓRDOBA;23815;TUCHÍN;23815028;SANTA CLARA;CP;-75.526874;9.24558;3255.296142578125
23;CÓRDOBA;23815;TUCHÍN;23815029;SANTANDER;CP;-75.568265;9.222749;3251.576416015625
23;CÓRDOBA;23815;TUCHÍN;23815030;TOLIMA;CP;-75.486111;9.251258;3258.85009765625
23;CÓRDOBA;23815;TUCHÍN;23815031;VILLANUEVA;CP;-75.541259;9.212252;3253.4501953125
23;CÓRDOBA;23815;TUCHÍN;23815032;EL BARZAL;CP;-75.574683;9.263821;3254.001708984375
23;CÓRDOBA;23815;TUCHÍN;23815033;LA GRANJA;CP;-75.561712;9.261228;3254.321044921875
23;CÓRDOBA;23815;TUCHÍN;23815034;SAN MARTIN;CP;-75.556524;9.258938;3254.7216796875
23;CÓRDOBA;23815;TUCHÍN;23815035;SANTA CRUZ;CP;-75.498285;9.276362;3258.847900390625
23;CÓRDOBA;23855;VALENCIA;23855000;VALENCIA;CM;-76.150756;8.255016;3148.28759765625
23;CÓRDOBA;23855;VALENCIA;23855001;RÍO NUEVO;CP;-76.067129;8.251225;3147.396240234375
23;CÓRDOBA;23855;VALENCIA;23855003;VILLANUEVA;CP;-76.118989;8.342223;3159.736572265625
23;CÓRDOBA;23855;VALENCIA;23855006;MATA DE MAÍZ;CP;-76.294748;8.261216;3143.971923828125
23;CÓRDOBA;23855;VALENCIA;23855009;EL REPOSO;CP;-76.170183;8.175461;3142.100341796875
23;CÓRDOBA;23855;VALENCIA;23855014;MIELES ABAJO;CP;-76.300079;8.127666;3139.756103515625
23;CÓRDOBA;23855;VALENCIA;23855015;SANTO DOMINGO;CP;-76.290787;8.160854;3141.999755859375
23;CÓRDOBA;23855;VALENCIA;23855016;MANZANARES;CP;-76.076923;8.195718;3143.512451171875
23;CÓRDOBA;23855;VALENCIA;23855017;SAN RAFAEL;CP;-76.246671;8.159711;3145.8974609375
23;CÓRDOBA;23855;VALENCIA;23855019;GUADUAL CENTRAL;CP;-76.34534;8.108959;3138.633056640625
23;CÓRDOBA;23855;VALENCIA;23855020;JERICÓ;CP;-76.170262;8.197662;3143.04638671875
23;CÓRDOBA;23855;VALENCIA;23855021;LA LIBERTAD;CP;-76.098605;8.348094;3159.8623046875
23;CÓRDOBA;23855;VALENCIA;23855023;LAS NUBES;CP;-76.187706;8.347587;3156.281494140625
23;CÓRDOBA;23855;VALENCIA;23855024;CALLEJAS;CP;-76.144431;8.147449;3141.011474609375
25;CUNDINAMARCA;25001;AGUA DE DIOS;25001000;AGUA DE DIOS;CM;-74.669221;4.375309;2994.915771484375
25;CUNDINAMARCA;25019;ALBÁN;25019000;ALBÁN;CM;-74.438261;4.878022;3002.43603515625
25;CUNDINAMARCA;25019;ALBÁN;25019001;CHIMBE (DANUBIO);CP;-74.466687;4.914998;3005.558349609375
25;CUNDINAMARCA;25019;ALBÁN;25019002;PANTANILLO;CP;-74.457126;4.900981;3003.95458984375
25;CUNDINAMARCA;25019;ALBÁN;25019003;LA MARÍA;CP;-74.42285;4.909707;3006.847900390625
25;CUNDINAMARCA;25035;ANAPOIMA;25035000;ANAPOIMA;CM;-74.528676;4.562737;2994.886962890625
25;CUNDINAMARCA;25035;ANAPOIMA;25035001;LA PAZ;CP;-74.47415;4.530038;2986.837890625
25;CUNDINAMARCA;25035;ANAPOIMA;25035002;SAN ANTONIO DE ANAPOIMA;CP;-74.5492;4.582125;2998.447998046875
25;CUNDINAMARCA;25035;ANAPOIMA;25035003;PATIO BONITO;CP;-74.476801;4.527012;2987.135498046875
25;CUNDINAMARCA;25040;ANOLAIMA;25040000;ANOLAIMA;CM;-74.46384;4.7617;2994.97998046875
25;CUNDINAMARCA;25040;ANOLAIMA;25040002;LA FLORIDA;CP;-74.432484;4.771506;2995.925048828125
25;CUNDINAMARCA;25040;ANOLAIMA;25040003;REVENTONES;CP;-74.495594;4.807222;3002.6708984375
25;CUNDINAMARCA;25040;ANOLAIMA;25040006;CORRALEJAS;CP;-74.478825;4.817827;3000.919189453125
25;CUNDINAMARCA;25053;ARBELÁEZ;25053000;ARBELÁEZ;CM;-74.414901;4.272534;2970.062255859375
25;CUNDINAMARCA;25053;ARBELÁEZ;25053003;TISINCE;CP;-74.446329;4.234412;2965.9794921875
25;CUNDINAMARCA;25086;BELTRÁN;25086000;BELTRÁN;CM;-74.741666;4.802832;3034.193603515625
25;CUNDINAMARCA;25086;BELTRÁN;25086001;PAQUILÓ;CP;-74.790801;4.664192;3041.5625
25;CUNDINAMARCA;25086;BELTRÁN;25086002;LA POPA;CP;-74.785013;4.65646;3039.5634765625
25;CUNDINAMARCA;25086;BELTRÁN;25086003;PUERTO GRAMALOTAL;CP;-74.760477;4.778067;3040.822265625
25;CUNDINAMARCA;25095;BITUIMA;25095000;BITUIMA;CM;-74.539609;4.872171;3011.135498046875
25;CUNDINAMARCA;25095;BITUIMA;25095002;BOQUERÓN DE ILÓ;CP;-74.513973;4.794551;3005.805419921875
25;CUNDINAMARCA;25095;BITUIMA;25095003;LA SIERRA;CP;-74.552799;4.790345;3011.1708984375
25;CUNDINAMARCA;25099;BOJACÁ;25099000;BOJACÁ;CM;-74.348492;4.741758;2982.217041015625
25;CUNDINAMARCA;25099;BOJACÁ;25099002;SANTA BÁRBARA;CP;-74.30648;4.641432;2963.716064453125
25;CUNDINAMARCA;25120;CABRERA;25120000;CABRERA;CM;-74.484144;3.984615;2953.459228515625
25;CUNDINAMARCA;25123;CACHIPAY;25123000;CACHIPAY;CM;-74.435711;4.730957;2994
25;CUNDINAMARCA;25123;CACHIPAY;25123001;PEÑA NEGRA;CP;-74.481976;4.700062;2991.458740234375
25;CUNDINAMARCA;25123;CACHIPAY;25123003;URBANIZACION TIERRA DE ENSUEÑO;CP;-74.441998;4.738113;2994.489013671875
25;CUNDINAMARCA;25126;CAJICÁ;25126000;CAJICÁ;CM;-74.02298;4.920009;2981.56640625
25;CUNDINAMARCA;25126;CAJICÁ;25126003;RINCÓN SANTO;CP;-74.011275;4.931727;2981.83056640625
25;CUNDINAMARCA;25126;CAJICÁ;25126004;RÍO GRANDE;CP;-74.026795;4.904482;2980.505126953125
25;CUNDINAMARCA;25126;CAJICÁ;25126005;CANELON;CP;-74.032742;4.909506;2981.76611328125
25;CUNDINAMARCA;25126;CAJICÁ;25126006;LOS SERENEOS;CP;-74.032922;4.925874;2983.145751953125
25;CUNDINAMARCA;25126;CAJICÁ;25126007;LOS PASOS;CP;-74.034508;4.895345;2980.83056640625
25;CUNDINAMARCA;25126;CAJICÁ;25126008;LA FLORIDA;CP;-74.039258;4.916986;2983.192626953125
25;CUNDINAMARCA;25126;CAJICÁ;25126009;CALAHORRA;CP;-74.028875;4.903944;2980.70751953125
25;CUNDINAMARCA;25126;CAJICÁ;25126010;AGUANICA;CP;-74.045048;4.933669;2984.2470703125
25;CUNDINAMARCA;25126;CAJICÁ;25126011;LA PALMA;CP;-74.044272;4.920148;2983.556640625
25;CUNDINAMARCA;25126;CAJICÁ;25126013;LA ESPERANZA;CP;-74.012124;4.927885;2981.301025390625
25;CUNDINAMARCA;25126;CAJICÁ;25126014;CAMINO LOS VARGAS;CP;-74.041857;4.899151;2981.818603515625
25;CUNDINAMARCA;25126;CAJICÁ;25126015;LOS LEÓN;CP;-74.034691;4.929508;2983.61328125
25;CUNDINAMARCA;25126;CAJICÁ;25126016;PRADO;CP;-74.033354;4.919069;2982.53369140625
25;CUNDINAMARCA;25126;CAJICÁ;25126017;PABLO HERRERA;CP;-74.035184;4.924977;2983.345458984375
25;CUNDINAMARCA;25126;CAJICÁ;25126018;SANTA INÉS;CP;-74.040687;4.926094;2983.950439453125
25;CUNDINAMARCA;25126;CAJICÁ;25126019;BOSQUE MADERO;CP;-74.028027;4.891399;2979.1123046875
25;CUNDINAMARCA;25126;CAJICÁ;25126020;QUINTAS DEL MOLINO;CP;-74.033889;4.937548;2984.231689453125
25;CUNDINAMARCA;25126;CAJICÁ;25126021;VERDE VIVO;CP;-74.045757;4.924715;2983.95556640625
25;CUNDINAMARCA;25126;CAJICÁ;25126022;VILLA DE LOS PINOS;CP;-74.042777;4.930454;2984.0361328125
25;CUNDINAMARCA;25148;CAPARRAPÍ;25148000;CAPARRAPÍ;CM;-74.490708;5.34901;3030.9462890625
25;CUNDINAMARCA;25148;CAPARRAPÍ;25148001;CAMBRAS;CP;-74.589443;5.421546;3050.527587890625
25;CUNDINAMARCA;25148;CAPARRAPÍ;25148003;EL DINDAL;CP;-74.56765;5.295031;3049.09130859375
25;CUNDINAMARCA;25148;CAPARRAPÍ;25148005;SAN PEDRO;CP;-74.463818;5.500128;3045.95751953125
25;CUNDINAMARCA;25148;CAPARRAPÍ;25148006;TATI;CP;-74.545672;5.466368;3051.43017578125
25;CUNDINAMARCA;25148;CAPARRAPÍ;25148007;CÓRDOBA;CP;-74.548056;5.395858;3051.259765625
25;CUNDINAMARCA;25148;CAPARRAPÍ;25148009;SAN CARLOS;CP;-74.496603;5.440947;3043.510986328125
25;CUNDINAMARCA;25148;CAPARRAPÍ;25148010;CAMBULO;CP;-74.538966;5.244041;3029.996826171875
25;CUNDINAMARCA;25148;CAPARRAPÍ;25148012;SAN PABLO;CP;-74.461757;5.493881;3045.473876953125
25;CUNDINAMARCA;25148;CAPARRAPÍ;25148016;SAN RAMÓN ALTO;CP;-74.578987;5.350592;3053.61865234375
25;CUNDINAMARCA;25151;CÁQUEZA;25151000;CÁQUEZA;CM;-73.946473;4.404112;2911.893798828125
25;CUNDINAMARCA;25154;CARMEN DE CARUPA;25154000;CARMEN DE CARUPA;CM;-73.901357;5.349119;3002.899169921875
25;CUNDINAMARCA;25168;CHAGUANÍ;25168000;CHAGUANÍ;CM;-74.593455;4.948916;3021.72412109375
25;CUNDINAMARCA;25175;CHÍA;25175000;CHÍA;CM;-74.05;4.866508;2978.804931640625
25;CUNDINAMARCA;25175;CHÍA;25175002;SINDAMANOY I;CP;-74.007002;4.890339;2971.173828125
25;CUNDINAMARCA;25175;CHÍA;25175003;CUATRO ESQUINAS;CP;-74.067492;4.873923;2979.5166015625
25;CUNDINAMARCA;25175;CHÍA;25175005;CERCA DE PIEDRA;CP;-74.082196;4.844463;2977.21923828125
25;CUNDINAMARCA;25175;CHÍA;25175006;RINCON DE FAGUA;CP;-74.058211;4.895643;2981.595458984375
25;CUNDINAMARCA;25175;CHÍA;25175010;CHIQUILINDA;CP;-74.055338;4.897527;2981.6298828125
25;CUNDINAMARCA;25175;CHÍA;25175013;LA PAZ;CP;-74.075164;4.856956;2978.050048828125
25;CUNDINAMARCA;25175;CHÍA;25175019;EL ESPEJO;CP;-74.073906;4.86231;2978.55859375
25;CUNDINAMARCA;25175;CHÍA;25175020;PUEBLO FUERTE;CP;-74.078178;4.848715;2977.356201171875
25;CUNDINAMARCA;25175;CHÍA;25175021;PUENTE CACIQUE;CP;-74.072858;4.852905;2977.3505859375
25;CUNDINAMARCA;25175;CHÍA;25175023;SANTA BARBARA;CP;-74.076935;4.854498;2977.9267578125
25;CUNDINAMARCA;25175;CHÍA;25175025;VILLA JULIANA;CP;-74.067906;4.88235;2980.495849609375
25;CUNDINAMARCA;25175;CHÍA;25175026;ENCENILLOS DE SINDAMANOY;CP;-73.993523;4.894114;2963.164306640625
25;CUNDINAMARCA;25178;CHIPAQUE;25178000;CHIPAQUE;CM;-74.044876;4.442671;2920.042236328125
25;CUNDINAMARCA;25178;CHIPAQUE;25178012;LLANO DE CHIPAQUE;CP;-74.029352;4.44054;2919.47119140625
25;CUNDINAMARCA;25178;CHIPAQUE;25178013;ABASTICOS;CP;-74.001461;4.427972;2921.25390625
25;CUNDINAMARCA;25181;CHOACHÍ;25181000;CHOACHÍ;CM;-73.922894;4.527048;2908.937255859375
25;CUNDINAMARCA;25181;CHOACHÍ;25181003;POTRERO GRANDE;CP;-73.937437;4.599754;2918.402587890625
25;CUNDINAMARCA;25183;CHOCONTÁ;25183000;CHOCONTÁ;CM;-73.683533;5.145224;2947.0263671875
25;CUNDINAMARCA;25200;COGUA;25200000;COGUA;CM;-73.978497;5.061842;2988.620361328125
25;CUNDINAMARCA;25200;COGUA;25200002;RODAMONTAL;CP;-73.99461;5.061586;2992.421875
25;CUNDINAMARCA;25200;COGUA;25200004;EL MORTIÑO;CP;-73.940645;5.051369;2974.75830078125
25;CUNDINAMARCA;25200;COGUA;25200005;LA PLAZUELA;CP;-73.957146;5.092884;2987.33544921875
25;CUNDINAMARCA;25200;COGUA;25200006;LA CHAPA;CP;-74.008101;5.048235;2991.01904296875
25;CUNDINAMARCA;25200;COGUA;25200008;EL CASCAJAL;CP;-73.981152;5.073421;2988.996826171875
25;CUNDINAMARCA;25200;COGUA;25200009;EL DURAZNO;CP;-73.976395;5.084091;2987.220947265625
25;CUNDINAMARCA;25200;COGUA;25200010;EL OLIVO;CP;-73.943106;5.070514;2979.065185546875
25;CUNDINAMARCA;25200;COGUA;25200012;SAN ANTONIO;CP;-73.983163;5.063202;2989.979248046875
25;CUNDINAMARCA;25200;COGUA;25200013;EL ÁTICO - SECTOR ÁLVAREZ;CP;-73.973397;5.062988;2988.031005859375
25;CUNDINAMARCA;25200;COGUA;25200014;RINCÓN SANTO - SECTOR ZAMORA;CP;-73.968506;5.062068;2987.923583984375
25;CUNDINAMARCA;25214;COTA;25214000;COTA;CM;-74.102694;4.812817;2975.0029296875
25;CUNDINAMARCA;25224;CUCUNUBÁ;25224000;CUCUNUBÁ;CM;-73.766113;5.249795;2965.46142578125
25;CUNDINAMARCA;25245;EL COLEGIO;25245000;EL COLEGIO;CM;-74.44221;4.578071;2986.040283203125
25;CUNDINAMARCA;25245;EL COLEGIO;25245001;EL TRIUNFO;CP;-74.473241;4.542804;2987.62109375
25;CUNDINAMARCA;25245;EL COLEGIO;25245002;LA VICTORIA;CP;-74.411551;4.539873;2982.925537109375
25;CUNDINAMARCA;25245;EL COLEGIO;25245003;PRADILLA;CP;-74.393291;4.599413;2981.863037109375
25;CUNDINAMARCA;25245;EL COLEGIO;25245004;LA PAZ;CP;-74.473809;4.539637;2987.364990234375
25;CUNDINAMARCA;25258;EL PEÑÓN;25258000;EL PEÑÓN;CM;-74.290207;5.248747;3038.968505859375
25;CUNDINAMARCA;25258;EL PEÑÓN;25258001;GUAYABAL DE TOLEDO;CP;-74.332564;5.301055;3034.01171875
25;CUNDINAMARCA;25258;EL PEÑÓN;25258002;TALAUTA;CP;-74.308907;5.243033;3042.019775390625
25;CUNDINAMARCA;25260;EL ROSAL;25260000;EL ROSAL;CM;-74.263767;4.85226;2975.895751953125
25;CUNDINAMARCA;25260;EL ROSAL;25260003;CRUZ VERDE;CP;-74.270789;4.866804;2976.92578125
25;CUNDINAMARCA;25260;EL ROSAL;25260004;PUENTE EL ROSAL;CP;-74.258968;4.82621;2974.562744140625
25;CUNDINAMARCA;25260;EL ROSAL;25260005;SAN ANTONIO;CP;-74.240892;4.841797;2978.6826171875
25;CUNDINAMARCA;25269;FACATATIVÁ;25269000;FACATATIVÁ;CM;-74.350151;4.812987;2987.849853515625
25;CUNDINAMARCA;25269;FACATATIVÁ;25269001;SAN RAFAEL  BAJO;CP;-74.364584;4.824844;2991.059814453125
25;CUNDINAMARCA;25269;FACATATIVÁ;25269007;LOS ANDES;CP;-74.405624;4.854796;3003.546630859375
25;CUNDINAMARCA;25269;FACATATIVÁ;25269008;LA YERBABUENA;CP;-74.403016;4.849779;3002.805419921875
25;CUNDINAMARCA;25269;FACATATIVÁ;25269009;ALTO DE CÓRDOBA;CP;-74.31443;4.81375;2982.001953125
25;CUNDINAMARCA;25269;FACATATIVÁ;25269010;LOS ARRAYANES;CP;-74.308282;4.830898;2981.80517578125
25;CUNDINAMARCA;25269;FACATATIVÁ;25269012;LOS MANZANOS;CP;-74.393069;4.83864;2999.8095703125
25;CUNDINAMARCA;25269;FACATATIVÁ;25269013;PASO ANCHO;CP;-74.288099;4.829445;2978.286376953125
25;CUNDINAMARCA;25269;FACATATIVÁ;25269014;PUEBLO VIEJO;CP;-74.364998;4.806083;2990.647705078125
25;CUNDINAMARCA;25269;FACATATIVÁ;25269017;SANTA MARTHA - LA ESPERANZA;CP;-74.32581;4.79506;2982.663818359375
25;CUNDINAMARCA;25269;FACATATIVÁ;25269019;SAGRADO CORAZÓN;CP;-74.323002;4.800666;2982.740234375
25;CUNDINAMARCA;25269;FACATATIVÁ;25269020;VILLA MYRIAM;CP;-74.363508;4.831382;2990.8671875
25;CUNDINAMARCA;25269;FACATATIVÁ;25269021;LOS ROBLES;CP;-74.411425;4.863416;3004.00048828125
25;CUNDINAMARCA;25269;FACATATIVÁ;25269022;SAN ISIDRO;CP;-74.321028;4.809023;2982.693359375
25;CUNDINAMARCA;25269;FACATATIVÁ;25269023;TIERRA GRATA ALTA;CP;-74.279065;4.860101;2977.783935546875
25;CUNDINAMARCA;25269;FACATATIVÁ;25269024;TIERRA GRATA (EL CRUCE);CP;-74.274912;4.850713;2976.5703125
25;CUNDINAMARCA;25269;FACATATIVÁ;25269035;SAN JOSÉ;CP;-74.326908;4.797364;2982.972900390625
25;CUNDINAMARCA;25279;FÓMEQUE;25279000;FÓMEQUE;CM;-73.892523;4.485474;2903.632080078125
25;CUNDINAMARCA;25279;FÓMEQUE;25279001;LA UNIÓN;CP;-73.901199;4.502611;2904.8046875
25;CUNDINAMARCA;25281;FOSCA;25281000;FOSCA;CM;-73.93902;4.339093;2913.103759765625
25;CUNDINAMARCA;25281;FOSCA;25281002;SÁNAME;CP;-73.912866;4.344301;2910.52099609375
25;CUNDINAMARCA;25286;FUNZA;25286000;FUNZA;CM;-74.211525;4.712763;2969.592041015625
25;CUNDINAMARCA;25286;FUNZA;25286006;EL COCLI;CP;-74.228454;4.744717;2973.366943359375
25;CUNDINAMARCA;25286;FUNZA;25286007;EL PAPAYO;CP;-74.226796;4.731204;2971.987548828125
25;CUNDINAMARCA;25286;FUNZA;25286008;SAN ANTONIO LOS PINOS;CP;-74.224522;4.72766;2971.968994140625
25;CUNDINAMARCA;25286;FUNZA;25286009;TIENDA NUEVA;CP;-74.219764;4.788322;2977.49462890625
25;CUNDINAMARCA;25288;FÚQUENE;25288000;FÚQUENE;CM;-73.795855;5.403997;2986.030029296875
25;CUNDINAMARCA;25288;FÚQUENE;25288001;CAPELLANÍA;CP;-73.765335;5.405768;2981.275634765625
25;CUNDINAMARCA;25288;FÚQUENE;25288003;NUEVO FÚQUENE;CP;-73.761493;5.429166;2983.724365234375
25;CUNDINAMARCA;25290;FUSAGASUGÁ;25290000;FUSAGASUGÁ;CM;-74.365398;4.337922;2956.05615234375
25;CUNDINAMARCA;25290;FUSAGASUGÁ;25290001;LA AGUADITA;CP;-74.324795;4.38843;2954.142822265625
25;CUNDINAMARCA;25290;FUSAGASUGÁ;25290012;EL TRIUNFO BOQUERON;CP;-74.546565;4.260004;2974.07373046875
25;CUNDINAMARCA;25290;FUSAGASUGÁ;25290014;LA CASCADA;CP;-74.390698;4.384446;2973.938720703125
25;CUNDINAMARCA;25290;FUSAGASUGÁ;25290015;RIO BLANCO - LOS PUENTES;CP;-74.384256;4.397829;2972.8310546875
25;CUNDINAMARCA;25290;FUSAGASUGÁ;25290016;CHINAUTA;CP;-74.461687;4.288656;2969.14892578125
25;CUNDINAMARCA;25290;FUSAGASUGÁ;25290017;LAS PIRAMIDES;CP;-74.50587;4.263515;2974.227294921875
25;CUNDINAMARCA;25293;GACHALÁ;25293000;GACHALÁ;CM;-73.520161;4.693579;2884.766357421875
25;CUNDINAMARCA;25293;GACHALÁ;25293003;SANTA RITA DEL RÍO NEGRO;CP;-73.590236;4.639989;2881.92724609375
25;CUNDINAMARCA;25293;GACHALÁ;25293006;PALOMAS;CP;-73.464464;4.703224;2894.205810546875
25;CUNDINAMARCA;25295;GACHANCIPÁ;25295000;GACHANCIPÁ;CM;-73.873464;4.990947;2955.55029296875
25;CUNDINAMARCA;25295;GACHANCIPÁ;25295005;EL ROBLE SUR;CP;-73.892401;4.975211;2956.143310546875
25;CUNDINAMARCA;25297;GACHETÁ;25297000;GACHETÁ;CM;-73.637007;4.817022;2931.794677734375
25;CUNDINAMARCA;25299;GAMA;25299000;GAMA;CM;-73.611037;4.763325;2916.80078125
25;CUNDINAMARCA;25299;GAMA;25299001;SAN ROQUE;CP;-73.557306;4.716221;2891.529296875
25;CUNDINAMARCA;25307;GIRARDOT;25307000;GIRARDOT;CM;-74.797949;4.313103;3015.255615234375
25;CUNDINAMARCA;25307;GIRARDOT;25307004;BERLÍN;CP;-74.765842;4.390694;3020.17138671875
25;CUNDINAMARCA;25307;GIRARDOT;25307005;BARZALOSA;CP;-74.789977;4.360167;3022.24853515625
25;CUNDINAMARCA;25307;GIRARDOT;25307006;PIAMONTE;CP;-74.782563;4.36788;3022.774169921875
25;CUNDINAMARCA;25312;GRANADA;25312000;GRANADA;CM;-74.350766;4.519763;2968.87353515625
25;CUNDINAMARCA;25312;GRANADA;25312007;LA VEINTIDOS;CP;-74.358813;4.516616;2970.911376953125
25;CUNDINAMARCA;25312;GRANADA;25312013;SAN RAIMUNDO;CP;-74.366015;4.499863;2973.16845703125
25;CUNDINAMARCA;25317;GUACHETÁ;25317000;GUACHETÁ;CM;-73.686972;5.383378;2977.37890625
25;CUNDINAMARCA;25320;GUADUAS;25320000;GUADUAS;CM;-74.603368;5.072026;3022.14990234375
25;CUNDINAMARCA;25320;GUADUAS;25320001;GUADUERO;CP;-74.579814;5.193283;3041.095458984375
25;CUNDINAMARCA;25320;GUADUAS;25320002;LA PAZ DE CALAMOIMA;CP;-74.630135;5.21765;3051.541015625
25;CUNDINAMARCA;25320;GUADUAS;25320003;PUERTO BOGOTÁ;CP;-74.730848;5.207055;3054.007080078125
25;CUNDINAMARCA;25320;GUADUAS;25320008;ALTO DEL TRIGO;CP;-74.537403;5.000066;3030.082275390625
25;CUNDINAMARCA;25320;GUADUAS;25320009;LA CABAÑA;CP;-74.547772;5.025035;3031.970703125
25;CUNDINAMARCA;25322;GUASCA;25322000;GUASCA;CM;-73.877143;4.866719;2944.651611328125
25;CUNDINAMARCA;25322;GUASCA;25322002;LA CABRERITA;CP;-73.934931;4.819392;2960.352783203125
25;CUNDINAMARCA;25322;GUASCA;25322004;GAMBOA (EL PLACER);CP;-73.915521;4.844335;2955.73046875
25;CUNDINAMARCA;25324;GUATAQUÍ;25324000;GUATAQUÍ;CM;-74.790058;4.517517;3030.138427734375
25;CUNDINAMARCA;25324;GUATAQUÍ;25324001;EL PORVENIR;CP;-74.802579;4.459097;3025.85205078125
25;CUNDINAMARCA;25324;GUATAQUÍ;25324002;LAS ISLAS;CP;-74.801332;4.469154;3026.37939453125
25;CUNDINAMARCA;25326;GUATAVITA;25326000;GUATAVITA;CM;-73.832893;4.934214;2949.931396484375
25;CUNDINAMARCA;25328;GUAYABAL DE SÍQUIMA;25328000;GUAYABAL DE SÍQUIMA;CM;-74.467437;4.877968;3003.55029296875
25;CUNDINAMARCA;25328;GUAYABAL DE SÍQUIMA;25328001;ALTO DEL TRIGO;CP;-74.473278;4.840906;3001.8564453125
25;CUNDINAMARCA;25335;GUAYABETAL;25335000;GUAYABETAL;CM;-73.815107;4.215306;2874.263671875
25;CUNDINAMARCA;25335;GUAYABETAL;25335002;MONTERREDONDO;CP;-73.826889;4.254764;2878.959228515625
25;CUNDINAMARCA;25335;GUAYABETAL;25335003;LAS MESAS;CP;-73.876326;4.213869;2886.078369140625
25;CUNDINAMARCA;25335;GUAYABETAL;25335004;LIMONCITOS;CP;-73.832265;4.27288;2881.419677734375
25;CUNDINAMARCA;25335;GUAYABETAL;25335005;SAN ANTONIO;CP;-73.818544;4.20444;2874.3271484375
25;CUNDINAMARCA;25335;GUAYABETAL;25335006;SAN MIGUEL;CP;-73.809645;4.210747;2873.375
25;CUNDINAMARCA;25335;GUAYABETAL;25335008;LAS MESETAS;CP;-73.821005;4.251015;2877.47119140625
25;CUNDINAMARCA;25339;GUTIÉRREZ;25339000;GUTIÉRREZ;CM;-74.003042;4.254679;2895.892578125
25;CUNDINAMARCA;25339;GUTIÉRREZ;25339001;PASCOTE;CP;-73.992381;4.212131;2889.2822265625
25;CUNDINAMARCA;25339;GUTIÉRREZ;25339002;SAN ANTONIO;CP;-73.987057;4.220317;2890.742919921875
25;CUNDINAMARCA;25368;JERUSALÉN;25368000;JERUSALÉN;CM;-74.695474;4.562273;3017.873046875
25;CUNDINAMARCA;25372;JUNÍN;25372000;JUNÍN;CM;-73.662961;4.79057;2927.95703125
25;CUNDINAMARCA;25372;JUNÍN;25372001;CLARAVAL;CP;-73.639302;4.650335;2904.810546875
25;CUNDINAMARCA;25372;JUNÍN;25372002;CHUSCALES;CP;-73.656894;4.640514;2909.332275390625
25;CUNDINAMARCA;25372;JUNÍN;25372004;SUEVA;CP;-73.703011;4.808839;2921.8720703125
25;CUNDINAMARCA;25372;JUNÍN;25372006;PUENTE LISIO;CP;-73.682886;4.815866;2922.60546875
25;CUNDINAMARCA;25372;JUNÍN;25372007;RAMAL;CP;-73.664728;4.826933;2926.86083984375
25;CUNDINAMARCA;25372;JUNÍN;25372008;SAN FRANCISCO;CP;-73.713457;4.788577;2920.52001953125
25;CUNDINAMARCA;25377;LA CALERA;25377000;LA CALERA;CM;-73.969745;4.720345;2933.919677734375
25;CUNDINAMARCA;25377;LA CALERA;25377002;MUNDONUEVO;CP;-73.867804;4.661197;2914.27392578125
25;CUNDINAMARCA;25377;LA CALERA;25377003;EL SALITRE;CP;-73.990007;4.677808;2931.46240234375
25;CUNDINAMARCA;25377;LA CALERA;25377008;TREINTA Y SEIS;CP;-73.905898;4.648833;2916.5546875
25;CUNDINAMARCA;25377;LA CALERA;25377010;ALTAMAR;CP;-73.952688;4.730683;2938.02685546875
25;CUNDINAMARCA;25377;LA CALERA;25377011;EL MANZANO;CP;-73.871494;4.671145;2915.60400390625
25;CUNDINAMARCA;25377;LA CALERA;25377012;LA AURORA ALTA;CP;-74.009721;4.762873;2951.393798828125
25;CUNDINAMARCA;25377;LA CALERA;25377013;LA CAPILLA;CP;-74.012878;4.759536;2952.58984375
25;CUNDINAMARCA;25377;LA CALERA;25377014;MÁRQUEZ;CP;-73.983708;4.778878;2940.8349609375
25;CUNDINAMARCA;25377;LA CALERA;25377015;SAN CAYETANO;CP;-73.951794;4.776827;2949.62255859375
25;CUNDINAMARCA;25377;LA CALERA;25377016;SAN JOSÉ DEL TRIUNFO;CP;-73.980061;4.768196;2939.31640625
25;CUNDINAMARCA;25386;LA MESA;25386000;LA MESA;CM;-74.461588;4.631028;2990.999755859375
25;CUNDINAMARCA;25386;LA MESA;25386001;LA ESPERANZA;CP;-74.433119;4.697711;2992.9716796875
25;CUNDINAMARCA;25386;LA MESA;25386002;SAN JAVIER;CP;-74.462174;4.654226;2992
25;CUNDINAMARCA;25386;LA MESA;25386003;SAN JOAQUÍN;CP;-74.519149;4.636655;2998.578125
25;CUNDINAMARCA;25394;LA PALMA;25394000;LA PALMA;CM;-74.391022;5.358816;3033.820556640625
25;CUNDINAMARCA;25398;LA PEÑA;25398000;LA PEÑA;CM;-74.393089;5.200211;3028.999755859375
25;CUNDINAMARCA;25402;LA VEGA;25402000;LA VEGA;CM;-74.331138;4.993077;2993.845703125
25;CUNDINAMARCA;25402;LA VEGA;25402002;EL VINO;CP;-74.309183;4.904268;2984.6328125
25;CUNDINAMARCA;25407;LENGUAZAQUE;25407000;LENGUAZAQUE;CM;-73.711512;5.306131;2964.154541015625
25;CUNDINAMARCA;25426;MACHETÁ;25426000;MACHETÁ;CM;-73.607581;5.080295;2935.33837890625
25;CUNDINAMARCA;25430;MADRID;25430000;MADRID;CM;-74.265385;4.732802;2969
25;CUNDINAMARCA;25430;MADRID;25430001;LA CUESTA;CP;-74.200573;4.848917;2984.203125
25;CUNDINAMARCA;25430;MADRID;25430003;EL CORZO;CP;-74.316851;4.772907;2979.694091796875
25;CUNDINAMARCA;25430;MADRID;25430004;PUENTE DE PIEDRA;CP;-74.223146;4.817937;2980.021728515625
25;CUNDINAMARCA;25430;MADRID;25430005;CHAUTA;CP;-74.246291;4.816558;2975.647705078125
25;CUNDINAMARCA;25430;MADRID;25430006;MOYANO;CP;-74.298451;4.798454;2978.37744140625
25;CUNDINAMARCA;25436;MANTA;25436000;MANTA;CM;-73.540444;5.009008;2932.476806640625
25;CUNDINAMARCA;25438;MEDINA;25438000;MEDINA;CM;-73.348449;4.506298;2874.086181640625
25;CUNDINAMARCA;25438;MEDINA;25438003;SAN PEDRO DE GUAJARAY;CP;-73.457822;4.337682;2859.751220703125
25;CUNDINAMARCA;25438;MEDINA;25438004;SANTA TERESITA;CP;-73.366578;4.388137;2853.12255859375
25;CUNDINAMARCA;25438;MEDINA;25438005;MESA DE LOS REYES;CP;-73.255621;4.522992;2881.06689453125
25;CUNDINAMARCA;25438;MEDINA;25438006;LOS ALPES;CP;-73.450584;4.42483;2867.147705078125
25;CUNDINAMARCA;25438;MEDINA;25438010;LA ESMERALDA;CP;-73.497797;4.386296;2867.6826171875
25;CUNDINAMARCA;25438;MEDINA;25438011;GAZADUJE;CP;-73.325627;4.573808;2886.4248046875
25;CUNDINAMARCA;25473;MOSQUERA;25473000;MOSQUERA;CM;-74.231775;4.711371;2969.507080078125
25;CUNDINAMARCA;25473;MOSQUERA;25473004;LOS PUENTES;CP;-74.256013;4.684182;2966.86669921875
25;CUNDINAMARCA;25473;MOSQUERA;25473007;PARCELAS;CP;-74.241494;4.661262;2964.93798828125
25;CUNDINAMARCA;25473;MOSQUERA;25473008;PENCAL;CP;-74.295889;4.69777;2967.987548828125
25;CUNDINAMARCA;25473;MOSQUERA;25473009;QUINTAS DE SERREZUELA;CP;-74.242703;4.700339;2967.41455078125
25;CUNDINAMARCA;25483;NARIÑO;25483000;NARIÑO;CM;-74.824732;4.399837;3021.53173828125
25;CUNDINAMARCA;25486;NEMOCÓN;25486000;NEMOCÓN;CM;-73.87963;5.067365;2967.813720703125
25;CUNDINAMARCA;25486;NEMOCÓN;25486001;PATIO BONITO;CP;-73.895671;5.129786;2982.195556640625
25;CUNDINAMARCA;25486;NEMOCÓN;25486002;EL ORATORIO;CP;-73.923372;5.081175;2977.042236328125
25;CUNDINAMARCA;25486;NEMOCÓN;25486003;LA PUERTA;CP;-73.897953;5.06298;2970.574951171875
25;CUNDINAMARCA;25486;NEMOCÓN;25486005;CAMACHO;CP;-73.874323;5.058208;2964.450927734375
25;CUNDINAMARCA;25486;NEMOCÓN;25486006;EL PLAN;CP;-73.898127;5.117113;2980.641357421875
25;CUNDINAMARCA;25488;NILO;25488000;NILO;CM;-74.620009;4.305838;2995.467041015625
25;CUNDINAMARCA;25488;NILO;25488001;LA ESMERALDA;CP;-74.697816;4.223177;2975.0107421875
25;CUNDINAMARCA;25488;NILO;25488002;PUEBLO NUEVO;CP;-74.543065;4.347159;2984.4306640625
25;CUNDINAMARCA;25488;NILO;25488003;EL REDIL;CP;-74.679574;4.271994;2980.061279296875
25;CUNDINAMARCA;25489;NIMAIMA;25489000;NIMAIMA;CM;-74.38604;5.125992;3027.656982421875
25;CUNDINAMARCA;25489;NIMAIMA;25489001;TOBIA;CP;-74.448992;5.12395;3022.914794921875
25;CUNDINAMARCA;25491;NOCAIMA;25491000;NOCAIMA;CM;-74.377728;5.068933;3025.636474609375
25;CUNDINAMARCA;25491;NOCAIMA;25491001;TOBIA CHICA;CP;-74.400573;5.053543;3021.37451171875
25;CUNDINAMARCA;25506;VENECIA;25506000;VENECIA;CM;-74.478301;4.089056;2958.51708984375
25;CUNDINAMARCA;25506;VENECIA;25506001;APOSENTOS;CP;-74.514536;4.027935;2963.131591796875
25;CUNDINAMARCA;25506;VENECIA;25506005;EL TRÉBOL;CP;-74.486186;4.084535;2960.507568359375
25;CUNDINAMARCA;25513;PACHO;25513000;PACHO;CM;-74.156132;5.136907;2995.74951171875
25;CUNDINAMARCA;25513;PACHO;25513001;PASUNCHA;CP;-74.220467;5.254694;3007.284423828125
25;CUNDINAMARCA;25518;PAIME;25518000;PAIME;CM;-74.152213;5.370487;3013.99951171875
25;CUNDINAMARCA;25518;PAIME;25518001;CUATRO CAMINOS;CP;-74.187207;5.335898;3010.5595703125
25;CUNDINAMARCA;25518;PAIME;25518002;TUDELA;CP;-74.197179;5.381071;3008.064208984375
25;CUNDINAMARCA;25518;PAIME;25518004;VENECIA;CP;-74.109667;5.419954;3015.74560546875
25;CUNDINAMARCA;25524;PANDI;25524000;PANDI;CM;-74.486641;4.190393;2967.48046875
25;CUNDINAMARCA;25530;PARATEBUENO;25530000;PARATEBUENO;CM;-73.212825;4.374832;2846.8125
25;CUNDINAMARCA;25530;PARATEBUENO;25530001;MAYA;CP;-73.13333;4.491405;2869.0673828125
25;CUNDINAMARCA;25530;PARATEBUENO;25530002;SANTA CECILIA;CP;-73.341799;4.350341;2854.3359375
25;CUNDINAMARCA;25530;PARATEBUENO;25530003;EL ENGAÑO;CP;-73.221332;4.630238;2887.975830078125
25;CUNDINAMARCA;25530;PARATEBUENO;25530006;EL JAPÓN;CP;-73.297829;4.374228;2849.60693359375
25;CUNDINAMARCA;25530;PARATEBUENO;25530007;CABULLARITO;CP;-73.112313;4.487617;2861.893798828125
25;CUNDINAMARCA;25535;PASCA;25535000;PASCA;CM;-74.302276;4.308979;2954.01513671875
25;CUNDINAMARCA;25535;PASCA;25535002;GUCHIPAS;CP;-74.31755;4.324865;2953
25;CUNDINAMARCA;25572;PUERTO SALGAR;25572000;PUERTO SALGAR;CM;-74.65277;5.46499;3058.1591796875
25;CUNDINAMARCA;25572;PUERTO SALGAR;25572001;COLORADOS;CP;-74.594715;5.470691;3047.94677734375
25;CUNDINAMARCA;25572;PUERTO SALGAR;25572003;PUERTO LIBRE;CP;-74.629887;5.757141;3068.2763671875
25;CUNDINAMARCA;25572;PUERTO SALGAR;25572005;MORRO COLORADO;CP;-74.569458;5.709715;3068.3017578125
25;CUNDINAMARCA;25580;PULÍ;25580000;PULÍ;CM;-74.71438;4.682022;3022.4560546875
25;CUNDINAMARCA;25580;PULÍ;25580002;PALESTINA;CP;-74.593726;4.694904;3011.89208984375
25;CUNDINAMARCA;25592;QUEBRADANEGRA;25592000;QUEBRADANEGRA;CM;-74.48014;5.118076;3024.958984375
25;CUNDINAMARCA;25592;QUEBRADANEGRA;25592001;LA MAGDALENA;CP;-74.487397;5.080468;3023.37548828125
25;CUNDINAMARCA;25592;QUEBRADANEGRA;25592003;TOBIA - LA MILAGROSA;CP;-74.451215;5.122224;3023.030517578125
25;CUNDINAMARCA;25594;QUETAME;25594000;QUETAME;CM;-73.863214;4.329884;2893.596435546875
25;CUNDINAMARCA;25594;QUETAME;25594002;PUENTE QUETAME;CP;-73.872441;4.333335;2897.0361328125
25;CUNDINAMARCA;25594;QUETAME;25594003;GUACAPATE;CP;-73.865911;4.312393;2892.86181640625
25;CUNDINAMARCA;25596;QUIPILE;25596000;QUIPILE;CM;-74.533705;4.74481;3008.6650390625
25;CUNDINAMARCA;25596;QUIPILE;25596001;LA SIERRA;CP;-74.551862;4.788998;3010.979248046875
25;CUNDINAMARCA;25596;QUIPILE;25596002;LA VIRGEN;CP;-74.568189;4.652073;3011.7509765625
25;CUNDINAMARCA;25596;QUIPILE;25596003;SANTA MARTA;CP;-74.564942;4.775418;3013.995361328125
25;CUNDINAMARCA;25596;QUIPILE;25596004;LA BOTICA;CP;-74.573066;4.711241;3013
25;CUNDINAMARCA;25599;APULO;25599000;APULO;CM;-74.593926;4.520304;3012
25;CUNDINAMARCA;25612;RICAURTE;25612000;RICAURTE;CM;-74.784543;4.29395;3013.6396484375
25;CUNDINAMARCA;25612;RICAURTE;25612001;MANUEL SUR;CP;-74.749933;4.353076;3007.3876953125
25;CUNDINAMARCA;25612;RICAURTE;25612002;EL PASO;CP;-74.745896;4.251538;2996.268310546875
25;CUNDINAMARCA;25612;RICAURTE;25612003;EL PORTAL;CP;-74.717446;4.254161;2986.41455078125
25;CUNDINAMARCA;25612;RICAURTE;25612004;LAS VARAS;CP;-74.718387;4.296899;2991.927490234375
25;CUNDINAMARCA;25612;RICAURTE;25612006;SAN MARCOS POBLADO;CP;-74.721247;4.292223;2991.91650390625
25;CUNDINAMARCA;25612;RICAURTE;25612007;SAN MARTÍN;CP;-74.74621;4.259513;2996.980224609375
25;CUNDINAMARCA;25645;SAN ANTONIO DEL TEQUENDAMA;25645000;SAN ANTONIO DEL TEQUENDAMA;CM;-74.351443;4.616138;2969.02685546875
25;CUNDINAMARCA;25645;SAN ANTONIO DEL TEQUENDAMA;25645001;SANTANDERCITO;CP;-74.341066;4.592449;2966.103759765625
25;CUNDINAMARCA;25645;SAN ANTONIO DEL TEQUENDAMA;25645011;PUEBLO NUEVO;CP;-74.36914;4.593017;2972.267822265625
25;CUNDINAMARCA;25645;SAN ANTONIO DEL TEQUENDAMA;25645016;BELLAVISTA;CP;-74.349904;4.587904;2967.478271484375
25;CUNDINAMARCA;25645;SAN ANTONIO DEL TEQUENDAMA;25645017;PRADILLA;CP;-74.391742;4.599778;2981.384765625
25;CUNDINAMARCA;25645;SAN ANTONIO DEL TEQUENDAMA;25645018;LOS NARANJOS;CP;-74.388818;4.59877;2980.378662109375
25;CUNDINAMARCA;25645;SAN ANTONIO DEL TEQUENDAMA;25645019;VILLA PRADILLA;CP;-74.393817;4.607011;2982.59033203125
25;CUNDINAMARCA;25645;SAN ANTONIO DEL TEQUENDAMA;25645020;VILLA SHYN (CASAS MOVILES);CP;-74.343536;4.589337;2966.339111328125
25;CUNDINAMARCA;25649;SAN BERNARDO;25649000;SAN BERNARDO;CM;-74.42296;4.179433;2956.173828125
25;CUNDINAMARCA;25649;SAN BERNARDO;25649003;PORTONES;CP;-74.442242;4.214373;2964.362060546875
25;CUNDINAMARCA;25653;SAN CAYETANO;25653000;PUEBLO NUEVO;CM;-74.024754;5.332938;3008.927978515625
25;CUNDINAMARCA;25653;SAN CAYETANO;25653001;CAMANCHA;CP;-74.089733;5.408633;3006.69287109375
25;CUNDINAMARCA;25653;SAN CAYETANO;25653002;CUIBUCO;CP;-74.148046;5.315959;3011.10791015625
25;CUNDINAMARCA;25653;SAN CAYETANO;25653003;LAS MERCEDES;CP;-74.048081;5.318698;2998.417236328125
25;CUNDINAMARCA;25653;SAN CAYETANO;25653005;ALBERGUE;CP;-74.074053;5.30218;2994.260009765625
25;CUNDINAMARCA;25658;SAN FRANCISCO;25658000;SAN FRANCISCO;CM;-74.289672;4.972917;2989.090576171875
25;CUNDINAMARCA;25662;SAN JUAN DE RIOSECO;25662000;SAN JUAN DE RIOSECO;CM;-74.621919;4.847575;3020.760498046875
25;CUNDINAMARCA;25662;SAN JUAN DE RIOSECO;25662001;CAMBAO;CP;-74.737376;4.909289;3041.987548828125
25;CUNDINAMARCA;25662;SAN JUAN DE RIOSECO;25662002;SAN NICOLÁS;CP;-74.672371;4.77078;3032.1220703125
25;CUNDINAMARCA;25718;SASAIMA;25718000;SASAIMA;CM;-74.432628;4.962167;3007.75390625
25;CUNDINAMARCA;25718;SASAIMA;25718001;SANTA INES;CP;-74.422256;4.915185;3007.283203125
25;CUNDINAMARCA;25718;SASAIMA;25718002;SANTA CRUZ;CP;-74.418572;4.931824;3009.5419921875
25;CUNDINAMARCA;25736;SESQUILÉ;25736000;SESQUILÉ;CM;-73.796099;5.04476;2958.26708984375
25;CUNDINAMARCA;25736;SESQUILÉ;25736002;LA PLAYA;CP;-73.796655;5.055765;2959.150634765625
25;CUNDINAMARCA;25736;SESQUILÉ;25736003;BOITIVA SAN ROQUE;CP;-73.78883;5.046435;2957.504150390625
25;CUNDINAMARCA;25736;SESQUILÉ;25736004;SIATOYA;CP;-73.807178;5.051963;2959.956787109375
25;CUNDINAMARCA;25740;SIBATÉ;25740000;SIBATÉ;CM;-74.258995;4.489774;2956.8740234375
25;CUNDINAMARCA;25740;SIBATÉ;25740004;SAN BENITO CENTRO;CP;-74.242888;4.505836;2956.29931640625
25;CUNDINAMARCA;25740;SIBATÉ;25740005;CHACUA CENTRO;CP;-74.231658;4.526406;2956.70068359375
25;CUNDINAMARCA;25740;SIBATÉ;25740007;PERICO SECTOR LA HONDA;CP;-74.27104;4.452898;2955.62255859375
25;CUNDINAMARCA;25740;SIBATÉ;25740008;PERICO SECTOR LA MACARENA;CP;-74.260677;4.469775;2955.849365234375
25;CUNDINAMARCA;25740;SIBATÉ;25740010;SAN FORTUNATO SECTOR LOS ZORROS;CP;-74.256557;4.480718;2956.04443359375
25;CUNDINAMARCA;25740;SIBATÉ;25740011;SAN MIGUEL;CP;-74.300616;4.447156;2955.78173828125
25;CUNDINAMARCA;25740;SIBATÉ;25740012;LA UNIÓN SECTOR LA UNIÓN;CP;-74.268506;4.508176;2958.89013671875
25;CUNDINAMARCA;25740;SIBATÉ;25740013;LA UNIÓN SECTOR PIE DE ALTO;CP;-74.271622;4.491736;2957.7373046875
25;CUNDINAMARCA;25740;SIBATÉ;25740014;SAN BENITO SECTOR JAZMÍN;CP;-74.240128;4.514852;2956.984375
25;CUNDINAMARCA;25743;SILVANIA;25743000;SILVANIA;CM;-74.405534;4.381981;2976.25048828125
25;CUNDINAMARCA;25743;SILVANIA;25743002;AZAFRANAL;CP;-74.380272;4.440848;2974.345703125
25;CUNDINAMARCA;25743;SILVANIA;25743005;SUBIA;CP;-74.383806;4.469927;2976.4873046875
25;CUNDINAMARCA;25743;SILVANIA;25743006;AGUA BONITA;CP;-74.327804;4.431728;2957.28515625
25;CUNDINAMARCA;25745;SIMIJACA;25745000;SIMIJACA;CM;-73.850703;5.505231;2996.39501953125
25;CUNDINAMARCA;25745;SIMIJACA;25745003;EL RETÉN;CP;-73.829295;5.493166;2996.422119140625
25;CUNDINAMARCA;25745;SIMIJACA;25745005;SANTA LUCIA;CP;-73.838263;5.516194;2998.913330078125
25;CUNDINAMARCA;25754;SOACHA;25754000;SOACHA;CM;-74.215456;4.579298;2957.169677734375
25;CUNDINAMARCA;25754;SOACHA;25754001;CHARQUITO;CP;-74.277856;4.543022;2961.182861328125
25;CUNDINAMARCA;25754;SOACHA;25754011;CHACUA CABRERA;CP;-74.222769;4.529503;2955.841552734375
25;CUNDINAMARCA;25758;SOPÓ;25758000;SOPÓ;CM;-73.945775;4.906331;2963.650634765625
25;CUNDINAMARCA;25758;SOPÓ;25758008;HATOGRANDE;CP;-73.996331;4.924513;2974.46630859375
25;CUNDINAMARCA;25758;SOPÓ;25758009;GRATAMIRA;CP;-73.942189;4.885567;2965.687744140625
25;CUNDINAMARCA;25758;SOPÓ;25758010;MERCENARIO;CP;-73.967727;4.851033;2953.16796875
25;CUNDINAMARCA;25758;SOPÓ;25758011;LA DIANA;CP;-73.954265;4.940983;2961.5859375
25;CUNDINAMARCA;25758;SOPÓ;25758012;PUEBLO VIEJO SECTOR NIÑO;CP;-73.951821;4.921293;2960.603515625
25;CUNDINAMARCA;25769;SUBACHOQUE;25769000;SUBACHOQUE;CM;-74.172773;4.929118;2990.050537109375
25;CUNDINAMARCA;25769;SUBACHOQUE;25769002;LA PRADERA;CP;-74.132767;5.002607;2989.390380859375
25;CUNDINAMARCA;25769;SUBACHOQUE;25769003;GALDAMEZ;CP;-74.153817;4.915724;2987.73828125
25;CUNDINAMARCA;25769;SUBACHOQUE;25769006;CASCAJAL;CP;-74.155422;4.963718;2990
25;CUNDINAMARCA;25769;SUBACHOQUE;25769007;LLANITOS;CP;-74.181932;4.942441;2990.994384765625
25;CUNDINAMARCA;25772;SUESCA;25772000;SUESCA;CM;-73.798227;5.103495;2963.53125
25;CUNDINAMARCA;25772;SUESCA;25772001;HATO GRANDE;CP;-73.706047;5.216164;2954.55859375
25;CUNDINAMARCA;25772;SUESCA;25772002;SANTA ROSITA;CP;-73.751929;5.107422;2954.724609375
25;CUNDINAMARCA;25772;SUESCA;25772004;CACICAZGO;CP;-73.788876;5.088188;2960.824462890625
25;CUNDINAMARCA;25777;SUPATÁ;25777000;SUPATÁ;CM;-74.235403;5.06162;2994.7080078125
25;CUNDINAMARCA;25777;SUPATÁ;25777001;LA MAGOLA;CP;-74.271309;5.033978;2997.4677734375
25;CUNDINAMARCA;25779;SUSA;25779000;SUSA;CM;-73.813938;5.455291;2992.1357421875
25;CUNDINAMARCA;25781;SUTATAUSA;25781000;SUTATAUSA;CM;-73.853159;5.247482;2982.054443359375
25;CUNDINAMARCA;25781;SUTATAUSA;25781002;LAS PEÑAS;CP;-73.848164;5.198435;2976.440185546875
25;CUNDINAMARCA;25781;SUTATAUSA;25781003;CHIRCAL DE SANTA BARBARA;CP;-73.852716;5.241719;2981.35498046875
25;CUNDINAMARCA;25781;SUTATAUSA;25781004;LA QUINTA;CP;-73.848589;5.244591;2980.1259765625
25;CUNDINAMARCA;25785;TABIO;25785000;TABIO;CM;-74.096461;4.916832;2983.598876953125
25;CUNDINAMARCA;25785;TABIO;25785001;CARRÓN;CP;-74.10615;4.917282;2982.930908203125
25;CUNDINAMARCA;25785;TABIO;25785002;EL PENCIL;CP;-74.093978;4.926109;2984.213134765625
25;CUNDINAMARCA;25785;TABIO;25785003;PARCELACIÓN TERMALES;CP;-74.104536;4.908493;2982.145263671875
25;CUNDINAMARCA;25785;TABIO;25785005;CHICÚ;CP;-74.096991;4.907189;2982.926513671875
25;CUNDINAMARCA;25785;TABIO;25785007;EL BOTE;CP;-74.072258;4.974365;2988.466064453125
25;CUNDINAMARCA;25785;TABIO;25785010;TERPEL;CP;-74.082405;4.922813;2984.91650390625
25;CUNDINAMARCA;25793;TAUSA;25793000;TAUSA;CM;-73.886473;5.196555;2988.466552734375
25;CUNDINAMARCA;25793;TAUSA;25793003;BOQUERÓN;CP;-73.87816;5.185076;2985.343994140625
25;CUNDINAMARCA;25793;TAUSA;25793005;DIVINO NIÑO;CP;-73.882299;5.197444;2987.470947265625
25;CUNDINAMARCA;25797;TENA;25797000;TENA;CM;-74.389193;4.655286;2984.754150390625
25;CUNDINAMARCA;25797;TENA;25797001;LA GRAN VÍA;CP;-74.413461;4.650388;2989.09814453125
25;CUNDINAMARCA;25799;TENJO;25799000;TENJO;CM;-74.14392;4.871887;2981.85595703125
25;CUNDINAMARCA;25799;TENJO;25799001;LA PUNTA;CP;-74.207588;4.795866;2978.931884765625
25;CUNDINAMARCA;25799;TENJO;25799007;PAN DE AZÚCAR;CP;-74.134339;4.880582;2981.087158203125
25;CUNDINAMARCA;25799;TENJO;25799008;EL PALMAR;CP;-74.138366;4.879589;2981.662353515625
25;CUNDINAMARCA;25799;TENJO;25799009;GRATAMIRA;CP;-74.134679;4.862829;2979.420654296875
25;CUNDINAMARCA;25799;TENJO;25799010;BARRIO LOS CATADI;CP;-74.173378;4.785047;2975.055908203125
25;CUNDINAMARCA;25799;TENJO;25799011;CASCAJERA;CP;-74.151738;4.874544;2984.005859375
25;CUNDINAMARCA;25799;TENJO;25799012;LOS PINOS;CP;-74.130444;4.883244;2980.683349609375
25;CUNDINAMARCA;25799;TENJO;25799014;JUAICA;CP;-74.114219;4.896652;2981.013916015625
25;CUNDINAMARCA;25799;TENJO;25799015;ZOQUE;CP;-74.124366;4.883937;2980.3349609375
25;CUNDINAMARCA;25805;TIBACUY;25805000;TIBACUY;CM;-74.452344;4.348315;2972.029052734375
25;CUNDINAMARCA;25805;TIBACUY;25805001;BATEAS;CP;-74.515347;4.317843;2979.08447265625
25;CUNDINAMARCA;25805;TIBACUY;25805002;CUMACA;CP;-74.46943;4.336728;2972.6357421875
25;CUNDINAMARCA;25807;TIBIRITA;25807000;TIBIRITA;CM;-73.504514;5.052278;2928.4931640625
25;CUNDINAMARCA;25815;TOCAIMA;25815000;TOCAIMA;CM;-74.636296;4.459279;3000.832763671875
25;CUNDINAMARCA;25815;TOCAIMA;25815001;PUBENZA;CP;-74.73264;4.399442;3005.643310546875
25;CUNDINAMARCA;25815;TOCAIMA;25815003;LA SALADA;CP;-74.69665;4.423888;3001.2822265625
25;CUNDINAMARCA;25815;TOCAIMA;25815007;LA COLORADA;CP;-74.665594;4.449073;2998.904296875
25;CUNDINAMARCA;25817;TOCANCIPÁ;25817000;TOCANCIPÁ;CM;-73.912091;4.964786;2959.296875
25;CUNDINAMARCA;25817;TOCANCIPÁ;25817001;CHAUTA;CP;-73.923884;4.962442;2961.022705078125
25;CUNDINAMARCA;25817;TOCANCIPÁ;25817002;DULCINEA;CP;-73.938586;4.951282;2962.859130859375
25;CUNDINAMARCA;25817;TOCANCIPÁ;25817003;PELPAK;CP;-73.953718;4.946492;2962.3603515625
25;CUNDINAMARCA;25817;TOCANCIPÁ;25817004;SAN JAVIER;CP;-73.927062;4.96226;2961.25
25;CUNDINAMARCA;25817;TOCANCIPÁ;25817005;TOLIMA - MILENION;CP;-73.93251;4.964361;2962.30322265625
25;CUNDINAMARCA;25817;TOCANCIPÁ;25817006;LA FUENTE;CP;-73.937988;5.004742;2967.163330078125
25;CUNDINAMARCA;25817;TOCANCIPÁ;25817007;CETINA;CP;-73.900912;4.965405;2957.222900390625
25;CUNDINAMARCA;25817;TOCANCIPÁ;25817008;ANTONIA SANTOS;CP;-73.937975;4.955693;2962.904052734375
25;CUNDINAMARCA;25817;TOCANCIPÁ;25817012;CHICALÁ;CP;-73.926804;4.956679;2961.113037109375
25;CUNDINAMARCA;25817;TOCANCIPÁ;25817013;LAS QUINTAS;CP;-73.9646;4.944876;2966.543701171875
25;CUNDINAMARCA;25817;TOCANCIPÁ;25817015;COLPAPEL;CP;-73.940883;4.937843;2962.9150390625
25;CUNDINAMARCA;25817;TOCANCIPÁ;25817017;SAN VICTORINO;CP;-73.92209;4.947363;2960.775634765625
25;CUNDINAMARCA;25817;TOCANCIPÁ;25817018;CAMINOS DE SIE;CP;-73.929484;4.964756;2961.749755859375
25;CUNDINAMARCA;25817;TOCANCIPÁ;25817019;CHICO NORTE;CP;-73.947889;4.943321;2961.841552734375
25;CUNDINAMARCA;25817;TOCANCIPÁ;25817020;BUENOS AIRES;CP;-73.932195;4.932129;2962.529052734375
25;CUNDINAMARCA;25817;TOCANCIPÁ;25817021;EL PORVENIR;CP;-73.916678;4.992466;2962.1142578125
25;CUNDINAMARCA;25817;TOCANCIPÁ;25817022;EL DIVINO NIÑO;CP;-73.918848;4.957416;2960.0234375
25;CUNDINAMARCA;25817;TOCANCIPÁ;25817023;LOS MANZANOS;CP;-73.913616;4.955338;2959.611328125
25;CUNDINAMARCA;25823;TOPAIPÍ;25823000;TOPAIPÍ;CM;-74.302688;5.335973;3043.750732421875
25;CUNDINAMARCA;25823;TOPAIPÍ;25823001;SAN ANTONIO DE AGUILERA;CP;-74.23836;5.341814;3017.093017578125
25;CUNDINAMARCA;25823;TOPAIPÍ;25823002;EL NARANJAL;CP;-74.333674;5.390801;3032.7744140625
25;CUNDINAMARCA;25839;UBALÁ;25839000;UBALÁ;CM;-73.533967;4.743995;2890.872314453125
25;CUNDINAMARCA;25839;UBALÁ;25839002;LAGUNA AZUL;CP;-73.45893;4.810756;2896
25;CUNDINAMARCA;25839;UBALÁ;25839003;MÁMBITA;CP;-73.324217;4.765232;2890.99169921875
25;CUNDINAMARCA;25839;UBALÁ;25839004;SAN PEDRO DE JAGUA;CP;-73.323762;4.645858;2893.327392578125
25;CUNDINAMARCA;25839;UBALÁ;25839005;SANTA ROSA;CP;-73.396938;4.810002;2891.740966796875
25;CUNDINAMARCA;25839;UBALÁ;25839006;LA PLAYA;CP;-73.393394;4.849228;2891.158447265625
25;CUNDINAMARCA;25839;UBALÁ;25839010;SANTA BÁRBARA;CP;-73.487657;4.782333;2898.0986328125
25;CUNDINAMARCA;25841;UBAQUE;25841000;UBAQUE;CM;-73.933477;4.483788;2908.613037109375
25;CUNDINAMARCA;25843;VILLA DE SAN DIEGO DE UBATÉ;25843000;VILLA DE SAN DIEGO DE UBATÉ;CM;-73.814356;5.307528;2979.15478515625
25;CUNDINAMARCA;25843;VILLA DE SAN DIEGO DE UBATÉ;25843001;GUATANCUY;CP;-73.795461;5.347261;2981.041748046875
25;CUNDINAMARCA;25843;VILLA DE SAN DIEGO DE UBATÉ;25843005;VOLCÁN BAJO;CP;-73.818294;5.319601;2980.34228515625
25;CUNDINAMARCA;25843;VILLA DE SAN DIEGO DE UBATÉ;25843007;SAN LUIS;CP;-73.833698;5.306196;2981.515625
25;CUNDINAMARCA;25843;VILLA DE SAN DIEGO DE UBATÉ;25843009;PALOGORDO;CP;-73.798908;5.329329;2980.060546875
25;CUNDINAMARCA;25843;VILLA DE SAN DIEGO DE UBATÉ;25843010;CENTRO DEL LLANO;CP;-73.804688;5.31827;2979.72509765625
25;CUNDINAMARCA;25843;VILLA DE SAN DIEGO DE UBATÉ;25843011;TAUSAVITA BAJO;CP;-73.820155;5.28779;2978.099365234375
25;CUNDINAMARCA;25843;VILLA DE SAN DIEGO DE UBATÉ;25843014;TAUSAVITA ALTO;CP;-73.819125;5.269613;2976.641845703125
25;CUNDINAMARCA;25845;UNE;25845000;UNE;CM;-74.025183;4.40245;2915.877197265625
25;CUNDINAMARCA;25845;UNE;25845002;TIMASITA;CP;-74.022271;4.425778;2919.919921875
25;CUNDINAMARCA;25851;ÚTICA;25851000;ÚTICA;CM;-74.483154;5.19055;3028.0302734375
25;CUNDINAMARCA;25862;VERGARA;25862000;VERGARA;CM;-74.346163;5.117258;3033.758056640625
25;CUNDINAMARCA;25862;VERGARA;25862002;GUACAMAYAS;CP;-74.281852;5.154862;3020.717041015625
25;CUNDINAMARCA;25862;VERGARA;25862004;VILLA OLARTE;CP;-74.317417;5.17264;3034.690673828125
25;CUNDINAMARCA;25862;VERGARA;25862005;CERINZA;CP;-74.264358;5.150249;3013.24853515625
25;CUNDINAMARCA;25862;VERGARA;25862006;CORCEGA;CP;-74.25152;5.120563;3005.7392578125
25;CUNDINAMARCA;25867;VIANÍ;25867000;VIANÍ;CM;-74.56132;4.875208;3015.75732421875
25;CUNDINAMARCA;25867;VIANÍ;25867001;ALTO EL ROSARIO;CP;-74.553682;4.831721;3011.38427734375
25;CUNDINAMARCA;25871;VILLAGÓMEZ;25871000;VILLAGÓMEZ;CM;-74.195145;5.273024;3008.990234375
25;CUNDINAMARCA;25873;VILLAPINZÓN;25873000;VILLAPINZÓN;CM;-73.595704;5.216393;2946.219482421875
25;CUNDINAMARCA;25873;VILLAPINZÓN;25873001;SOATAMA;CP;-73.526346;5.151559;2964.846435546875
25;CUNDINAMARCA;25875;VILLETA;25875000;VILLETA;CM;-74.469686;5.012754;3014.785400390625
25;CUNDINAMARCA;25875;VILLETA;25875001;BAGAZAL;CP;-74.486007;4.983496;3015.385009765625
25;CUNDINAMARCA;25875;VILLETA;25875004;EL PUENTE;CP;-74.488601;4.991564;3016.662841796875
25;CUNDINAMARCA;25878;VIOTÁ;25878000;VIOTÁ;CM;-74.523131;4.43935;2987.865478515625
25;CUNDINAMARCA;25878;VIOTÁ;25878002;SAN GABRIEL;CP;-74.453275;4.475359;2978.650390625
25;CUNDINAMARCA;25878;VIOTÁ;25878003;EL PIÑAL;CP;-74.560196;4.447638;2988.1875
25;CUNDINAMARCA;25878;VIOTÁ;25878004;LIBERIA;CP;-74.498525;4.382358;2981.14990234375
25;CUNDINAMARCA;25885;YACOPÍ;25885000;YACOPÍ;CM;-74.33806;5.459272;3035
25;CUNDINAMARCA;25885;YACOPÍ;25885002;GUADUALITO;CP;-74.305926;5.555955;3045.95751953125
25;CUNDINAMARCA;25885;YACOPÍ;25885004;IBAMA;CP;-74.271414;5.421879;3043.654052734375
25;CUNDINAMARCA;25885;YACOPÍ;25885006;LLANO MATEO;CP;-74.389464;5.59424;3043.0478515625
25;CUNDINAMARCA;25885;YACOPÍ;25885008;TERÁN;CP;-74.449229;5.716361;3054.541015625
25;CUNDINAMARCA;25885;YACOPÍ;25885009;APOSENTOS;CP;-74.301314;5.523482;3041.36376953125
25;CUNDINAMARCA;25885;YACOPÍ;25885018;PATEVACA;CP;-74.415518;5.757665;3064.925537109375
25;CUNDINAMARCA;25885;YACOPÍ;25885021;EL CASTILLO;CP;-74.337088;5.7426;3058.81640625
25;CUNDINAMARCA;25898;ZIPACÓN;25898000;ZIPACÓN;CM;-74.379566;4.759932;2991.10107421875
25;CUNDINAMARCA;25898;ZIPACÓN;25898001;EL OCASO;CP;-74.425728;4.705291;2992.9541015625
25;CUNDINAMARCA;25898;ZIPACÓN;25898004;LA CAPILLA;CP;-74.428026;4.719318;2993.156982421875
25;CUNDINAMARCA;25898;ZIPACÓN;25898005;LA ESTACIÓN;CP;-74.3755;4.7597;2989.686767578125
25;CUNDINAMARCA;25898;ZIPACÓN;25898006;CARTAGENA;CP;-74.416939;4.709609;2992.92529296875
25;CUNDINAMARCA;25898;ZIPACÓN;25898007;LA CABAÑA;CP;-74.42431;4.70989;2992.99755859375
25;CUNDINAMARCA;25899;ZIPAQUIRÁ;25899000;ZIPAQUIRÁ;CM;-73.994434;5.02544;2989.7880859375
25;CUNDINAMARCA;25899;ZIPAQUIRÁ;25899001;LA GRANJA;CP;-73.953384;5.042368;2979.37890625
25;CUNDINAMARCA;25899;ZIPAQUIRÁ;25899002;BARANDILLAS;CP;-73.96725;5.025327;2983.528564453125
25;CUNDINAMARCA;25899;ZIPAQUIRÁ;25899006;PASOANCHO;CP;-73.979561;5.005638;2985.490478515625
25;CUNDINAMARCA;25899;ZIPAQUIRÁ;25899007;SAN JORGE PALO BAJO;CP;-74.025256;4.997947;2987.27099609375
25;CUNDINAMARCA;25899;ZIPAQUIRÁ;25899008;SAN JORGE PALO ALTO;CP;-74.031108;4.993321;2987.337158203125
25;CUNDINAMARCA;25899;ZIPAQUIRÁ;25899009;ALTO DEL ÁGUILA;CP;-74.023718;5.028031;2989.253173828125
25;CUNDINAMARCA;25899;ZIPAQUIRÁ;25899010;APOSENTOS ALTOS;CP;-74.009248;5.035679;2990.07666015625
25;CUNDINAMARCA;25899;ZIPAQUIRÁ;25899011;BOLÍVAR 83;CP;-74.010004;5.032392;2989.991943359375
25;CUNDINAMARCA;25899;ZIPAQUIRÁ;25899012;BOSQUES DE SILECIA;CP;-74.008993;5.037407;2990.199951171875
25;CUNDINAMARCA;25899;ZIPAQUIRÁ;25899015;EL RUDAL;CP;-73.984615;5.016031;2987.83642578125
25;CUNDINAMARCA;25899;ZIPAQUIRÁ;25899017;LOTEO LA PAZ - BOMBA TERPEL - LOTEO SUSAGUÁ;CP;-73.981773;5.024344;2988.09814453125
25;CUNDINAMARCA;25899;ZIPAQUIRÁ;25899019;LOTEO SANTA ISABEL;CP;-73.978607;5.033285;2988.083984375
25;CUNDINAMARCA;25899;ZIPAQUIRÁ;25899020;PORTACHUELO;CP;-74.005189;5.003448;2987.903076171875
25;CUNDINAMARCA;25899;ZIPAQUIRÁ;25899025;SAN MIGUEL;CP;-73.956207;5.033411;2979.31640625
25;CUNDINAMARCA;25899;ZIPAQUIRÁ;25899026;SANTIAGO PÉREZ;CP;-74.017385;5.025188;2989.059814453125
25;CUNDINAMARCA;25899;ZIPAQUIRÁ;25899028;LA MARIELA;CP;-73.96417;5.019262;2981.351318359375
25;CUNDINAMARCA;25899;ZIPAQUIRÁ;25899029;EL CODITO;CP;-73.968431;5.041196;2986.435302734375
25;CUNDINAMARCA;25899;ZIPAQUIRÁ;25899030;EL KIOSKO LA GRANJA;CP;-73.962943;5.038766;2983.58837890625
25;CUNDINAMARCA;25899;ZIPAQUIRÁ;25899031;LA ESCUELA;CP;-73.966403;5.03625;2984.8359375
25;CUNDINAMARCA;25899;ZIPAQUIRÁ;25899034;ARGELIA;CP;-73.992979;5.041162;2991.0166015625
25;CUNDINAMARCA;25899;ZIPAQUIRÁ;25899035;ARGELIA II;CP;-73.99116;5.042613;2991.00048828125
25;CUNDINAMARCA;25899;ZIPAQUIRÁ;25899036;ARGELIA III;CP;-73.990102;5.043466;2991.033935546875
25;CUNDINAMARCA;25899;ZIPAQUIRÁ;25899037;MALAGON;CP;-73.979563;5.027114;2987.669189453125
27;CHOCÓ;27001;QUIBDÓ;27001000;SAN FRANCISCO DE QUIBDO;CM;-76.626533;5.690997;2991
27;CHOCÓ;27001;QUIBDÓ;27001008;BOCA DE TANANDÓ;CP;-76.650406;5.622499;2988.341064453125
27;CHOCÓ;27001;QUIBDÓ;27001011;CALAHORRA;CP;-76.846531;5.76199;2958.669189453125
27;CHOCÓ;27001;QUIBDÓ;27001013;CAMPOBONITO;CP;-76.860696;5.710516;2952.789794921875
27;CHOCÓ;27001;QUIBDÓ;27001015;GUARANDÓ;CP;-76.900134;5.814268;2949.10888671875
27;CHOCÓ;27001;QUIBDÓ;27001016;GUAYABAL;CP;-76.643261;5.737593;2988.57568359375
27;CHOCÓ;27001;QUIBDÓ;27001017;LA TROJE;CP;-76.609002;5.724995;2992
27;CHOCÓ;27001;QUIBDÓ;27001018;LAS MERCEDES;CP;-76.696579;5.82066;2991.6982421875
27;CHOCÓ;27001;QUIBDÓ;27001020;SAN RAFAEL DE NEGUA;CP;-76.618779;5.82975;2992.033447265625
27;CHOCÓ;27001;QUIBDÓ;27001024;SAN FRANCISCO DE ICHO;CP;-76.539788;5.800631;2999.970703125
27;CHOCÓ;27001;QUIBDÓ;27001029;TAGACHÍ;CP;-76.726271;6.220958;3001.93212890625
27;CHOCÓ;27001;QUIBDÓ;27001032;TUTUNENDÓ;CP;-76.542451;5.744419;2997.0302734375
27;CHOCÓ;27001;QUIBDÓ;27001035;GUADALUPE;CP;-76.566694;5.714867;2992.42041015625
27;CHOCÓ;27001;QUIBDÓ;27001038;SANCENO;CP;-76.690151;5.731773;2985.0966796875
27;CHOCÓ;27001;QUIBDÓ;27001044;BOCA DE NAURITA;CP;-76.583609;5.87526;2997.395751953125
27;CHOCÓ;27001;QUIBDÓ;27001047;EL FUERTE;CP;-76.536152;5.905444;3005.72802734375
27;CHOCÓ;27001;QUIBDÓ;27001048;SAN ANTONIO DE ICHO;CP;-76.63713;5.79753;2988.24462890625
27;CHOCÓ;27001;QUIBDÓ;27001052;BOCA DE NEMOTÁ (NEMOTÁ);CP;-76.60531;5.863555;2995.389404296875
27;CHOCÓ;27001;QUIBDÓ;27001054;PACURITA (CABÍ);CP;-76.597385;5.682451;2992.22509765625
27;CHOCÓ;27001;QUIBDÓ;27001060;VILLA DEL ROSARIO;CP;-76.544007;5.895244;3003.22802734375
27;CHOCÓ;27001;QUIBDÓ;27001061;WINANDO;CP;-76.868808;5.792296;2955.337646484375
27;CHOCÓ;27001;QUIBDÓ;27001063;BARRANCO;CP;-76.674963;5.735821;2984.55224609375
27;CHOCÓ;27001;QUIBDÓ;27001066;SAN JOAQUIN;CP;-76.623747;5.843447;2991.838134765625
27;CHOCÓ;27001;QUIBDÓ;27001067;EL 21;CP;-76.44863;5.754989;3006.5419921875
27;CHOCÓ;27006;ACANDÍ;27006000;ACANDÍ;CM;-77.279951;8.512178;3001
27;CHOCÓ;27006;ACANDÍ;27006003;CAPURGANÁ;CP;-77.349333;8.635171;3016.837646484375
27;CHOCÓ;27006;ACANDÍ;27006005;LA CALETA;CP;-77.264664;8.473014;3000.802978515625
27;CHOCÓ;27006;ACANDÍ;27006007;SAN FRANCISCO;CP;-77.110024;8.361548;3039.8095703125
27;CHOCÓ;27006;ACANDÍ;27006008;SAN MIGUEL;CP;-77.273501;8.453181;2999.0712890625
27;CHOCÓ;27006;ACANDÍ;27006009;CHIGANDI;CP;-77.191151;8.404635;3024.106689453125
27;CHOCÓ;27006;ACANDÍ;27006010;SAPZURRO;CP;-77.366197;8.660556;3016.554443359375
27;CHOCÓ;27006;ACANDÍ;27006016;PEÑALOSA;CP;-77.259627;8.404305;3001.193115234375
27;CHOCÓ;27025;ALTO BAUDÓ;27025000;PIE DE PATO;CM;-76.974373;5.516221;2910.20361328125
27;CHOCÓ;27025;ALTO BAUDÓ;27025003;APARTADÓ;CP;-76.975818;5.390906;2902.406982421875
27;CHOCÓ;27025;ALTO BAUDÓ;27025004;CHACHAJÓ;CP;;;
27;CHOCÓ;27025;ALTO BAUDÓ;27025006;NAUCAS;CP;-77.017087;5.605255;2915.710205078125
27;CHOCÓ;27025;ALTO BAUDÓ;27025007;SAN FRANCISCO DE CUGUCHO;CP;;;
27;CHOCÓ;27025;ALTO BAUDÓ;27025008;SANTA CATALINA DE CATRU;CP;-77.033794;5.336092;2900.410400390625
27;CHOCÓ;27025;ALTO BAUDÓ;27025011;BATATAL;CP;-76.93234;5.351868;2909.89599609375
27;CHOCÓ;27025;ALTO BAUDÓ;27025013;CHIGORODÓ;CP;-77.001659;5.635216;2916.923828125
27;CHOCÓ;27025;ALTO BAUDÓ;27025014;EL SALTO (BELLA LUZ);CP;-77.066788;5.49878;2900.727294921875
27;CHOCÓ;27025;ALTO BAUDÓ;27025016;DOMINICO;CP;-77.041142;5.479228;2905.3193359375
27;CHOCÓ;27025;ALTO BAUDÓ;27025017;GEANDO;CP;-77.010089;5.410801;2902.56396484375
27;CHOCÓ;27025;ALTO BAUDÓ;27025019;LA DIVISA;CP;-77.063985;5.599853;2904.3310546875
27;CHOCÓ;27025;ALTO BAUDÓ;27025020;LA FELICIA;CP;-77.049821;5.818694;2919.722412109375
27;CHOCÓ;27025;ALTO BAUDÓ;27025021;LA LOMA;CP;-77.075327;5.383666;2897.720947265625
27;CHOCÓ;27025;ALTO BAUDÓ;27025022;PAVARANDÓ (PUREZA);CP;-77.037637;5.721657;2913.8818359375
27;CHOCÓ;27025;ALTO BAUDÓ;27025023;LAS DELICIAS;CP;-76.930695;5.367986;2911.3193359375
27;CHOCÓ;27025;ALTO BAUDÓ;27025024;MOJAUDÓ;CP;;;
27;CHOCÓ;27025;ALTO BAUDÓ;27025027;PUESTO INDIO;CP;-77.1266;5.785162;2906.602294921875
27;CHOCÓ;27025;ALTO BAUDÓ;27025030;AMPARRAIDA (SANTA RITA);CP;-76.988731;5.652091;2918.408447265625
27;CHOCÓ;27025;ALTO BAUDÓ;27025031;PUERTO MARTÍNEZ;CP;-76.994522;5.586042;2911.970947265625
27;CHOCÓ;27025;ALTO BAUDÓ;27025033;MIACORA;CP;-77.095703;5.878825;2917.53125
27;CHOCÓ;27025;ALTO BAUDÓ;27025035;PUERTO ALEGRE;CP;-77.052225;5.599495;2908.431396484375
27;CHOCÓ;27025;ALTO BAUDÓ;27025036;PUERTO CÓRDOBA URUDO;CP;-76.945102;5.42899;2912.983642578125
27;CHOCÓ;27025;ALTO BAUDÓ;27025037;PUERTO ECHEVERRY;CP;-76.96283;5.322309;2900.54736328125
27;CHOCÓ;27025;ALTO BAUDÓ;27025038;PUERTO LIBIA;CP;;;
27;CHOCÓ;27025;ALTO BAUDÓ;27025040;BOCA DE LEÓN;CP;-76.991785;5.396397;2900.8369140625
27;CHOCÓ;27025;ALTO BAUDÓ;27025041;NUEVO PLATANARES;CP;-76.928554;5.291668;2909.011474609375
27;CHOCÓ;27050;ATRATO;27050000;YUTO;CM;-76.635674;5.531419;2985.397705078125
27;CHOCÓ;27050;ATRATO;27050001;ARENAL;CP;-76.615723;5.529979;2987.051025390625
27;CHOCÓ;27050;ATRATO;27050002;DOÑA JOSEFA;CP;-76.646946;5.551368;2985.499267578125
27;CHOCÓ;27050;ATRATO;27050003;SAMURINDÓ;CP;-76.652845;5.587469;2986.83154296875
27;CHOCÓ;27050;ATRATO;27050005;MOTOLDÓ;CP;-76.580366;5.587194;2988.095703125
27;CHOCÓ;27050;ATRATO;27050006;SAN JOSÉ DE PURRÉ;CP;-76.553292;5.640291;2991.055908203125
27;CHOCÓ;27050;ATRATO;27050007;SAN MARTÍN DE PURRÉ;CP;-76.58498;5.647796;2991.005859375
27;CHOCÓ;27050;ATRATO;27050008;LA MOLANA;CP;-76.673333;5.608624;2983.964599609375
27;CHOCÓ;27050;ATRATO;27050009;PUENTE DE TANANDÓ;CP;-76.643698;5.614712;2988.950439453125
27;CHOCÓ;27050;ATRATO;27050010;PUENTE DE PAIMADÓ;CP;-76.627643;5.443024;2981.934326171875
27;CHOCÓ;27050;ATRATO;27050013;LA TOMA;CP;-76.623581;5.432765;2981.93408203125
27;CHOCÓ;27050;ATRATO;27050017;REAL DE TANANDÓ (2DO);CP;-76.600962;5.609982;2990.92919921875
27;CHOCÓ;27050;ATRATO;27050018;VARIANTE DE MOTOLDÓ;CP;-76.540946;5.611415;2992.1689453125
27;CHOCÓ;27073;BAGADÓ;27073000;BAGADÓ;CM;-76.416063;5.409681;3000.817138671875
27;CHOCÓ;27073;BAGADÓ;27073004;ENGRIVADÓ;CP;-76.30879;5.390474;3018.242431640625
27;CHOCÓ;27073;BAGADÓ;27073005;LA SIERRA;CP;-76.357412;5.402893;3012.526611328125
27;CHOCÓ;27073;BAGADÓ;27073006;PIEDRA HONDA;CP;-76.288421;5.41825;3021.33740234375
27;CHOCÓ;27073;BAGADÓ;27073009;EL SALTO;CP;-76.338502;5.395738;3015.657958984375
27;CHOCÓ;27073;BAGADÓ;27073010;PLAYA BONITA;CP;-76.336113;5.395968;3015.9384765625
27;CHOCÓ;27073;BAGADÓ;27073011;VIVÍCORA;CP;-76.214975;5.439951;3039.3046875
27;CHOCÓ;27073;BAGADÓ;27073012;PESCADITO;CP;-76.183342;5.522034;3048.978515625
27;CHOCÓ;27073;BAGADÓ;27073013;CUAJANDÓ;CP;-76.327006;5.391571;3016.9677734375
27;CHOCÓ;27073;BAGADÓ;27073014;MUCHICHI;CP;-76.353927;5.401699;3013.06591796875
27;CHOCÓ;27073;BAGADÓ;27073015;OCHOA;CP;-76.34838;5.393892;3013.888916015625
27;CHOCÓ;27075;BAHÍA SOLANO;27075000;CIUDAD MÚTIS;CM;-77.401633;6.22127;2870.982421875
27;CHOCÓ;27075;BAHÍA SOLANO;27075002;EL VALLE;CP;-77.425992;6.103513;2861.407958984375
27;CHOCÓ;27075;BAHÍA SOLANO;27075003;HUACA;CP;-77.37697;6.310091;2888.305908203125
27;CHOCÓ;27075;BAHÍA SOLANO;27075004;HUINA;CP;-77.455842;6.270654;2865.7099609375
27;CHOCÓ;27075;BAHÍA SOLANO;27075006;MECANA;CP;-77.386411;6.264353;2880.204833984375
27;CHOCÓ;27075;BAHÍA SOLANO;27075007;NABUGÁ;CP;-77.357893;6.394072;2895.513671875
27;CHOCÓ;27075;BAHÍA SOLANO;27075009;PLAYITA POTE;CP;-77.369555;6.351523;2893.69970703125
27;CHOCÓ;27077;BAJO BAUDÓ;27077000;PIZARRO;CM;-77.365717;4.954576;2822.899658203125
27;CHOCÓ;27077;BAJO BAUDÓ;27077002;BELÉN DE DOCAMPODO;CP;-77.211758;4.6889;2831.852783203125
27;CHOCÓ;27077;BAJO BAUDÓ;27077005;CUEVITA;CP;-77.422638;5.445174;2835.08984375
27;CHOCÓ;27077;BAJO BAUDÓ;27077006;DOTENEDÓ;CP;;;
27;CHOCÓ;27077;BAJO BAUDÓ;27077007;HIJUÁ;CP;-77.311413;4.685423;2811.9560546875
27;CHOCÓ;27077;BAJO BAUDÓ;27077008;ORPÚA;CP;-77.318988;4.57309;2807.99462890625
27;CHOCÓ;27077;BAJO BAUDÓ;27077009;PAVASA;CP;-77.354678;5.334169;2839.477783203125
27;CHOCÓ;27077;BAJO BAUDÓ;27077011;PILIZA;CP;-77.374491;5.077413;2823.57275390625
27;CHOCÓ;27077;BAJO BAUDÓ;27077012;PLAYITA;CP;-77.076236;5.307073;2892.7421875
27;CHOCÓ;27077;BAJO BAUDÓ;27077014;PUNTA PURRICHA;CP;-77.368707;5.156586;2828.03662109375
27;CHOCÓ;27077;BAJO BAUDÓ;27077016;SIVIRÚ;CP;-77.342946;4.805956;2815.01416015625
27;CHOCÓ;27077;BAJO BAUDÓ;27077019;VIRUDÓ;CP;-77.402352;5.39988;2835.53955078125
27;CHOCÓ;27077;BAJO BAUDÓ;27077024;VILLA MARÍA;CP;-77.355016;5.135574;2829.15234375
27;CHOCÓ;27077;BAJO BAUDÓ;27077026;GUINEAL;CP;-77.311726;4.70772;2812.707275390625
27;CHOCÓ;27077;BAJO BAUDÓ;27077029;USARAGÁ;CP;-77.339475;4.903303;2820.75244140625
27;CHOCÓ;27077;BAJO BAUDÓ;27077032;PUERTO ABADÍA;CP;-77.316971;4.641095;2809.453125
27;CHOCÓ;27077;BAJO BAUDÓ;27077034;TOCASINA - DUBASA;CP;-77.142062;5.393609;2880.2880859375
27;CHOCÓ;27077;BAJO BAUDÓ;27077035;UNIÓN MISARA;CP;;;
27;CHOCÓ;27077;BAJO BAUDÓ;27077036;BELLA VISTA;CP;-77.006205;5.294391;2898.044677734375
27;CHOCÓ;27099;BOJAYÁ;27099000;BELLAVISTA;CM;-76.883465;6.556303;2984.996337890625
27;CHOCÓ;27099;BOJAYÁ;27099001;ALFONSO LÓPEZ;CP;-76.79658;6.436461;3002.37255859375
27;CHOCÓ;27099;BOJAYÁ;27099002;LA LOMA DE BOJAYÁ;CP;-76.972438;6.52122;2964.157470703125
27;CHOCÓ;27099;BOJAYÁ;27099003;ISLA DE LOS PALACIOS;CP;-76.92552;6.833236;2989.9921875
27;CHOCÓ;27099;BOJAYÁ;27099004;LA BOBA;CP;-76.771599;6.396687;3006.523681640625
27;CHOCÓ;27099;BOJAYÁ;27099005;NAPIPI;CP;-76.939524;6.66468;2975.450439453125
27;CHOCÓ;27099;BOJAYÁ;27099006;BOCA DE OPOGADO;CP;-76.97259;6.812431;2995.001220703125
27;CHOCÓ;27099;BOJAYÁ;27099008;PUERTO CONTÓ;CP;-76.851219;6.550584;2992.185302734375
27;CHOCÓ;27099;BOJAYÁ;27099009;SAN JOSÉ;CP;-76.770401;6.469342;3008.05126953125
27;CHOCÓ;27099;BOJAYÁ;27099011;VERACRUZ;CP;-76.822244;6.488095;2999.7119140625
27;CHOCÓ;27099;BOJAYÁ;27099012;POGUE;CP;-77.000127;6.438456;2949.807373046875
27;CHOCÓ;27099;BOJAYÁ;27099013;MESOPOTAMIA;CP;-77.024348;6.808944;2980.9970703125
27;CHOCÓ;27099;BOJAYÁ;27099015;EL TIGRE;CP;-76.789295;6.352844;3002.645751953125
27;CHOCÓ;27099;BOJAYÁ;27099021;CORAZÓN DE JESÚS;CP;-76.969025;6.564797;2968.209228515625
27;CHOCÓ;27099;BOJAYÁ;27099029;PICHICORA;CP;-76.998568;6.523978;2962.34375
27;CHOCÓ;27099;BOJAYÁ;27099030;PIEDRA CANDELA;CP;-76.958294;6.487775;2966.9755859375
27;CHOCÓ;27135;EL CANTÓN DEL SAN PABLO;27135000;MANAGRÚ;CM;-76.726844;5.335321;2957.896484375
27;CHOCÓ;27135;EL CANTÓN DEL SAN PABLO;27135001;BOCA DE RASPADURA;CP;-76.712057;5.265976;2954.84716796875
27;CHOCÓ;27135;EL CANTÓN DEL SAN PABLO;27135003;PUERTO PERVEL;CP;-76.718482;5.395702;2963.8623046875
27;CHOCÓ;27135;EL CANTÓN DEL SAN PABLO;27135004;TARIDÓ;CP;-76.805579;5.421646;2948.374267578125
27;CHOCÓ;27135;EL CANTÓN DEL SAN PABLO;27135005;GUAPANDÓ;CP;-76.66711;5.345838;2971.98291015625
27;CHOCÓ;27135;EL CANTÓN DEL SAN PABLO;27135007;LA ISLA;CP;-76.682231;5.242006;2963.611083984375
27;CHOCÓ;27150;CARMEN DEL DARIÉN;27150000;CURBARADÓ;CM;-76.970795;7.158538;3007.084716796875
27;CHOCÓ;27150;CARMEN DEL DARIÉN;27150002;DOMINGODÓ;CP;-77.033191;7.178538;3002.730712890625
27;CHOCÓ;27150;CARMEN DEL DARIÉN;27150003;LA GRANDE;CP;-76.888119;7.03798;3029.039794921875
27;CHOCÓ;27150;CARMEN DEL DARIÉN;27150004;PUERTO LLERAS;CP;-76.630974;7.149901;3059.8955078125
27;CHOCÓ;27150;CARMEN DEL DARIÉN;27150006;VIGIA DE CURBADÓ;CP;-76.922415;7.073872;3018.201416015625
27;CHOCÓ;27150;CARMEN DEL DARIÉN;27150007;VILLA NUEVA DE MONTAÑO;CP;-76.955075;6.962218;3003.848388671875
27;CHOCÓ;27150;CARMEN DEL DARIÉN;27150012;CHICAO;CP;;;
27;CHOCÓ;27150;CARMEN DEL DARIÉN;27150014;LA MADRE;CP;;;
27;CHOCÓ;27160;CÉRTEGUI;27160000;CÉRTEGUI;CM;-76.607483;5.370117;2981
27;CHOCÓ;27160;CÉRTEGUI;27160002;PARECITO;CP;-76.547703;5.353512;2982.384521484375
27;CHOCÓ;27160;CÉRTEGUI;27160006;MEMERÁ;CP;-76.600768;5.376455;2981.0009765625
27;CHOCÓ;27160;CÉRTEGUI;27160007;OGODÓ;CP;-76.500623;5.451261;2992.15869140625
27;CHOCÓ;27160;CÉRTEGUI;27160008;LA VUELTA;CP;-76.544606;5.460663;2987.082763671875
27;CHOCÓ;27160;CÉRTEGUI;27160009;LAS HAMACAS;CP;-76.484813;5.44673;2992.0068359375
27;CHOCÓ;27160;CÉRTEGUI;27160010;SAN JORGE;CP;-76.477091;5.450337;2992.685791015625
27;CHOCÓ;27160;CÉRTEGUI;27160011;NIPORDU;CP;-76.455752;5.496844;2995.027587890625
27;CHOCÓ;27205;CONDOTO;27205000;CONDOTO;CM;-76.650683;5.091003;2958.412109375
27;CHOCÓ;27205;CONDOTO;27205007;OPOGODÓ;CP;-76.648698;5.050865;2958.11572265625
27;CHOCÓ;27205;CONDOTO;27205008;SANTA ANA;CP;-76.522586;5.107159;2979.182373046875
27;CHOCÓ;27205;CONDOTO;27205014;LA PLANTA;CP;;;
27;CHOCÓ;27205;CONDOTO;27205015;ILARIA;CP;-76.642374;5.072814;2962.33154296875
27;CHOCÓ;27205;CONDOTO;27205016;CONSUELO ANDRAPEDA;CP;;;
27;CHOCÓ;27205;CONDOTO;27205017;EL PASO;CP;-76.480762;5.096198;2977.82958984375
27;CHOCÓ;27245;EL CARMEN DE ATRATO;27245000;EL CARMEN DE ATRATO;CM;-76.142112;5.899789;3056.646240234375
27;CHOCÓ;27245;EL CARMEN DE ATRATO;27245004;LA MANSA;CP;-76.085426;5.880855;3063.447998046875
27;CHOCÓ;27245;EL CARMEN DE ATRATO;27245005;EL PORVENIR;CP;-76.153128;5.858942;3054.73583984375
27;CHOCÓ;27245;EL CARMEN DE ATRATO;27245006;EL SIETE;CP;-76.149457;5.865853;3055.369140625
27;CHOCÓ;27245;EL CARMEN DE ATRATO;27245008;EL 18;CP;-76.36761;5.723415;3027.003662109375
27;CHOCÓ;27245;EL CARMEN DE ATRATO;27245010;LA PAZ;CP;-76.145503;5.892819;3055.91943359375
27;CHOCÓ;27250;EL LITORAL DEL SAN JUAN;27250000;SANTA GENOVEVA DE DOCORDÓ;CM;-77.35989;4.256823;2794.13427734375
27;CHOCÓ;27250;EL LITORAL DEL SAN JUAN;27250001;COPOMÁ;CP;-77.0086;4.342632;2853.162109375
27;CHOCÓ;27250;EL LITORAL DEL SAN JUAN;27250002;CUCURRUPÍ;CP;-77.008581;4.400814;2854.91259765625
27;CHOCÓ;27250;EL LITORAL DEL SAN JUAN;27250003;QUEBRADA DE TOGOROMÁ;CP;-77.382631;4.376648;2793.01806640625
27;CHOCÓ;27250;EL LITORAL DEL SAN JUAN;27250005;PICHIMÁ;CP;-77.343531;4.432726;2802.48779296875
27;CHOCÓ;27250;EL LITORAL DEL SAN JUAN;27250006;PALESTINA;CP;-77.135433;4.162647;2818.951171875
27;CHOCÓ;27250;EL LITORAL DEL SAN JUAN;27250010;EL COCO;CP;-77.137296;4.177803;2819.31298828125
27;CHOCÓ;27250;EL LITORAL DEL SAN JUAN;27250012;QUÍCHARO;CP;-77.113058;4.174648;2823.42041015625
27;CHOCÓ;27250;EL LITORAL DEL SAN JUAN;27250017;LAS PEÑITAS;CP;-77.026799;4.29213;2847.156005859375
27;CHOCÓ;27250;EL LITORAL DEL SAN JUAN;27250018;LOS PEREA;CP;-77.05883;4.213947;2837.380859375
27;CHOCÓ;27250;EL LITORAL DEL SAN JUAN;27250019;MUNGUIDÓ;CP;-77.028008;4.207787;2845.75146484375
27;CHOCÓ;27250;EL LITORAL DEL SAN JUAN;27250020;CHAPPIEN;CP;-77.012686;4.342176;2852.270751953125
27;CHOCÓ;27250;EL LITORAL DEL SAN JUAN;27250021;BURUJÓN;CP;-77.332062;4.193328;2798.572509765625
27;CHOCÓ;27250;EL LITORAL DEL SAN JUAN;27250022;PANGALITA;CP;-77.010786;4.206552;2849.823974609375
27;CHOCÓ;27250;EL LITORAL DEL SAN JUAN;27250026;PUERTO MURILLO;CP;;;
27;CHOCÓ;27250;EL LITORAL DEL SAN JUAN;27250029;PANGALÁ;CP;-77.017512;4.237982;2848.55078125
27;CHOCÓ;27250;EL LITORAL DEL SAN JUAN;27250030;SAN JOSÉ;CP;-77.097412;4.221288;2828.58349609375
27;CHOCÓ;27250;EL LITORAL DEL SAN JUAN;27250031;TAPARAL;CP;-77.104731;4.212328;2826.916015625
27;CHOCÓ;27250;EL LITORAL DEL SAN JUAN;27250032;TAPARALITO;CP;-77.099318;4.217555;2828.04931640625
27;CHOCÓ;27250;EL LITORAL DEL SAN JUAN;27250034;TORDÓ;CP;-77.016844;4.337722;2851.12158203125
27;CHOCÓ;27250;EL LITORAL DEL SAN JUAN;27250039;UNIÓN VALSALITO;CP;-77.369802;4.260595;2790.82177734375
27;CHOCÓ;27250;EL LITORAL DEL SAN JUAN;27250040;BARRIOS UNIDOS;CP;-77.010579;4.209184;2849.888916015625
27;CHOCÓ;27250;EL LITORAL DEL SAN JUAN;27250041;CABECERA;CP;;;
27;CHOCÓ;27250;EL LITORAL DEL SAN JUAN;27250042;LAS DELICIAS;CP;-77.0209;4.183959;2847.24755859375
27;CHOCÓ;27250;EL LITORAL DEL SAN JUAN;27250043;UNION GUAIMIA;CP;-77.019478;4.246775;2848.1494140625
27;CHOCÓ;27361;ISTMINA;27361000;ISTMINA;CM;-76.68518;5.153946;2957.742919921875
27;CHOCÓ;27361;ISTMINA;27361004;BASURU;CP;-76.757774;5.105246;2942.00439453125
27;CHOCÓ;27361;ISTMINA;27361009;PRIMAVERA;CP;-76.742898;4.998305;2937.072021484375
27;CHOCÓ;27361;ISTMINA;27361029;SAN ANTONIO;CP;-76.689999;5.130606;2954.8271484375
27;CHOCÓ;27361;ISTMINA;27361032;SURUCO SANTA MÓNICA;CP;-76.748404;5.223313;2948.444580078125
27;CHOCÓ;27361;ISTMINA;27361037;CARMELITA;CP;-76.761039;5.101879;2941.640380859375
27;CHOCÓ;27361;ISTMINA;27361040;GUINIGUINI;CP;-76.765791;5.006728;2935.597412109375
27;CHOCÓ;27361;ISTMINA;27361041;JUANA MARCELA;CP;-76.761602;5.10588;2941.7080078125
27;CHOCÓ;27361;ISTMINA;27361042;PAITO;CP;-76.753197;5.095022;2941.9296875
27;CHOCÓ;27361;ISTMINA;27361043;PLAYA GRANDE;CP;-76.744767;5.092463;2942.8115234375
27;CHOCÓ;27361;ISTMINA;27361044;CHIGORODÓ (PUERTO SALAZAR);CP;-76.775485;5.261218;2944.663330078125
27;CHOCÓ;27361;ISTMINA;27361049;PRIMERA MOJARRA;CP;-76.659454;5.158918;2963.246337890625
27;CHOCÓ;27372;JURADÓ;27372000;JURADÓ;CM;-77.762751;7.103619;2865.361328125
27;CHOCÓ;27372;JURADÓ;27372004;PUNTA ARDITA;CP;-77.8032;7.150662;2864.50537109375
27;CHOCÓ;27372;JURADÓ;27372007;PUNTA PIÑA;CP;-77.524435;6.657859;2875.58837890625
27;CHOCÓ;27372;JURADÓ;27372009;CUPICA;CP;-77.489446;6.705775;2891.456787109375
27;CHOCÓ;27413;LLORÓ;27413000;LLORÓ;CM;-76.545238;5.498161;2987.943115234375
27;CHOCÓ;27413;LLORÓ;27413007;BORAUDO;CP;-76.57496;5.511565;2985.5302734375
27;CHOCÓ;27413;LLORÓ;27413011;VILLA CLARET;CP;-76.451828;5.550113;2997.550537109375
27;CHOCÓ;27413;LLORÓ;27413013;BOCA DE CAPA;CP;-76.512095;5.518078;2993
27;CHOCÓ;27413;LLORÓ;27413014;BOCAS DE TUMUTUMBUDÓ;CP;-76.493016;5.514169;2994.02099609375
27;CHOCÓ;27413;LLORÓ;27413015;CANCHIDO;CP;-76.531753;5.523691;2990.828369140625
27;CHOCÓ;27413;LLORÓ;27413016;LA PLAYA;CP;-76.503443;5.508758;2993.42333984375
27;CHOCÓ;27413;LLORÓ;27413017;PLAYA ALTA;CP;-76.582141;5.519524;2986.114501953125
27;CHOCÓ;27413;LLORÓ;27413018;PUERTO MORENO;CP;-76.472486;5.506204;2995.012939453125
27;CHOCÓ;27425;MEDIO ATRATO;27425000;BETÉ;CM;-76.783042;5.994935;2979.328369140625
27;CHOCÓ;27425;MEDIO ATRATO;27425001;BOCA DE AMÉ;CP;-76.764085;6.054472;2986.73681640625
27;CHOCÓ;27425;MEDIO ATRATO;27425002;BOCA DE BEBARÁ;CP;-76.694726;6.1239;3004.1611328125
27;CHOCÓ;27425;MEDIO ATRATO;27425003;CAMPOALEGRE;CP;-76.808176;5.892025;2971.4287109375
27;CHOCÓ;27425;MEDIO ATRATO;27425004;EL LLANO DE BEBARÁ;CP;-76.612936;6.101365;3007.395263671875
27;CHOCÓ;27425;MEDIO ATRATO;27425005;EL LLANO DE BEBARAMÁ;CP;;;
27;CHOCÓ;27425;MEDIO ATRATO;27425006;SAN ANTONIO DEL BUEY (CAMPO SANTO);CP;;;
27;CHOCÓ;27425;MEDIO ATRATO;27425007;SAN JOSÉ DE BUEY;CP;-76.821517;6.101877;2977.32958984375
27;CHOCÓ;27425;MEDIO ATRATO;27425008;SAN ROQUE;CP;-76.880484;5.992606;2964.42578125
27;CHOCÓ;27425;MEDIO ATRATO;27425009;TANGÜÍ;CP;-76.725244;5.896468;2987.19189453125
27;CHOCÓ;27425;MEDIO ATRATO;27425010;AGUA CLARA;CP;-76.706473;6.111175;3002.477783203125
27;CHOCÓ;27425;MEDIO ATRATO;27425011;BAUDO GRANDE;CP;-76.743799;5.910403;2982.1884765625
27;CHOCÓ;27425;MEDIO ATRATO;27425012;MEDIO BETE;CP;-76.832182;5.960242;2969.88427734375
27;CHOCÓ;27425;MEDIO ATRATO;27425013;PUERTO SALAZAR;CP;-76.728244;6.088006;2997.988037109375
27;CHOCÓ;27425;MEDIO ATRATO;27425014;PUNE;CP;-76.728626;5.964175;2989.93408203125
27;CHOCÓ;27430;MEDIO BAUDÓ;27430000;PUERTO MELUK;CM;-76.950891;5.192471;2899.419677734375
27;CHOCÓ;27430;MEDIO BAUDÓ;27430002;ARENAL;CP;-77.000964;5.156687;2895.0771484375
27;CHOCÓ;27430;MEDIO BAUDÓ;27430003;BOCA DE BAUDOCITO;CP;-76.932066;5.22103;2905.333740234375
27;CHOCÓ;27430;MEDIO BAUDÓ;27430006;CURUNDÓ LA BANCA;CP;-76.896126;5.174804;2914.709716796875
27;CHOCÓ;27430;MEDIO BAUDÓ;27430009;PIE DE PEPE;CP;-76.826692;5.118507;2933.2685546875
27;CHOCÓ;27430;MEDIO BAUDÓ;27430010;PUERTO ADÁN;CP;-77.030494;5.143033;2898.7119140625
27;CHOCÓ;27430;MEDIO BAUDÓ;27430013;SAN MIGUEL BAUDOCITO;CP;;;
27;CHOCÓ;27430;MEDIO BAUDÓ;27430023;QUERA;CP;-77.122904;5.014795;2856.87158203125
27;CHOCÓ;27430;MEDIO BAUDÓ;27430024;BOCA DE PEPE;CP;-77.050204;5.049723;2883.01025390625
27;CHOCÓ;27430;MEDIO BAUDÓ;27430026;UNIÓN MISARA;CP;;;
27;CHOCÓ;27430;MEDIO BAUDÓ;27430028;BERRECUY;CP;-76.876054;5.149995;2921.389404296875
27;CHOCÓ;27430;MEDIO BAUDÓ;27430029;BOCA DE CURUNDO;CP;-76.991244;5.13407;2895
27;CHOCÓ;27430;MEDIO BAUDÓ;27430030;CURUNDO LA LOMA;CP;-76.987968;5.136651;2895
27;CHOCÓ;27430;MEDIO BAUDÓ;27430032;PUERTO LIBIA;CP;-76.925635;5.257404;2909.1357421875
27;CHOCÓ;27450;MEDIO SAN JUAN;27450000;ANDAGOYA;CM;-76.694409;5.098291;2950.6337890625
27;CHOCÓ;27450;MEDIO SAN JUAN;27450001;BEBEDÓ;CP;-76.827183;4.933937;2927.76708984375
27;CHOCÓ;27450;MEDIO SAN JUAN;27450007;LA RANCHA;CP;;;
27;CHOCÓ;27450;MEDIO SAN JUAN;27450008;NOANAMÁ;CP;;;
27;CHOCÓ;27450;MEDIO SAN JUAN;27450013;FUJIADÓ;CP;;;
27;CHOCÓ;27450;MEDIO SAN JUAN;27450015;LA UNIÓN;CP;;;
27;CHOCÓ;27450;MEDIO SAN JUAN;27450017;PUERTO MURILLO;CP;;;
27;CHOCÓ;27450;MEDIO SAN JUAN;27450020;CHAMBACÚ;CP;;;
27;CHOCÓ;27491;NÓVITA;27491000;NÓVITA;CM;-76.607118;4.956097;2962.607421875
27;CHOCÓ;27491;NÓVITA;27491001;EL CAJÓN;CP;-76.634693;4.847121;2950.505126953125
27;CHOCÓ;27491;NÓVITA;27491002;EL TIGRE;CP;-76.534364;4.943511;2966.96533203125
27;CHOCÓ;27491;NÓVITA;27491006;SAN LORENZO;CP;-76.637623;4.976693;2961.935302734375
27;CHOCÓ;27491;NÓVITA;27491007;SESEGÓ;CP;-76.577348;4.954306;2962.468994140625
27;CHOCÓ;27491;NÓVITA;27491010;EL TAMBITO;CP;-76.496116;4.964134;2967.021484375
27;CHOCÓ;27491;NÓVITA;27491014;SANTA ROSA;CP;-76.652957;4.977485;2953.7177734375
27;CHOCÓ;27491;NÓVITA;27491015;LA PUENTE;CP;;;
27;CHOCÓ;27491;NÓVITA;27491016;PINDAZA;CP;;;
27;CHOCÓ;27495;NUQUÍ;27495000;NUQUÍ;CM;-77.265614;5.708753;2868.40576171875
27;CHOCÓ;27495;NUQUÍ;27495001;ARUSÍ;CP;-77.476108;5.596083;2842.295166015625
27;CHOCÓ;27495;NUQUÍ;27495002;COQUÍ;CP;-77.360146;5.608305;2857.23779296875
27;CHOCÓ;27495;NUQUÍ;27495003;JURUBIRÁ;CP;-77.27711;5.844199;2870.97607421875
27;CHOCÓ;27495;NUQUÍ;27495004;PANGUÍ;CP;-77.309578;5.663839;2863.003662109375
27;CHOCÓ;27495;NUQUÍ;27495005;TRIBUGÁ;CP;-77.25082;5.765962;2872.164306640625
27;CHOCÓ;27495;NUQUÍ;27495007;PARTADÓ;CP;-77.456639;5.596787;2844
27;CHOCÓ;27495;NUQUÍ;27495008;JOVI;CP;-77.382355;5.614997;2851.000732421875
27;CHOCÓ;27495;NUQUÍ;27495010;TERMALES;CP;-77.440771;5.606857;2845
27;CHOCÓ;27495;NUQUÍ;27495011;BOCA DE JAGUA;CP;-77.233894;5.843879;2878.3251953125
27;CHOCÓ;27495;NUQUÍ;27495012;PUERTO INDIO;CP;-77.21512;5.835168;2882.89892578125
27;CHOCÓ;27495;NUQUÍ;27495013;VILLA NUEVA;CP;-77.25382;5.874305;2874.00927734375
27;CHOCÓ;27495;NUQUÍ;27495014;EL MORRO;CP;-77.291003;5.607049;2864.0048828125
27;CHOCÓ;27580;RÍO IRÓ;27580000;SANTA RITA;CM;-76.472925;5.1863;2984.048095703125
27;CHOCÓ;27580;RÍO IRÓ;27580004;ENCHARCAZÓN;CP;-76.664807;5.116684;2957.00390625
27;CHOCÓ;27580;RÍO IRÓ;27580005;SAN JOSÉ DE VIRO VIRO;CP;-76.601669;5.121945;2970.01171875
27;CHOCÓ;27580;RÍO IRÓ;27580006;SANTA BÁRBARA;CP;-76.507478;5.163317;2982.950439453125
27;CHOCÓ;27580;RÍO IRÓ;27580008;EL BUEY;CP;-76.479175;5.16803;2982.486083984375
27;CHOCÓ;27600;RÍO QUITO;27600000;PAIMADÓ;CM;-76.740684;5.483667;2967.958984375
27;CHOCÓ;27600;RÍO QUITO;27600001;BOCA DE APARTADÓ;CP;-76.868604;5.6001;2943.59765625
27;CHOCÓ;27600;RÍO QUITO;27600003;SAN ISIDRO;CP;-76.747744;5.624141;2970.956298828125
27;CHOCÓ;27600;RÍO QUITO;27600004;VILLA CONTO;CP;-76.756032;5.555474;2968.032470703125
27;CHOCÓ;27600;RÍO QUITO;27600006;CHIGUARANDÓ ALTO;CP;-76.81254;5.554842;2954.46337890625
27;CHOCÓ;27600;RÍO QUITO;27600007;CHIVIGUIDÓ;CP;-76.779266;5.566251;2962.5078125
27;CHOCÓ;27600;RÍO QUITO;27600010;LA SOLEDAD;CP;-76.675564;5.683821;2985.364501953125
27;CHOCÓ;27600;RÍO QUITO;27600011;LOMA DE LOS GAMBOA;CP;-76.752795;5.585705;2968.8291015625
27;CHOCÓ;27615;RIOSUCIO;27615000;RIOSUCIO;CM;-77.113156;7.436704;2990.36767578125
27;CHOCÓ;27615;RIOSUCIO;27615006;LA HONDA;CP;-77.125896;7.576634;2995.408935546875
27;CHOCÓ;27615;RIOSUCIO;27615022;PERANCHITO;CP;;;
27;CHOCÓ;27615;RIOSUCIO;27615023;BELÉN DE BAJIRÁ;CP;-76.717142;7.370987;3055.7685546875
27;CHOCÓ;27615;RIOSUCIO;27615027;PUENTE AMÉRICA - CACARICA;CP;-77.141097;7.724586;3002.691162109375
27;CHOCÓ;27615;RIOSUCIO;27615030;PEDEGUITA;CP;-77.054728;7.262618;2998.084716796875
27;CHOCÓ;27615;RIOSUCIO;27615032;BRASITO;CP;-77.05494;7.261524;2998.023681640625
27;CHOCÓ;27615;RIOSUCIO;27615033;BLANQUISET;CP;-76.811322;7.54902;3044.954833984375
27;CHOCÓ;27615;RIOSUCIO;27615037;MACONDO;CP;-76.826581;7.509061;3047.132568359375
27;CHOCÓ;27615;RIOSUCIO;27615038;NUEVO ORIENTE;CP;-76.689602;7.458866;3061.929443359375
27;CHOCÓ;27615;RIOSUCIO;27615039;PLAYA ROJA;CP;-76.888999;7.346321;3028.098388671875
27;CHOCÓ;27615;RIOSUCIO;27615045;7 DE AGOSTO;CP;-76.90289;7.35916;3024.79052734375
27;CHOCÓ;27615;RIOSUCIO;27615046;LA PUNTA;CP;-76.885173;7.36809;3030.001953125
27;CHOCÓ;27615;RIOSUCIO;27615047;SANTA MARIA;CP;-76.817853;7.327495;3041.861083984375
27;CHOCÓ;27615;RIOSUCIO;27615048;BRISAS;CP;-76.766464;7.315101;3042.04736328125
27;CHOCÓ;27615;RIOSUCIO;27615049;CHINTADÓ MEDIO;CP;-77.154517;7.17219;2977.2880859375
27;CHOCÓ;27660;SAN JOSÉ DEL PALMAR;27660000;SAN JOSÉ DEL PALMAR;CM;-76.232849;4.897593;2997.3857421875
27;CHOCÓ;27660;SAN JOSÉ DEL PALMAR;27660003;SAN PEDRO INGARA;CP;-76.311515;4.920539;2985.4951171875
27;CHOCÓ;27660;SAN JOSÉ DEL PALMAR;27660006;LA ITALIA;CP;-76.292656;4.90461;2986.0712890625
27;CHOCÓ;27660;SAN JOSÉ DEL PALMAR;27660016;JUNTAS DE TAMANÁ;CP;;;
27;CHOCÓ;27745;SIPÍ;27745000;SIPÍ;CM;-76.643453;4.65262;2942.146484375
27;CHOCÓ;27745;SIPÍ;27745001;CAÑAVERAL;CP;-76.794339;4.729729;2915.531982421875
27;CHOCÓ;27745;SIPÍ;27745003;SAN AGUSTÍN;CP;-76.817407;4.750134;2913.95849609375
27;CHOCÓ;27745;SIPÍ;27745009;TANANDÓ;CP;-76.670253;4.64579;2938.035888671875
27;CHOCÓ;27745;SIPÍ;27745010;BUENAS BRISAS;CP;-76.815102;4.747374;2913.898681640625
27;CHOCÓ;27745;SIPÍ;27745012;LOMA DE CHUPEY;CP;-76.740192;4.694256;2920.905517578125
27;CHOCÓ;27745;SIPÍ;27745013;MARQUEZA;CP;-76.710726;4.650784;2925.649169921875
27;CHOCÓ;27745;SIPÍ;27745014;SANTA ROSA;CP;-76.691145;4.623954;2931.814453125
27;CHOCÓ;27745;SIPÍ;27745015;TEATINO;CP;-76.781914;4.692276;2914.98974609375
27;CHOCÓ;27787;TADÓ;27787000;TADÓ;CM;-76.553896;5.265367;2976.449951171875
27;CHOCÓ;27787;TADÓ;27787002;CARMELO;CP;-76.393632;5.322993;3002.00341796875
27;CHOCÓ;27787;TADÓ;27787004;TAPÓN;CP;-76.510331;5.277405;2987
27;CHOCÓ;27787;TADÓ;27787005;GUARATO;CP;-76.204101;5.354485;3034.153564453125
27;CHOCÓ;27787;TADÓ;27787009;MUMBÚ;CP;-76.283599;5.336735;3019.44482421875
27;CHOCÓ;27787;TADÓ;27787010;PLAYA DE ORO;CP;-76.416251;5.309709;2998.628173828125
27;CHOCÓ;27787;TADÓ;27787015;CORCOBADO;CP;-76.474111;5.305031;2988.044677734375
27;CHOCÓ;27787;TADÓ;27787016;MANUNGARÁ;CP;-76.523159;5.253074;2985.907470703125
27;CHOCÓ;27787;TADÓ;27787021;TABOR;CP;-76.332318;5.30066;3012.68603515625
27;CHOCÓ;27787;TADÓ;27787022;ANGOSTURA;CP;-76.460001;5.310364;2990.431396484375
27;CHOCÓ;27787;TADÓ;27787026;GINGARABÁ;CP;-76.254511;5.327183;3022.985595703125
27;CHOCÓ;27800;UNGUÍA;27800000;UNGUÍA;CM;-77.091753;8.042761;3030.886962890625
27;CHOCÓ;27800;UNGUÍA;27800001;BALBOA;CP;-77.140279;8.283861;3025.125
27;CHOCÓ;27800;UNGUÍA;27800002;GILGAL;CP;-77.081362;8.190792;3035.213134765625
27;CHOCÓ;27800;UNGUÍA;27800003;SANTA MARÍA DEL DARIÉN;CP;-77.054629;8.162911;3037.9326171875
27;CHOCÓ;27800;UNGUÍA;27800004;TANELA;CP;-77.023074;8.19642;3043.464111328125
27;CHOCÓ;27800;UNGUÍA;27800005;TITUMATE;CP;-77.076451;8.30595;3043.05224609375
27;CHOCÓ;27800;UNGUÍA;27800007;BETECITO;CP;-77.036127;7.876245;3024.000244140625
27;CHOCÓ;27800;UNGUÍA;27800008;MARRIAGA;CP;-76.958656;8.106555;3051.7255859375
27;CHOCÓ;27800;UNGUÍA;27800011;EL PUERTO;CP;-77.079279;8.029573;3032
27;CHOCÓ;27800;UNGUÍA;27800015;ARQUIA;CP;-77.116557;8.004509;3025.547119140625
27;CHOCÓ;27810;UNIÓN PANAMERICANA;27810000;ÁNIMAS;CM;-76.630143;5.281108;2977.2578125
27;CHOCÓ;27810;UNIÓN PANAMERICANA;27810001;EL PLAN DE RASPADURA;CP;-76.642191;5.222589;2972.930419921875
27;CHOCÓ;27810;UNIÓN PANAMERICANA;27810002;LA YE;CP;-76.626785;5.3052;2978.04296875
27;CHOCÓ;27810;UNIÓN PANAMERICANA;27810003;SAN RAFAEL DEL DOS;CP;-76.660064;5.232721;2969.240966796875
27;CHOCÓ;27810;UNIÓN PANAMERICANA;27810004;SAN PABLO ADENTRO;CP;-76.667022;5.197304;2965.487548828125
41;HUILA;41001;NEIVA;41001000;NEIVA;CM;-75.277285;2.935971;2987
41;HUILA;41001;NEIVA;41001001;CAGUÁN;CP;-75.232752;2.864079;2986
41;HUILA;41001;NEIVA;41001002;CHAPINERO;CP;-75.513309;3.187583;2987
41;HUILA;41001;NEIVA;41001003;FORTALECILLAS;CP;-75.251191;3.036328;2987.968017578125
41;HUILA;41001;NEIVA;41001004;GUACIRCO;CP;-75.276178;3.10181;2988.022705078125
41;HUILA;41001;NEIVA;41001007;PALACIOS;CP;-75.063715;2.939458;2976.586181640625
41;HUILA;41001;NEIVA;41001008;PEÑAS BLANCAS;CP;-75.350433;3.074631;2990.344970703125
41;HUILA;41001;NEIVA;41001011;SAN LUIS;CP;-75.484593;3.081817;2985.01806640625
41;HUILA;41001;NEIVA;41001012;VEGALARGA;CP;-75.040068;2.946636;2972.031494140625
41;HUILA;41001;NEIVA;41001013;EL TRIUNFO;CP;-75.206527;2.86736;2985.876953125
41;HUILA;41001;NEIVA;41001014;SAN FRANCISCO;CP;-75.389841;3.070874;2991
41;HUILA;41001;NEIVA;41001016;EL COLEGIO;CP;-75.004371;2.9004;2969
41;HUILA;41001;NEIVA;41001017;SAN ANTONIO DE ANACONIA;CP;-75.100491;2.927636;2983.621337890625
41;HUILA;41001;NEIVA;41001018;AIPECITO;CP;-75.558273;3.124984;2980.390625
41;HUILA;41001;NEIVA;41001022;EL VENADO;CP;-75.274943;2.986438;2987
41;HUILA;41001;NEIVA;41001024;PIEDRA MARCADA;CP;-74.972364;2.933411;2969
41;HUILA;41001;NEIVA;41001029;CEDRALITO;CP;-74.97907;2.930951;2969
41;HUILA;41001;NEIVA;41001030;LA MATA;CP;-75.252832;3.022418;2987
41;HUILA;41001;NEIVA;41001031;PRADERA;CP;-75.601474;3.090764;2973.34521484375
41;HUILA;41001;NEIVA;41001032;CEDRAL;CP;-74.999411;2.933231;2969.75439453125
41;HUILA;41001;NEIVA;41001033;LA JULIA;CP;-75.524977;3.105778;2982.400146484375
41;HUILA;41001;NEIVA;41001034;SAN JORGE;CP;-75.266031;3.057478;2988
41;HUILA;41001;NEIVA;41001036;MOSCOVIA;CP;-75.225112;2.898827;2985.99658203125
41;HUILA;41006;ACEVEDO;41006000;ACEVEDO;CM;-75.888532;1.805259;2881.823974609375
41;HUILA;41006;ACEVEDO;41006001;SAN ADOLFO;CP;-76.025388;1.712059;2866.181396484375
41;HUILA;41006;ACEVEDO;41006003;PUEBLO VIEJO;CP;-75.87728;1.82609;2883.57958984375
41;HUILA;41006;ACEVEDO;41006005;SAN MARCOS;CP;-75.963989;1.74131;2875.83251953125
41;HUILA;41006;ACEVEDO;41006011;EL CARMEN;CP;-75.941432;1.822469;2876.00146484375
41;HUILA;41013;AGRADO;41013000;AGRADO;CM;-75.772022;2.25987;2919.827880859375
41;HUILA;41013;AGRADO;41013001;LA CAÑADA;CP;-75.672451;2.182869;2930.460205078125
41;HUILA;41013;AGRADO;41013003;SAN JOSÉ DE BELÉN;CP;-75.733301;2.229451;2922.653076171875
41;HUILA;41016;AIPE;41016000;AIPE;CM;-75.239017;3.223996;2993.537841796875
41;HUILA;41016;AIPE;41016001;PRAGA;CP;-75.492368;3.269079;2989
41;HUILA;41016;AIPE;41016002;SANTA RITA;CP;-75.56655;3.242638;2987.330078125
41;HUILA;41016;AIPE;41016003;EL PATA;CP;-75.195044;3.373124;3002.999755859375
41;HUILA;41016;AIPE;41016004;CRUCE DE GUACIRCO;CP;-75.28897;3.104893;2988
41;HUILA;41016;AIPE;41016005;LA CEJA - MESITAS;CP;-75.522054;3.312824;2991.25830078125
41;HUILA;41020;ALGECIRAS;41020000;ALGECIRAS;CM;-75.315389;2.521674;2975.324462890625
41;HUILA;41020;ALGECIRAS;41020001;EL PARAÍSO VIEJO;CP;-75.209182;2.612;2977.099853515625
41;HUILA;41020;ALGECIRAS;41020002;LA ARCADIA;CP;-75.396708;2.443924;2959.143798828125
41;HUILA;41020;ALGECIRAS;41020003;EL TORO;CP;-75.40515;2.419845;2956.892333984375
41;HUILA;41020;ALGECIRAS;41020006;EL PARAÍSO NUEVO;CP;-75.21478;2.606644;2977.02490234375
41;HUILA;41026;ALTAMIRA;41026000;ALTAMIRA;CM;-75.788471;2.063841;2899.0634765625
41;HUILA;41026;ALTAMIRA;41026004;LLANO DE LA VIRGEN;CP;-75.713784;2.159415;2924.85205078125
41;HUILA;41026;ALTAMIRA;41026005;PUENTE;CP;-75.777626;2.025263;2898.063232421875
41;HUILA;41078;BARAYA;41078000;BARAYA;CM;-75.055253;3.152983;2985.990478515625
41;HUILA;41132;CAMPOALEGRE;41132000;CAMPOALEGRE;CM;-75.325724;2.686757;2980.025390625
41;HUILA;41132;CAMPOALEGRE;41132001;LA VEGA;CP;-75.340225;2.645593;2977.91357421875
41;HUILA;41132;CAMPOALEGRE;41132002;OTAS;CP;-75.336328;2.604524;2976.92041015625
41;HUILA;41132;CAMPOALEGRE;41132003;BAJO PIRAVANTE;CP;-75.30058;2.720461;2984.041259765625
41;HUILA;41132;CAMPOALEGRE;41132004;RÍO NEIVA;CP;-75.349782;2.618036;2975.895751953125
41;HUILA;41132;CAMPOALEGRE;41132005;LA ESPERANZA;CP;-75.336353;2.678416;2980.143798828125
41;HUILA;41132;CAMPOALEGRE;41132006;LOS ROSALES;CP;-75.416796;2.599943;2967.0244140625
41;HUILA;41206;COLOMBIA;41206000;COLOMBIA;CM;-74.802815;3.376745;2971.452392578125
41;HUILA;41206;COLOMBIA;41206002;SANTANA;CP;-74.705106;3.588123;2965.802001953125
41;HUILA;41206;COLOMBIA;41206005;SAN MARCOS;CP;-74.717373;3.52968;2965.9892578125
41;HUILA;41244;ELÍAS;41244000;ELÍAS;CM;-75.938301;2.012854;2892.108154296875
41;HUILA;41244;ELÍAS;41244001;EL VISO;CP;-75.906767;2.017252;2891.371337890625
41;HUILA;41244;ELÍAS;41244002;ORITOGUAZ;CP;-76.012499;1.986866;2882.22314453125
41;HUILA;41298;GARZÓN;41298000;GARZÓN;CM;-75.627694;2.196994;2929.03955078125
41;HUILA;41298;GARZÓN;41298001;EL RECREO;CP;-75.577089;2.101171;2927.9970703125
41;HUILA;41298;GARZÓN;41298002;LA JAGUA;CP;-75.67839;2.167741;2927.29052734375
41;HUILA;41298;GARZÓN;41298003;SAN ANTONIO DEL PESCADO;CP;-75.683017;2.071843;2914.603515625
41;HUILA;41298;GARZÓN;41298004;ZULUAGA;CP;-75.528073;2.251479;2935.997802734375
41;HUILA;41298;GARZÓN;41298005;EL PARAÍSO;CP;-75.606286;2.120338;2923.935302734375
41;HUILA;41298;GARZÓN;41298007;PROVIDENCIA;CP;-75.577678;2.159734;2927.60595703125
41;HUILA;41298;GARZÓN;41298008;EL MESÓN;CP;-75.568304;2.171362;2928.95068359375
41;HUILA;41298;GARZÓN;41298012;PLAZUELA;CP;-75.614969;2.245726;2929.197509765625
41;HUILA;41298;GARZÓN;41298013;CAGUANCITO;CP;-75.627891;2.105698;2918.035888671875
41;HUILA;41298;GARZÓN;41298014;EL DESCANSO;CP;-75.616245;2.061747;2922.48046875
41;HUILA;41298;GARZÓN;41298015;MAJO;CP;-75.615699;2.240915;2928.894287109375
41;HUILA;41298;GARZÓN;41298016;SAN GERARDO;CP;-75.534081;2.225576;2934.1015625
41;HUILA;41298;GARZÓN;41298017;SANTA MARTA;CP;-75.541807;2.195649;2932.072509765625
41;HUILA;41298;GARZÓN;41298019;JAGUALITO;CP;-75.622418;2.252246;2933.223876953125
41;HUILA;41298;GARZÓN;41298020;LA CABAÑA;CP;-75.578663;2.177877;2926.569580078125
41;HUILA;41298;GARZÓN;41298021;SAN LUIS;CP;-75.642351;2.062276;2915.069091796875
41;HUILA;41306;GIGANTE;41306000;GIGANTE;CM;-75.54122;2.388236;2938.09228515625
41;HUILA;41306;GIGANTE;41306001;LA CHIQUITA;CP;-75.507403;2.279519;2940.129150390625
41;HUILA;41306;GIGANTE;41306002;LA GRAN VÍA;CP;-75.486005;2.379084;2947.101806640625
41;HUILA;41306;GIGANTE;41306003;POTRERILLOS;CP;-75.487952;2.466469;2951.541015625
41;HUILA;41306;GIGANTE;41306004;RIOLORO;CP;-75.610122;2.322398;2940.876708984375
41;HUILA;41306;GIGANTE;41306006;EL MESÓN;CP;-75.477037;2.477116;2952.4150390625
41;HUILA;41306;GIGANTE;41306007;PUEBLO NUEVO;CP;-75.528462;2.401617;2942.08203125
41;HUILA;41306;GIGANTE;41306009;VUELTAS ARRIBA;CP;-75.46562;2.429432;2950.0185546875
41;HUILA;41306;GIGANTE;41306010;SILVANIA;CP;-75.507666;2.298369;2940.992919921875
41;HUILA;41306;GIGANTE;41306011;TRES ESQUINAS;CP;-75.502428;2.313628;2942.783203125
41;HUILA;41306;GIGANTE;41306012;EL JARDÍN;CP;-75.506684;2.313075;2942.07177734375
41;HUILA;41306;GIGANTE;41306013;LA GRAN VÍA EL PORVENIR;CP;-75.486025;2.374996;2947.017333984375
41;HUILA;41306;GIGANTE;41306014;EL RECREO;CP;-75.520564;2.409797;2945.3515625
41;HUILA;41306;GIGANTE;41306015;LA BODEGA;CP;-75.482116;2.363902;2946.5224609375
41;HUILA;41306;GIGANTE;41306016;LA VEGA;CP;-75.505289;2.266466;2939.415771484375
41;HUILA;41319;GUADALUPE;41319000;GUADALUPE;CM;-75.755028;2.025157;2907.39111328125
41;HUILA;41319;GUADALUPE;41319001;RESINA;CP;-75.692758;1.924067;2904.08642578125
41;HUILA;41319;GUADALUPE;41319002;MIRAFLORES;CP;-75.672574;2.04816;2912.938232421875
41;HUILA;41319;GUADALUPE;41319003;LOS CAUCHOS;CP;-75.735326;2.031027;2911.26611328125
41;HUILA;41319;GUADALUPE;41319004;POTRERILLOS;CP;-75.705861;2.047183;2911.869384765625
41;HUILA;41319;GUADALUPE;41319005;CACHIMBAL;CP;-75.748771;1.984251;2905.967529296875
41;HUILA;41319;GUADALUPE;41319006;SAN JOSÉ;CP;-75.678813;2.055729;2913.1064453125
41;HUILA;41319;GUADALUPE;41319007;SARTENEJAL;CP;-75.740173;2.003339;2908.729248046875
41;HUILA;41349;HOBO;41349000;HOBO;CM;-75.451151;2.582868;2967.426025390625
41;HUILA;41357;ÍQUIRA;41357000;ÍQUIRA;CM;-75.634497;2.649359;2955.5
41;HUILA;41357;ÍQUIRA;41357003;RÍO NEGRO;CP;-75.750424;2.689194;2942.410400390625
41;HUILA;41357;ÍQUIRA;41357004;VALENCIA LA PAZ;CP;-75.615195;2.690961;2956.82177734375
41;HUILA;41357;ÍQUIRA;41357005;SAN LUIS;CP;-75.699225;2.638611;2946
41;HUILA;41357;ÍQUIRA;41357006;SAN MIGUEL;CP;-75.753968;2.678155;2942.2578125
41;HUILA;41359;ISNOS;41359000;SAN JOSÉ DE ISNOS;CM;-76.217637;1.929467;2848.70263671875
41;HUILA;41359;ISNOS;41359003;EL SALTO DE BORDONES;CP;-76.16604;2.00072;2855.229248046875
41;HUILA;41359;ISNOS;41359006;BAJO JUNIN;CP;-76.274387;1.938274;2834.210205078125
41;HUILA;41359;ISNOS;41359007;BUENOS AIRES;CP;-76.179799;2.016074;2853.23876953125
41;HUILA;41359;ISNOS;41359008;CIÉNAGA GRANDE;CP;-76.158086;1.95922;2857.4521484375
41;HUILA;41378;LA ARGENTINA;41378000;LA ARGENTINA;CM;-75.979763;2.198496;2883.964111328125
41;HUILA;41378;LA ARGENTINA;41378001;BUENOS AIRES;CP;-76.022823;2.117018;2885.0224609375
41;HUILA;41378;LA ARGENTINA;41378002;EL PENSIL;CP;-76.058148;2.179162;2874.4658203125
41;HUILA;41396;LA PLATA;41396000;LA PLATA;CM;-75.89148;2.389479;2909.429443359375
41;HUILA;41396;LA PLATA;41396001;BELÉN;CP;-76.048186;2.201556;2878.627685546875
41;HUILA;41396;LA PLATA;41396002;MONSERRATE;CP;-75.991736;2.470551;2889.583251953125
41;HUILA;41396;LA PLATA;41396004;SAN ANDRÉS;CP;-75.827016;2.393833;2918.60107421875
41;HUILA;41396;LA PLATA;41396005;VILLA LOSADA;CP;-75.968011;2.28123;2886.20703125
41;HUILA;41396;LA PLATA;41396006;SAN VICENTE;CP;-76.011165;2.316568;2887
41;HUILA;41396;LA PLATA;41396009;GALLEGO;CP;-75.969622;2.263274;2885.736572265625
41;HUILA;41483;NÁTAGA;41483000;NÁTAGA;CM;-75.808756;2.5451;2930.542724609375
41;HUILA;41483;NÁTAGA;41483001;PATIO BONITO;CP;-75.757559;2.630705;2941.625732421875
41;HUILA;41483;NÁTAGA;41483002;LLANO BUCO;CP;-75.754436;2.674181;2942.295654296875
41;HUILA;41483;NÁTAGA;41483003;YARUMAL;CP;-75.760271;2.65232;2941.05322265625
41;HUILA;41503;OPORAPA;41503000;OPORAPA;CM;-75.995165;2.025088;2882.19091796875
41;HUILA;41503;OPORAPA;41503001;SAN ROQUE;CP;-76.005616;2.060234;2884.9267578125
41;HUILA;41503;OPORAPA;41503002;EL CARMEN;CP;-76.038165;2.018845;2881.43310546875
41;HUILA;41503;OPORAPA;41503003;SAN CIRO;CP;-76.005449;2.01192;2882.959228515625
41;HUILA;41503;OPORAPA;41503004;PARAGUAY;CP;;;
41;HUILA;41518;PAICOL;41518000;PAICOL;CM;-75.772993;2.449527;2926.903076171875
41;HUILA;41518;PAICOL;41518001;LA REFORMA;CP;-75.699493;2.449071;2936.9501953125
41;HUILA;41518;PAICOL;41518002;LAS LAJITAS;CP;-75.748544;2.446941;2934.24072265625
41;HUILA;41524;PALERMO;41524000;PALERMO;CM;-75.434329;2.888246;2987.601806640625
41;HUILA;41524;PALERMO;41524001;BETANIA;CP;-75.399124;2.750069;2978.765625
41;HUILA;41524;PALERMO;41524004;OSPINA PÉREZ;CP;-75.547881;2.878149;2971.912841796875
41;HUILA;41524;PALERMO;41524005;SAN JUAN;CP;-75.523017;2.825056;2975.97509765625
41;HUILA;41524;PALERMO;41524006;EL JUNCAL;CP;-75.325213;2.826425;2986.5341796875
41;HUILA;41524;PALERMO;41524009;AMBORCO;CP;-75.310448;2.959423;2987
41;HUILA;41530;PALESTINA;41530000;PALESTINA;CM;-76.133291;1.723723;2849.060546875
41;HUILA;41548;PITAL;41548000;PITAL;CM;-75.805174;2.26752;2914.3076171875
41;HUILA;41548;PITAL;41548001;EL SOCORRO;CP;-75.834615;2.313934;2910.812255859375
41;HUILA;41548;PITAL;41548002;MINAS;CP;-75.877674;2.230383;2906.005859375
41;HUILA;41551;PITALITO;41551000;PITALITO;CM;-76.048925;1.852523;2873.916015625
41;HUILA;41551;PITALITO;41551001;BRUSELAS;CP;-76.174775;1.776944;2845.866455078125
41;HUILA;41551;PITALITO;41551002;GUACACAYO;CP;-76.028695;1.950792;2880
41;HUILA;41551;PITALITO;41551003;LA LAGUNA;CP;-76.08397;1.961938;2869.602294921875
41;HUILA;41551;PITALITO;41551005;REGUEROS;CP;-76.0238;1.904706;2878.624755859375
41;HUILA;41551;PITALITO;41551006;CHILLURCO (VILLAS DEL NORTE);CP;-76.14315;1.891075;2857.500732421875
41;HUILA;41551;PITALITO;41551008;CRIOLLO;CP;-76.154848;1.856269;2854.777099609375
41;HUILA;41551;PITALITO;41551009;CHARGUAYACO;CP;-76.04644;1.782049;2869.28076171875
41;HUILA;41551;PITALITO;41551010;PALMARITO;CP;-76.071835;1.790705;2865.38134765625
41;HUILA;41551;PITALITO;41551015;LOS ARRAYANES;CP;-76.134989;1.985438;2862.069580078125
41;HUILA;41615;RIVERA;41615000;RIVERA;CM;-75.258643;2.777638;2989.982421875
41;HUILA;41615;RIVERA;41615001;LA ULLOA;CP;-75.229228;2.811333;2985.492919921875
41;HUILA;41615;RIVERA;41615002;RIVERITA;CP;-75.287809;2.75997;2988.74169921875
41;HUILA;41615;RIVERA;41615006;RÍO FRÍO;CP;-75.297764;2.822491;2987.990478515625
41;HUILA;41615;RIVERA;41615007;EL GUADUAL;CP;-75.238606;2.793734;2986.75634765625
41;HUILA;41660;SALADOBLANCO;41660000;SALADOBLANCO;CM;-76.044141;1.992495;2880.02294921875
41;HUILA;41660;SALADOBLANCO;41660001;LA CABAÑA;CP;-76.131632;1.998533;2862.997314453125
41;HUILA;41660;SALADOBLANCO;41660007;MORELIA;CP;-76.186728;2.066261;2857.92138671875
41;HUILA;41668;SAN AGUSTÍN;41668000;SAN AGUSTÍN;CM;-76.27036;1.881081;2837.064453125
41;HUILA;41668;SAN AGUSTÍN;41668001;ALTO DEL OBISPO;CP;-76.249869;1.847124;2837.183837890625
41;HUILA;41668;SAN AGUSTÍN;41668002;OBANDO;CP;-76.298322;1.940205;2824.134033203125
41;HUILA;41668;SAN AGUSTÍN;41668003;VILLA FÁTIMA;CP;-76.392767;1.900087;2819.429931640625
41;HUILA;41668;SAN AGUSTÍN;41668004;PUERTO QUINCHANA;CP;-76.42405;1.920287;2819.610107421875
41;HUILA;41668;SAN AGUSTÍN;41668006;EL PALMAR;CP;-76.293108;1.958404;2826.118408203125
41;HUILA;41668;SAN AGUSTÍN;41668007;PRADERA;CP;-76.356191;1.914074;2819.865966796875
41;HUILA;41668;SAN AGUSTÍN;41668008;LOS CAUCHOS;CP;-76.228319;1.830886;2837.67431640625
41;HUILA;41668;SAN AGUSTÍN;41668009;EL ROSARIO;CP;-76.303956;1.821652;2827.186767578125
41;HUILA;41676;SANTA MARÍA;41676000;SANTA MARÍA;CM;-75.587213;2.937628;2962.5712890625
41;HUILA;41676;SANTA MARÍA;41676001;SAN JOAQUÍN;CP;-75.634205;2.908876;2956.290771484375
41;HUILA;41770;SUAZA;41770000;SUAZA;CM;-75.79525;1.976051;2895
41;HUILA;41770;SUAZA;41770001;GALLARDO;CP;-75.877383;1.875101;2885.22216796875
41;HUILA;41770;SUAZA;41770002;GUAYABAL;CP;-75.804437;1.906636;2892.355224609375
41;HUILA;41770;SUAZA;41770011;CRUCE ACEVEDO;CP;-75.825762;1.874813;2890.244873046875
41;HUILA;41770;SUAZA;41770012;SAN JOSE;CP;-75.801783;1.923907;
41;HUILA;41791;TARQUI;41791000;TARQUI;CM;-75.823976;2.111325;2912.552734375
41;HUILA;41791;TARQUI;41791001;EL VERGEL;CP;-75.904306;2.072029;2898.113037109375
41;HUILA;41791;TARQUI;41791002;MAITO;CP;-75.908572;2.0474;2895.884765625
41;HUILA;41791;TARQUI;41791003;QUITURO;CP;-75.944302;2.074088;2892.912353515625
41;HUILA;41797;TESALIA;41797000;TESALIA;CM;-75.730271;2.486364;2939.14990234375
41;HUILA;41797;TESALIA;41797001;PACARNÍ;CP;-75.698365;2.608426;2945
41;HUILA;41799;TELLO;41799000;TELLO;CM;-75.138773;3.067538;2992.90185546875
41;HUILA;41799;TELLO;41799001;ANACLETO GARCÍA;CP;-75.04197;2.950265;2972.328125
41;HUILA;41799;TELLO;41799002;SIERRA DEL GRAMAL;CP;-75.074322;2.998352;2978.4658203125
41;HUILA;41799;TELLO;41799003;SAN ANDRÉS TELLO;CP;-75.016325;3.047844;2973.1669921875
41;HUILA;41799;TELLO;41799004;SIERRA DE LA CAÑADA;CP;-75.077717;3.015327;2979.700927734375
41;HUILA;41801;TERUEL;41801000;TERUEL;CM;-75.567034;2.740968;2969.139892578125
41;HUILA;41807;TIMANÁ;41807000;TIMANÁ;CM;-75.932167;1.974539;2886.189453125
41;HUILA;41807;TIMANÁ;41807001;NARANJAL;CP;-75.850905;2.015803;2899.1513671875
41;HUILA;41807;TIMANÁ;41807004;SAN ANTONIO;CP;-75.886495;1.961542;2888.77685546875
41;HUILA;41807;TIMANÁ;41807005;MONTAÑITA;CP;-75.900133;1.955141;2885.58251953125
41;HUILA;41807;TIMANÁ;41807006;QUINCHE;CP;-75.909351;1.960852;2884.203369140625
41;HUILA;41807;TIMANÁ;41807007;COSANZA;CP;-75.889437;1.979856;2889.086669921875
41;HUILA;41807;TIMANÁ;41807009;SAN ISIDRO;CP;-75.892322;1.957843;2887.343017578125
41;HUILA;41807;TIMANÁ;41807010;AGUAS CLARAS;CP;-75.905175;1.948131;2884.248291015625
41;HUILA;41807;TIMANÁ;41807011;ALTO NARANJAL;CP;-75.845462;2.001684;2899.640869140625
41;HUILA;41807;TIMANÁ;41807013;PANTANOS;CP;-75.96614;1.904538;2882
41;HUILA;41807;TIMANÁ;41807014;SANTA BÁRBARA;CP;-75.968781;1.880506;2881.010986328125
41;HUILA;41872;VILLAVIEJA;41872000;VILLAVIEJA;CM;-75.21723;3.220791;2997.00341796875
41;HUILA;41872;VILLAVIEJA;41872001;POTOSÍ;CP;-75.17053;3.387605;3002.207275390625
41;HUILA;41872;VILLAVIEJA;41872002;SAN ALFONSO;CP;-75.111366;3.370812;3005.951416015625
41;HUILA;41872;VILLAVIEJA;41872003;HATO NUEVO;CP;-75.261387;3.142421;2989.003662109375
41;HUILA;41872;VILLAVIEJA;41872004;POLONIA;CP;-75.217232;3.185782;2994.985595703125
41;HUILA;41872;VILLAVIEJA;41872005;LA VICTORIA;CP;-75.172439;3.351431;3001.004150390625
41;HUILA;41885;YAGUARÁ;41885000;YAGUARÁ;CM;-75.518023;2.664694;2966.903076171875
44;LA GUAJIRA;44001;RIOHACHA;44001000;RIOHACHA. DISTRITO ESPECIAL. TURÍSTICO Y CULTURAL;CM;-72.911797;11.528588;3069.081787109375
44;LA GUAJIRA;44001;RIOHACHA;44001001;ARROYO ARENA;CP;-72.90963;11.271121;3068.5908203125
44;LA GUAJIRA;44001;RIOHACHA;44001002;BARBACOA;CP;-72.903838;11.234795;3067.63427734375
44;LA GUAJIRA;44001;RIOHACHA;44001003;CAMARONES;CP;-73.063425;11.423762;3111.617431640625
44;LA GUAJIRA;44001;RIOHACHA;44001004;CASCAJALITO;CP;-73.026174;11.090606;3117.4140625
44;LA GUAJIRA;44001;RIOHACHA;44001005;COTOPRIX;CP;-72.84393;11.176565;3053.538818359375
44;LA GUAJIRA;44001;RIOHACHA;44001008;GALÁN;CP;-72.911469;11.189872;3068.623779296875
44;LA GUAJIRA;44001;RIOHACHA;44001011;MATITAS;CP;-73.009152;11.265267;3098
44;LA GUAJIRA;44001;RIOHACHA;44001012;MONGUÍ;CP;-72.821517;11.228698;3040.302001953125
44;LA GUAJIRA;44001;RIOHACHA;44001016;TOMARRAZON (TREINTA);CP;-72.925787;11.132915;3070.8564453125
44;LA GUAJIRA;44001;RIOHACHA;44001017;VILLA MARTIN (MACHO VALLO);CP;-72.790723;11.217407;3017.54150390625
44;LA GUAJIRA;44001;RIOHACHA;44001018;LAS PALMAS;CP;-73.054312;11.073638;3119
44;LA GUAJIRA;44001;RIOHACHA;44001020;CHOLES;CP;-73.053149;11.247475;3106.729736328125
44;LA GUAJIRA;44001;RIOHACHA;44001021;COMEJENES;CP;-73.06525;11.260211;3109.6767578125
44;LA GUAJIRA;44001;RIOHACHA;44001022;EL ABRA;CP;-72.900165;11.310716;3066.001953125
44;LA GUAJIRA;44001;RIOHACHA;44001023;LAS CASITAS;CP;-73.055529;11.052377;3119
44;LA GUAJIRA;44001;RIOHACHA;44001024;LOS MORENEROS;CP;-72.992039;11.126874;3094.9697265625
44;LA GUAJIRA;44001;RIOHACHA;44001025;PELECHUA;CP;-73.147543;11.26502;3134.560546875
44;LA GUAJIRA;44001;RIOHACHA;44001026;PERICO;CP;-73.086238;11.37107;3115.198486328125
44;LA GUAJIRA;44001;RIOHACHA;44001027;TIGRERA;CP;-73.098582;11.28704;3116.77197265625
44;LA GUAJIRA;44001;RIOHACHA;44001028;ANAIME;CP;-73.04408;11.243429;3104.08642578125
44;LA GUAJIRA;44001;RIOHACHA;44001031;CERRILLO;CP;-72.845657;11.223881;3051.957763671875
44;LA GUAJIRA;44001;RIOHACHA;44001032;CUCURUMANA;CP;-72.810239;11.47012;3047.107421875
44;LA GUAJIRA;44001;RIOHACHA;44001033;EBANAL;CP;-73.115672;11.288316;3121.35986328125
44;LA GUAJIRA;44001;RIOHACHA;44001035;JUAN Y MEDIO;CP;-73.003337;11.117082;3101.903076171875
44;LA GUAJIRA;44001;RIOHACHA;44001036;LA ARENA;CP;-72.728253;11.186518;2966.694580078125
44;LA GUAJIRA;44001;RIOHACHA;44001040;PUENTE BOMBA;CP;-73.15461;11.263704;3137.22119140625
44;LA GUAJIRA;44001;RIOHACHA;44001041;EL CARMEN;CP;-73.017345;11.103227;3112.591552734375
44;LA GUAJIRA;44001;RIOHACHA;44001042;LA COMPAÑIA;CP;-73.030592;11.248747;3101.099853515625
44;LA GUAJIRA;44001;RIOHACHA;44001043;PUERTO COLOMBIA;CP;-73.051523;11.061528;3119
44;LA GUAJIRA;44001;RIOHACHA;44001044;VILLA COMPI;CP;-73.067086;11.26284;3109.888427734375
44;LA GUAJIRA;44001;RIOHACHA;44001045;MONTE HERMÓN;CP;-72.901614;11.241774;3067.502197265625
44;LA GUAJIRA;44035;ALBANIA;44035000;ALBANIA;CM;-72.598522;11.157489;2899.77099609375
44;LA GUAJIRA;44035;ALBANIA;44035002;WARE WAREN;CP;-72.541663;11.314777;2841.0576171875
44;LA GUAJIRA;44035;ALBANIA;44035003;LOS REMEDIOS;CP;-72.541336;11.099272;2871.900634765625
44;LA GUAJIRA;44035;ALBANIA;44035004;LOS RANCHOS;CP;-72.473713;11.206426;2804.301025390625
44;LA GUAJIRA;44035;ALBANIA;44035005;PITURUMANA;CP;-72.483797;11.201244;2813.429931640625
44;LA GUAJIRA;44035;ALBANIA;44035006;PORCIOSA;CP;-72.453153;11.210576;2769.64208984375
44;LA GUAJIRA;44078;BARRANCAS;44078000;BARRANCAS;CM;-72.793574;10.958663;2970.133544921875
44;LA GUAJIRA;44078;BARRANCAS;44078001;CARRETALITO;CP;-72.797724;10.909842;2970.58740234375
44;LA GUAJIRA;44078;BARRANCAS;44078006;PAPAYAL;CP;-72.777489;10.997706;2968.010498046875
44;LA GUAJIRA;44078;BARRANCAS;44078007;ROCHE;CP;-72.80778;10.928553;2973.3662109375
44;LA GUAJIRA;44078;BARRANCAS;44078008;SAN PEDRO;CP;-72.733923;10.874018;2919.9541015625
44;LA GUAJIRA;44078;BARRANCAS;44078009;GUAYACANAL;CP;-72.815208;10.976084;2983.96630859375
44;LA GUAJIRA;44078;BARRANCAS;44078011;POZO HONDO;CP;-72.817041;10.999254;
44;LA GUAJIRA;44078;BARRANCAS;44078013;NUEVO OREGANAL;CP;-72.78077;10.988;2968.649658203125
44;LA GUAJIRA;44078;BARRANCAS;44078014;PATILLA;CP;-72.808638;10.934746;2974.065185546875
44;LA GUAJIRA;44078;BARRANCAS;44078015;CHANCLETA;CP;-72.808851;10.932522;2974.0791015625
44;LA GUAJIRA;44078;BARRANCAS;44078016;LAS CASITAS;CP;-72.805887;10.932399;2972.542236328125
44;LA GUAJIRA;44090;DIBULLA;44090000;DIBULLA;CM;-73.307598;11.27155;3182.0322265625
44;LA GUAJIRA;44090;DIBULLA;44090001;LA PUNTA DE LOS REMEDIOS;CP;-73.262466;11.293115;3163.36279296875
44;LA GUAJIRA;44090;DIBULLA;44090002;LAS FLORES;CP;-73.179456;11.271062;3143.00146484375
44;LA GUAJIRA;44090;DIBULLA;44090003;MINGUEO;CP;-73.399281;11.216461;3201.426513671875
44;LA GUAJIRA;44090;DIBULLA;44090004;PALOMINO;CP;-73.558433;11.246214;3229.203369140625
44;LA GUAJIRA;44090;DIBULLA;44090005;CAMPANA NUEVO;CP;-73.216839;11.233256;3150.53515625
44;LA GUAJIRA;44090;DIBULLA;44090006;RÍO ANCHO;CP;-73.462902;11.203235;3214.00634765625
44;LA GUAJIRA;44090;DIBULLA;44090007;CASA DE ALUMINIO;CP;-73.316137;11.213777;3181.36962890625
44;LA GUAJIRA;44090;DIBULLA;44090008;RIO JEREZ;CP;-73.254308;11.213666;3157.8994140625
44;LA GUAJIRA;44090;DIBULLA;44090010;SANTA RITA DE LA SIERRA;CP;-73.263506;11.221694;3160.75390625
44;LA GUAJIRA;44098;DISTRACCIÓN;44098000;DISTRACCIÓN;CM;-72.887405;10.898414;3045.49365234375
44;LA GUAJIRA;44098;DISTRACCIÓN;44098001;BUENAVISTA;CP;-72.891266;10.881217;3045.43505859375
44;LA GUAJIRA;44098;DISTRACCIÓN;44098002;CHORRERAS;CP;-72.945183;10.92801;3055.90576171875
44;LA GUAJIRA;44098;DISTRACCIÓN;44098003;CAIMITO (RESGUARDO);CP;-72.899373;10.828561;3045.628662109375
44;LA GUAJIRA;44098;DISTRACCIÓN;44098005;LA DUDA;CP;-72.899855;10.81012;3045.1396484375
44;LA GUAJIRA;44098;DISTRACCIÓN;44098007;LA CEIBA (RESGUARDO);CP;-72.887612;10.836138;3044.25390625
44;LA GUAJIRA;44098;DISTRACCIÓN;44098008;LOS HORNITOS;CP;-72.916721;10.916181;3051.59765625
44;LA GUAJIRA;44098;DISTRACCIÓN;44098011;POTRERITO;CP;-72.90035;10.921305;3048.5810546875
44;LA GUAJIRA;44098;DISTRACCIÓN;44098012;PULGAR;CP;-72.890173;10.917487;3047.16748046875
44;LA GUAJIRA;44110;EL MOLINO;44110000;EL MOLINO;CM;-72.92673;10.653505;3046.919921875
44;LA GUAJIRA;44279;FONSECA;44279000;FONSECA;CM;-72.846662;10.884301;3015.781005859375
44;LA GUAJIRA;44279;FONSECA;44279002;CONEJO;CP;-72.798594;10.777298;2967.641845703125
44;LA GUAJIRA;44279;FONSECA;44279005;EL HATICO;CP;-72.857717;10.908683;3031.520751953125
44;LA GUAJIRA;44279;FONSECA;44279006;SITIONUEVO;CP;-72.882378;10.78756;3039.706298828125
44;LA GUAJIRA;44279;FONSECA;44279007;CARDONAL;CP;-72.871842;10.859944;3039.1611328125
44;LA GUAJIRA;44279;FONSECA;44279008;BANGAÑITAS;CP;-72.87086;10.931826;3041.852294921875
44;LA GUAJIRA;44279;FONSECA;44279011;EL CONFUSO;CP;-72.831337;10.853791;2991.80859375
44;LA GUAJIRA;44279;FONSECA;44279013;LOS ALTOS;CP;-72.803334;10.875956;2972.008544921875
44;LA GUAJIRA;44279;FONSECA;44279014;QUEBRACHAL;CP;-72.756272;10.84615;2945.17578125
44;LA GUAJIRA;44279;FONSECA;44279015;POTRERITO;CP;-72.778131;10.855942;2966.354736328125
44;LA GUAJIRA;44279;FONSECA;44279016;GUAMACHAL;CP;-72.816871;10.919315;2979.512451171875
44;LA GUAJIRA;44279;FONSECA;44279022;LA LAGUNA;CP;-72.858184;10.916458;3032.44189453125
44;LA GUAJIRA;44279;FONSECA;44279023;LOS TORQUITOS;CP;-72.766719;10.839148;2956.680419921875
44;LA GUAJIRA;44378;HATONUEVO;44378000;HATONUEVO;CM;-72.759043;11.068859;2964.968505859375
44;LA GUAJIRA;44378;HATONUEVO;44378004;EL POZO;CP;-72.775502;11.064902;2974.167236328125
44;LA GUAJIRA;44378;HATONUEVO;44378005;GUAIMARITO;CP;-72.76081;11.079413;2967.52197265625
44;LA GUAJIRA;44420;LA JAGUA DEL PILAR;44420000;LA JAGUA DEL PILAR;CM;-73.071679;10.510214;3087.878662109375
44;LA GUAJIRA;44420;LA JAGUA DEL PILAR;44420001;EL PLAN;CP;-73.0384;10.458125;3076.749755859375
44;LA GUAJIRA;44430;MAICAO;44430000;MAICAO;CM;-72.241861;11.378319;2538.904052734375
44;LA GUAJIRA;44430;MAICAO;44430002;CARRAIPÍA;CP;-72.365784;11.256993;2654.6640625
44;LA GUAJIRA;44430;MAICAO;44430005;LA PAZ;CP;-72.290869;11.382417;2595.279052734375
44;LA GUAJIRA;44430;MAICAO;44430006;LA MAJAYURA;CP;-72.266154;11.168899;2539.903076171875
44;LA GUAJIRA;44430;MAICAO;44430007;PARAGUACHÓN;CP;-72.131068;11.359629;2299.684814453125
44;LA GUAJIRA;44430;MAICAO;44430012;EL LIMONCITO;CP;-72.232349;11.412398;2542.8466796875
44;LA GUAJIRA;44430;MAICAO;44430014;GARRAPATERO;CP;-72.403389;11.195904;2696.7578125
44;LA GUAJIRA;44430;MAICAO;44430015;MAKU;CP;-72.442746;11.400854;2782.508056640625
44;LA GUAJIRA;44430;MAICAO;44430016;SANTA CRUZ;CP;-72.23405;11.197934;2495.8359375
44;LA GUAJIRA;44430;MAICAO;44430017;SANTA ROSA;CP;-72.255793;11.190251;2526.087158203125
44;LA GUAJIRA;44430;MAICAO;44430018;DIVINO NIÑO;CP;-72.229653;11.202708;2489.555908203125
44;LA GUAJIRA;44430;MAICAO;44430019;LA ESPERANZA;CP;-72.253026;11.241298;2527.27734375
44;LA GUAJIRA;44430;MAICAO;44430020;MONTE LARA;CP;-72.226687;11.190727;2482.782958984375
44;LA GUAJIRA;44560;MANAURE;44560000;MANAURE;CM;-72.439621;11.773891;2831.66552734375
44;LA GUAJIRA;44560;MANAURE;44560001;ARÉMASAHIN;CP;-72.712952;11.48941;3002.031982421875
44;LA GUAJIRA;44560;MANAURE;44560002;MUSICHI;CP;-72.546412;11.728593;2920.57763671875
44;LA GUAJIRA;44560;MANAURE;44560003;EL PÁJARO;CP;-72.66688;11.713146;3012.375732421875
44;LA GUAJIRA;44560;MANAURE;44560004;SAN ANTONIO;CP;-72.878924;11.546775;3070.16552734375
44;LA GUAJIRA;44560;MANAURE;44560006;SHIRURIA;CP;-72.33655;11.766614;2722.341064453125
44;LA GUAJIRA;44560;MANAURE;44560007;MAYAPO;CP;-72.780553;11.648659;3053.7978515625
44;LA GUAJIRA;44560;MANAURE;44560008;MANZANA;CP;-72.817616;11.588155;3054.632568359375
44;LA GUAJIRA;44560;MANAURE;44560009;LA GLORIA;CP;-72.747582;11.50046;3023.986328125
44;LA GUAJIRA;44560;MANAURE;44560010;LA PAZ;CP;-72.400393;11.782777;2779.952880859375
44;LA GUAJIRA;44560;MANAURE;44560011;AIMARAL;CP;-72.794151;11.508777;3040.505126953125
44;LA GUAJIRA;44560;MANAURE;44560012;ARROYO LIMON;CP;-72.461051;11.762904;2868.046630859375
44;LA GUAJIRA;44560;MANAURE;44560013;POROMANA;CP;-72.799977;11.510925;3043.2470703125
44;LA GUAJIRA;44650;SAN JUAN DEL CESAR;44650000;SAN JUAN DEL CESAR;CM;-73.000629;10.769546;3074.629150390625
44;LA GUAJIRA;44650;SAN JUAN DEL CESAR;44650001;CAÑAVERALES;CP;-72.844333;10.755481;2999.96923828125
44;LA GUAJIRA;44650;SAN JUAN DEL CESAR;44650002;CARACOLÍ;CP;-73.046875;10.953387;3115.508056640625
44;LA GUAJIRA;44650;SAN JUAN DEL CESAR;44650003;CORRAL DE PIEDRA;CP;-73.054753;10.821044;3100.28369140625
44;LA GUAJIRA;44650;SAN JUAN DEL CESAR;44650004;EL HATICO DE LOS INDIOS;CP;-73.11644;10.858066;3114.861328125
44;LA GUAJIRA;44650;SAN JUAN DEL CESAR;44650005;EL TABLAZO;CP;-72.890525;10.721483;3033.451904296875
44;LA GUAJIRA;44650;SAN JUAN DEL CESAR;44650006;EL TOTUMO;CP;-73.088717;10.823986;3103.789794921875
44;LA GUAJIRA;44650;SAN JUAN DEL CESAR;44650007;GUAYACANAL;CP;-73.084103;10.830007;3103.95751953125
44;LA GUAJIRA;44650;SAN JUAN DEL CESAR;44650008;LA JUNTA;CP;-73.145736;10.77209;3124.314697265625
44;LA GUAJIRA;44650;SAN JUAN DEL CESAR;44650009;LA PEÑA;CP;-73.1231;10.775849;3112.571044921875
44;LA GUAJIRA;44650;SAN JUAN DEL CESAR;44650010;LA SIERRITA;CP;-73.152023;10.851824;3127.607666015625
44;LA GUAJIRA;44650;SAN JUAN DEL CESAR;44650011;LOS HATICOS;CP;-73.074387;10.745093;3100.745849609375
44;LA GUAJIRA;44650;SAN JUAN DEL CESAR;44650012;LOS PONDORES;CP;-73.006376;10.728282;3077.504638671875
44;LA GUAJIRA;44650;SAN JUAN DEL CESAR;44650013;ZAMBRANO;CP;-73.01754;10.804488;3079.947021484375
44;LA GUAJIRA;44650;SAN JUAN DEL CESAR;44650014;CORRALEJAS;CP;-72.852557;10.735394;3006.69140625
44;LA GUAJIRA;44650;SAN JUAN DEL CESAR;44650016;PONDORITOS;CP;-72.879276;10.767376;3034.922607421875
44;LA GUAJIRA;44650;SAN JUAN DEL CESAR;44650017;VILLA DEL RÍO;CP;-73.051761;10.810649;3097.65966796875
44;LA GUAJIRA;44650;SAN JUAN DEL CESAR;44650018;LAGUNITA;CP;-73.103971;10.7524;3105.74951171875
44;LA GUAJIRA;44650;SAN JUAN DEL CESAR;44650019;LOS POZOS;CP;-72.878964;10.727321;3026.7392578125
44;LA GUAJIRA;44650;SAN JUAN DEL CESAR;44650021;CURAZAO;CP;-73.150727;10.771666;3125.661865234375
44;LA GUAJIRA;44650;SAN JUAN DEL CESAR;44650022;BOCA DEL MONTE;CP;-72.918651;10.752122;3047.425048828125
44;LA GUAJIRA;44650;SAN JUAN DEL CESAR;44650023;LOS CARDONES;CP;-73.105924;10.847104;3109.28759765625
44;LA GUAJIRA;44650;SAN JUAN DEL CESAR;44650024;EL PLACER;CP;-73.107686;10.857298;3110.81787109375
44;LA GUAJIRA;44650;SAN JUAN DEL CESAR;44650025;GUAMACHAL;CP;-73.029231;10.747428;3085.039306640625
44;LA GUAJIRA;44650;SAN JUAN DEL CESAR;44650026;LOS TUNALES;CP;-72.892529;10.779066;3042.52783203125
44;LA GUAJIRA;44650;SAN JUAN DEL CESAR;44650027;VERACRUZ;CP;-73.085048;10.639954;3094.837890625
44;LA GUAJIRA;44847;URIBIA;44847000;URIBIA;CM;-72.26471;11.714596;2684.16064453125
44;LA GUAJIRA;44847;URIBIA;44847003;CABO DE LA VELA;CP;-72.146482;12.194206;2875.67041015625
44;LA GUAJIRA;44847;URIBIA;44847004;CARRIZAL;CP;-72.179805;12.010054;2761.703857421875
44;LA GUAJIRA;44847;URIBIA;44847007;EL CARDÓN;CP;-72.200446;11.916409;2736.018310546875
44;LA GUAJIRA;44847;URIBIA;44847012;NAZARETH;CP;-71.282391;12.174759;1044.270751953125
44;LA GUAJIRA;44847;URIBIA;44847013;PUERTO ESTRELLA;CP;-71.313344;12.347641;1106.370971679688
44;LA GUAJIRA;44847;URIBIA;44847027;LECHIMANA;CP;-72.002932;12.221078;2756.141357421875
44;LA GUAJIRA;44847;URIBIA;44847028;MEDIA LUNA;CP;-72.005552;12.232914;2754.855224609375
44;LA GUAJIRA;44847;URIBIA;44847029;PARAISO;CP;-71.669259;12.325857;2281.20556640625
44;LA GUAJIRA;44847;URIBIA;44847031;PUERTO NUEVO;CP;-71.987347;12.164355;2763.12841796875
44;LA GUAJIRA;44847;URIBIA;44847032;SANTA ANA;CP;-71.299569;12.331959;1092.11572265625
44;LA GUAJIRA;44847;URIBIA;44847033;SANTA FE DE SIAPANA;CP;-71.323999;12.057101;1115.387817382812
44;LA GUAJIRA;44847;URIBIA;44847034;VILLA FATIMA;CP;-71.473193;12.225455;1344.45263671875
44;LA GUAJIRA;44847;URIBIA;44847035;WARPANA;CP;-71.284306;11.936299;1058.886474609375
44;LA GUAJIRA;44847;URIBIA;44847036;WARRUTAMANA;CP;-71.293629;11.936954;1077.643920898438
44;LA GUAJIRA;44847;URIBIA;44847037;WOSOSOPO;CP;-71.77302;11.696279;2142.239013671875
44;LA GUAJIRA;44847;URIBIA;44847038;YORIJARÚ;CP;-71.29873;12.18155;1081.193481445312
44;LA GUAJIRA;44855;URUMITA;44855000;URUMITA;CM;-73.012507;10.560169;3081.792236328125
44;LA GUAJIRA;44874;VILLANUEVA;44874000;VILLANUEVA;CM;-72.977583;10.608774;3068.381103515625
47;MAGDALENA;47001;SANTA MARTA;47001000;SANTA MARTA. DISTRITO TURÍSTICO. CULTURAL E HISTÓRICO;CM;-74.200077;11.204685;3326.54052734375
47;MAGDALENA;47001;SANTA MARTA;47001001;BONDA;CP;-74.128105;11.233833;3318
47;MAGDALENA;47001;SANTA MARTA;47001002;CALABAZO;CP;-74.003067;11.284181;3309.304931640625
47;MAGDALENA;47001;SANTA MARTA;47001003;DON DIEGO;CP;-73.698506;11.239273;3257.0830078125
47;MAGDALENA;47001;SANTA MARTA;47001006;GUACHACA;CP;-73.836145;11.247876;3285
47;MAGDALENA;47001;SANTA MARTA;47001009;MINCA;CP;-74.117887;11.142227;3316.844970703125
47;MAGDALENA;47001;SANTA MARTA;47001010;TAGANGA;CP;-74.188611;11.268801;3327.07275390625
47;MAGDALENA;47001;SANTA MARTA;47001011;BURITACA;CP;-73.770894;11.249569;3275.5
47;MAGDALENA;47001;SANTA MARTA;47001012;LA QUININA;CP;-74.222987;11.174976;3329.60595703125
47;MAGDALENA;47001;SANTA MARTA;47001013;TIGRERA;CP;-74.144554;11.16847;3317
47;MAGDALENA;47001;SANTA MARTA;47001022;CABAÑAS DE BURITACA;CP;-73.770267;11.261134;3275.552734375
47;MAGDALENA;47001;SANTA MARTA;47001023;CAÑAVERAL (AGUA FRÍA);CP;-73.916242;11.279151;3297.7138671875
47;MAGDALENA;47001;SANTA MARTA;47001025;CURVALITO;CP;-74.094525;11.237914;3315.187744140625
47;MAGDALENA;47001;SANTA MARTA;47001026;GUACOCHE (LA LLANTA);CP;-73.714501;11.240679;3263.263916015625
47;MAGDALENA;47001;SANTA MARTA;47001027;MARKETALIA (PALOMINO);CP;-73.573741;11.244118;3232.881103515625
47;MAGDALENA;47001;SANTA MARTA;47001028;PAZ DEL CARIBE;CP;-73.723737;11.244482;3266.458251953125
47;MAGDALENA;47001;SANTA MARTA;47001029;PERICO AGUAO;CP;-73.684625;11.238697;3254
47;MAGDALENA;47001;SANTA MARTA;47001032;LA REVUELTA;CP;-73.943219;11.277364;3303.8701171875
47;MAGDALENA;47001;SANTA MARTA;47001034;EL TROMPITO;CP;-73.933749;11.278484;3301.67041015625
47;MAGDALENA;47001;SANTA MARTA;47001035;LA AGUACATERA;CP;-73.822056;11.249272;3284.4287109375
47;MAGDALENA;47001;SANTA MARTA;47001036;MACHETE PELAO;CP;-73.828866;11.182789;3284.041259765625
47;MAGDALENA;47001;SANTA MARTA;47001037;NUEVO MEJICO;CP;-74.030287;11.278775;3310
47;MAGDALENA;47001;SANTA MARTA;47001038;VALLE DE GAIRA;CP;-74.222659;11.172912;3329.4150390625
47;MAGDALENA;47001;SANTA MARTA;47001039;LINDEROS;CP;-73.744706;11.247613;3271.341796875
47;MAGDALENA;47001;SANTA MARTA;47001040;LOS COCOS;CP;-73.87975;11.284126;3287.9609375
47;MAGDALENA;47001;SANTA MARTA;47001041;MENDIHUACA;CP;-73.860877;11.267994;3285
47;MAGDALENA;47001;SANTA MARTA;47001042;QUEBRADA VALENCIA;CP;-73.800283;11.247607;3280.56787109375
47;MAGDALENA;47001;SANTA MARTA;47001043;SAN TROPEL;CP;-73.871113;11.262419;3285.567138671875
47;MAGDALENA;47001;SANTA MARTA;47001044;LOS NARANJOS;CP;-73.896699;11.288;3292.707763671875
47;MAGDALENA;47001;SANTA MARTA;47001045;NUEVO HORIZONTE (SAN RAFAEL);CP;-73.921659;11.276518;3298.791015625
47;MAGDALENA;47030;ALGARROBO;47030000;ALGARROBO;CM;-74.061132;10.188059;3287.90087890625
47;MAGDALENA;47030;ALGARROBO;47030001;BELLA VISTA;CP;-74.033225;10.333245;3290.40673828125
47;MAGDALENA;47030;ALGARROBO;47030002;ESTACIÓN DEL FERROCARRIL;CP;-74.055569;10.200015;3287.91748046875
47;MAGDALENA;47030;ALGARROBO;47030003;ESTACIÓN LLERAS;CP;-74.107863;10.311312;3294.9990234375
47;MAGDALENA;47030;ALGARROBO;47030004;LOMA DEL BÁLSAMO;CP;-74.038597;10.297273;3289.997802734375
47;MAGDALENA;47030;ALGARROBO;47030006;RIOMAR;CP;-74.042007;10.275941;3289.776611328125
47;MAGDALENA;47053;ARACATACA;47053000;ARACATACA;CM;-74.186702;10.589791;3312.291748046875
47;MAGDALENA;47053;ARACATACA;47053001;BUENOS AIRES;CP;-74.1796;10.523707;3308.4560546875
47;MAGDALENA;47053;ARACATACA;47053011;CAUCA;CP;-74.193799;10.636072;3313
47;MAGDALENA;47053;ARACATACA;47053013;SAMPUÉS;CP;-74.183807;10.528771;3309.51513671875
47;MAGDALENA;47053;ARACATACA;47053016;EL TIGRE;CP;-74.242358;10.640822;3313
47;MAGDALENA;47053;ARACATACA;47053017;GUNMAKÚ;CP;-74.050387;10.661841;3301.97021484375
47;MAGDALENA;47053;ARACATACA;47053018;RIO DE PIEDRA II;CP;-74.055078;10.525333;3298.80126953125
47;MAGDALENA;47058;ARIGUANÍ;47058000;EL DIFICIL;CM;-74.236515;9.847048;3281.045166015625
47;MAGDALENA;47058;ARIGUANÍ;47058001;ALEJANDRÍA;CP;-74.099344;9.91975;3280.3466796875
47;MAGDALENA;47058;ARIGUANÍ;47058003;PUEBLO NUEVO;CP;-74.102185;9.904768;3280.0751953125
47;MAGDALENA;47058;ARIGUANÍ;47058005;SAN JOSÉ DE ARIGUANÍ;CP;-73.958928;9.930024;3273
47;MAGDALENA;47058;ARIGUANÍ;47058008;VADELCO;CP;-74.118897;9.923211;3284.69091796875
47;MAGDALENA;47058;ARIGUANÍ;47058009;CARMEN DE ARIGUANÍ;CP;-73.997988;9.767607;3271
47;MAGDALENA;47161;CERRO DE SAN ANTONIO;47161000;CERRO DE SAN ANTONIO;CM;-74.868481;10.325621;3330
47;MAGDALENA;47161;CERRO DE SAN ANTONIO;47161002;CANDELARIA (CAIMÁN);CP;-74.802777;10.283884;3327
47;MAGDALENA;47161;CERRO DE SAN ANTONIO;47161003;CONCEPCIÓN (COCO);CP;-74.79272;10.302891;3328.001953125
47;MAGDALENA;47161;CERRO DE SAN ANTONIO;47161005;JESÚS DEL MONTE (MICO);CP;-74.827334;10.321265;3328.73291015625
47;MAGDALENA;47161;CERRO DE SAN ANTONIO;47161006;PUERTO NIÑO (CHARANGA);CP;-74.900344;10.257306;3325.3916015625
47;MAGDALENA;47170;CHIVOLO;47170000;CHIVOLO;CM;-74.622842;10.026803;3311.994384765625
47;MAGDALENA;47170;CHIVOLO;47170001;LA CHINA;CP;-74.556673;9.95485;3312.6689453125
47;MAGDALENA;47170;CHIVOLO;47170002;PUEBLO NUEVO;CP;-74.4152;10.139234;3312.998779296875
47;MAGDALENA;47170;CHIVOLO;47170003;LA ESTRELLA;CP;-74.5157;10.112132;3312.00244140625
47;MAGDALENA;47170;CHIVOLO;47170004;LA POLA;CP;-74.505324;10.022826;3310.02978515625
47;MAGDALENA;47170;CHIVOLO;47170005;PLAN;CP;-74.417319;10.06549;3305.7607421875
47;MAGDALENA;47189;CIÉNAGA;47189000;CIÉNAGA;CM;-74.241286;11.006654;3324.8740234375
47;MAGDALENA;47189;CIÉNAGA;47189004;SAN PEDRO DE LA SIERRA;CP;-74.049223;10.915023;3308.325439453125
47;MAGDALENA;47189;CIÉNAGA;47189006;SEVILLANO;CP;-74.253449;10.933349;3324.150634765625
47;MAGDALENA;47189;CIÉNAGA;47189018;PALMOR;CP;-74.024032;10.769969;3300
47;MAGDALENA;47189;CIÉNAGA;47189022;CORDOBITA;CP;-74.208709;11.021516;3320.998291015625
47;MAGDALENA;47189;CIÉNAGA;47189023;SIBERIA;CP;-74.024666;10.987183;3307
47;MAGDALENA;47189;CIÉNAGA;47189024;LA ISABEL;CP;-74.174337;10.96119;3316.166015625
47;MAGDALENA;47189;CIÉNAGA;47189025;MAYA;CP;-74.236136;10.913087;3321.98095703125
47;MAGDALENA;47189;CIÉNAGA;47189026;SAN JAVIER;CP;-74.03303;10.853705;3303.641845703125
47;MAGDALENA;47205;CONCORDIA;47205000;CONCORDIA;CM;-74.83303;10.257314;3326.02880859375
47;MAGDALENA;47205;CONCORDIA;47205001;BÁLSAMO;CP;-74.739934;10.203826;3324.01611328125
47;MAGDALENA;47205;CONCORDIA;47205002;BELLAVISTA;CP;-74.816691;10.273855;3326.13525390625
47;MAGDALENA;47205;CONCORDIA;47205003;ROSARIO DEL CHENGUE;CP;-74.844227;10.251984;3326.631591796875
47;MAGDALENA;47245;EL BANCO;47245000;EL BANCO;CM;-73.97437;9.008503;3239.080322265625
47;MAGDALENA;47245;EL BANCO;47245001;AGUAESTRADA;CP;-73.997962;9.167713;3245.541015625
47;MAGDALENA;47245;EL BANCO;47245002;ALGARROBAL;CP;-74.04482;9.129552;3247.428466796875
47;MAGDALENA;47245;EL BANCO;47245003;EL BARRANCO DE CHILLOA;CP;-73.995086;9.143009;3244
47;MAGDALENA;47245;EL BANCO;47245004;LOS NEGRITOS;CP;-74.077358;9.028075;3241.26708984375
47;MAGDALENA;47245;EL BANCO;47245005;BELÉN;CP;-73.906719;9.078755;3235.785888671875
47;MAGDALENA;47245;EL BANCO;47245006;CAÑO DE PALMA;CP;-74.087052;9.192583;3247.997802734375
47;MAGDALENA;47245;EL BANCO;47245007;EL CERRITO;CP;-73.946191;8.996546;3234.96240234375
47;MAGDALENA;47245;EL BANCO;47245008;EL TRÉBOL;CP;-73.911393;9.151047;3240.60302734375
47;MAGDALENA;47245;EL BANCO;47245010;MENCHIQUEJO;CP;-74.042991;9.18897;3252.619873046875
47;MAGDALENA;47245;EL BANCO;47245011;HATILLO DE LA SABANA;CP;-74.009142;9.070614;3243
47;MAGDALENA;47245;EL BANCO;47245012;SAN JOSÉ;CP;-73.90611;9.176786;3241.346435546875
47;MAGDALENA;47245;EL BANCO;47245013;SAN ROQUE;CP;-74.152979;9.071697;3246.131103515625
47;MAGDALENA;47245;EL BANCO;47245014;TAMALAMEQUITO;CP;-74.02959;9.054579;3242.343505859375
47;MAGDALENA;47245;EL BANCO;47245016;SAN FELIPE Y SAN EDUARDO;CP;-74.133043;9.0656;3243.36083984375
47;MAGDALENA;47245;EL BANCO;47245018;GUACAMAYAL;CP;-74.167032;9.08125;3246.98095703125
47;MAGDALENA;47245;EL BANCO;47245019;MALPICA;CP;-74.060332;9.063087;3243.164794921875
47;MAGDALENA;47245;EL BANCO;47245020;GARZÓN;CP;-74.065182;9.134799;3246.978759765625
47;MAGDALENA;47245;EL BANCO;47245022;ISLITAS;CP;-73.999516;9.104679;3244
47;MAGDALENA;47245;EL BANCO;47245025;BOTILLERO;CP;-73.97958;9.10003;3243
47;MAGDALENA;47245;EL BANCO;47245028;PUEBLO NUEVO;CP;-73.973601;9.18027;3243.157958984375
47;MAGDALENA;47245;EL BANCO;47245032;MATA DE CAÑA;CP;-73.871871;8.979518;3226
47;MAGDALENA;47245;EL BANCO;47245033;EL CEDRO;CP;-73.989121;9.263052;3249
47;MAGDALENA;47258;EL PIÑÓN;47258000;EL PIÑÓN;CM;-74.823263;10.403071;3332.175537109375
47;MAGDALENA;47258;EL PIÑÓN;47258001;CAMPO ALEGRE;CP;-74.703635;10.451357;3335
47;MAGDALENA;47258;EL PIÑÓN;47258002;CANTAGALLAR;CP;-74.800519;10.348924;3329.472900390625
47;MAGDALENA;47258;EL PIÑÓN;47258003;CARRETO;CP;-74.583537;10.255148;3318.128662109375
47;MAGDALENA;47258;EL PIÑÓN;47258004;PLAYÓN DE OROZCO;CP;-74.615116;10.35022;3324.087646484375
47;MAGDALENA;47258;EL PIÑÓN;47258005;SABANAS;CP;-74.706108;10.379352;3333.23974609375
47;MAGDALENA;47258;EL PIÑÓN;47258006;SAN BASILIO;CP;-74.665715;10.393221;3326.94970703125
47;MAGDALENA;47258;EL PIÑÓN;47258007;TIO GOLLO;CP;-74.733776;10.341476;3333
47;MAGDALENA;47258;EL PIÑÓN;47258009;VERANILLO;CP;-74.565929;10.282438;3317.37060546875
47;MAGDALENA;47258;EL PIÑÓN;47258010;LOS PATOS;CP;-74.734426;10.448373;3334.2568359375
47;MAGDALENA;47258;EL PIÑÓN;47258011;VÁSQUEZ;CP;-74.756814;10.326968;3330.501953125
47;MAGDALENA;47258;EL PIÑÓN;47258012;LAS PALMAS;CP;-74.549766;10.298005;3316.5
47;MAGDALENA;47258;EL PIÑÓN;47258013;LAS PAVITAS;CP;-74.683065;10.297026;3324.545166015625
47;MAGDALENA;47268;EL RETÉN;47268000;EL RETÉN;CM;-74.268412;10.610445;3310.996826171875
47;MAGDALENA;47268;EL RETÉN;47268001;SAN SEBASTIAN DEL BONGO;CP;-74.375636;10.648522;3321.003173828125
47;MAGDALENA;47268;EL RETÉN;47268002;LA COLOMBIA;CP;-74.218515;10.562633;3314
47;MAGDALENA;47268;EL RETÉN;47268003;LAS FLORES;CP;-74.251545;10.605663;3312.76904296875
47;MAGDALENA;47268;EL RETÉN;47268006;LA POLVORITA;CP;-74.198647;10.581386;3313.253173828125
47;MAGDALENA;47268;EL RETÉN;47268007;PARATE BIEN (EL PLEITO);CP;-74.370602;10.667981;3321.951171875
47;MAGDALENA;47268;EL RETÉN;47268008;SAN JOSÉ DE HONDURAS;CP;-74.388282;10.662074;3322.08056640625
47;MAGDALENA;47268;EL RETÉN;47268009;LAS CABAÑITAS;CP;-74.230575;10.577588;3314
47;MAGDALENA;47268;EL RETÉN;47268010;SALITRE;CP;-74.358707;10.700946;3323.050048828125
47;MAGDALENA;47288;FUNDACIÓN;47288000;FUNDACIÓN;CM;-74.191453;10.514146;3309.945068359375
47;MAGDALENA;47288;FUNDACIÓN;47288003;DOÑA MARÍA;CP;-74.179723;10.384476;3299.401611328125
47;MAGDALENA;47288;FUNDACIÓN;47288004;SANTA ROSA;CP;-74.107913;10.40158;3298.004638671875
47;MAGDALENA;47288;FUNDACIÓN;47288013;SANTA CLARA;CP;-73.906596;10.460201;3275.208984375
47;MAGDALENA;47288;FUNDACIÓN;47288014;EL CINCUENTA;CP;-73.87784;10.470647;3274
47;MAGDALENA;47288;FUNDACIÓN;47288015;EL CABRERO;CP;-74.03756;10.420409;3293.258544921875
47;MAGDALENA;47288;FUNDACIÓN;47288016;LA CRISTALINA;CP;-73.980756;10.447071;3288.81591796875
47;MAGDALENA;47288;FUNDACIÓN;47288017;SACRAMENTO;CP;-73.951422;10.417466;3283.607421875
47;MAGDALENA;47318;GUAMAL;47318000;GUAMAL;CM;-74.223689;9.144354;3253.004638671875
47;MAGDALENA;47318;GUAMAL;47318001;CASA DE TABLA;CP;-74.022913;9.383479;3253.956787109375
47;MAGDALENA;47318;GUAMAL;47318002;GUAIMARAL;CP;-74.150106;9.180348;3247.32470703125
47;MAGDALENA;47318;GUAMAL;47318003;HATO VIEJO;CP;-74.224047;9.229116;3256.353515625
47;MAGDALENA;47318;GUAMAL;47318004;PEDREGOSA;CP;-74.233541;9.204945;3255.757568359375
47;MAGDALENA;47318;GUAMAL;47318005;LOS ANDES;CP;-74.136986;9.271391;3255.07568359375
47;MAGDALENA;47318;GUAMAL;47318006;MURILLO;CP;-74.29207;9.179533;3254
47;MAGDALENA;47318;GUAMAL;47318008;RICAURTE;CP;-74.230266;9.237829;3257
47;MAGDALENA;47318;GUAMAL;47318009;SALVADORA;CP;-74.177977;9.172975;3249.278076171875
47;MAGDALENA;47318;GUAMAL;47318010;HURQUIJO;CP;-74.139851;9.196959;3248.220458984375
47;MAGDALENA;47318;GUAMAL;47318011;PLAYAS BLANCAS;CP;-74.258187;9.217808;3256.04052734375
47;MAGDALENA;47318;GUAMAL;47318012;SITIO NUEVO;CP;-74.194113;9.154152;3250.9453125
47;MAGDALENA;47318;GUAMAL;47318013;CARRETERO;CP;-74.18965;9.156524;3250.11474609375
47;MAGDALENA;47318;GUAMAL;47318014;BELLAVISTA;CP;-74.242599;9.206836;3255.941650390625
47;MAGDALENA;47318;GUAMAL;47318016;SANTA TERESITA;CP;-74.247836;9.212186;3256
47;MAGDALENA;47318;GUAMAL;47318017;SAN PEDRO;CP;-74.159058;9.288582;3258.06396484375
47;MAGDALENA;47318;GUAMAL;47318018;LAS FLORES;CP;-74.071408;9.368861;3256
47;MAGDALENA;47318;GUAMAL;47318019;SAN ANTONIO;CP;-74.240969;9.17852;3254.98291015625
47;MAGDALENA;47318;GUAMAL;47318020;LA CEIBA;CP;-74.231627;9.19745;3255.082275390625
47;MAGDALENA;47318;GUAMAL;47318023;SAN ISIDRO;CP;-74.072653;9.327338;3255
47;MAGDALENA;47318;GUAMAL;47318024;VILLA NUEVA;CP;-74.098091;9.220561;3249.07080078125
47;MAGDALENA;47318;GUAMAL;47318025;EL VEINTIOCHO;CP;-74.063192;9.338691;3255
47;MAGDALENA;47460;NUEVA GRANADA;47460000;GRANADA;CM;-74.391841;9.80186;3293.376953125
47;MAGDALENA;47460;NUEVA GRANADA;47460001;EL BAJO;CP;-74.4809;9.83686;3298.01025390625
47;MAGDALENA;47460;NUEVA GRANADA;47460002;LA GLORIA;CP;-74.323504;9.81018;3296.947265625
47;MAGDALENA;47460;NUEVA GRANADA;47460003;LAS TINAS;CP;-74.29707;9.702353;3284.494873046875
47;MAGDALENA;47460;NUEVA GRANADA;47460004;LOS ANDES;CP;-74.353671;9.581241;3286.80615234375
47;MAGDALENA;47460;NUEVA GRANADA;47460006;SAN JOSÉ DE BALLESTERO;CP;-74.393946;9.601496;3285.169189453125
47;MAGDALENA;47460;NUEVA GRANADA;47460007;EL CORRAL;CP;-74.316747;9.707942;3291.039306640625
47;MAGDALENA;47460;NUEVA GRANADA;47460008;EL PALMAR (EL CHUZO);CP;-74.325572;9.666936;3290.53369140625
47;MAGDALENA;47541;PEDRAZA;47541000;PEDRAZA;CM;-74.915458;10.188206;3321.34228515625
47;MAGDALENA;47541;PEDRAZA;47541001;BAHÍA HONDA;CP;-74.863513;10.123906;3322
47;MAGDALENA;47541;PEDRAZA;47541003;BOMBA;CP;-74.759741;10.15388;3320.962890625
47;MAGDALENA;47541;PEDRAZA;47541007;GUAQUIRÍ;CP;-74.923542;10.115882;3318.947509765625
47;MAGDALENA;47541;PEDRAZA;47541008;HEREDIA;CP;-74.834799;10.076328;3319.763671875
47;MAGDALENA;47545;PIJIÑO DEL CARMEN;47545000;PIJIÑO;CM;-74.459257;9.334376;3276
47;MAGDALENA;47545;PIJIÑO DEL CARMEN;47545001;CABRERA;CP;-74.425042;9.343676;3278
47;MAGDALENA;47545;PIJIÑO DEL CARMEN;47545002;FILADELFIA;CP;-74.411312;9.343324;3278.10302734375
47;MAGDALENA;47545;PIJIÑO DEL CARMEN;47545003;SAN JOSÉ DE PREVENCIÓN;CP;-74.138791;9.543522;3270.89013671875
47;MAGDALENA;47545;PIJIÑO DEL CARMEN;47545004;CASA BLANCA;CP;-74.275269;9.447159;3264.93701171875
47;MAGDALENA;47545;PIJIÑO DEL CARMEN;47545005;LA LUCHA;CP;-74.302235;9.387669;3263.203369140625
47;MAGDALENA;47545;PIJIÑO DEL CARMEN;47545007;EL DIVIDIVI;CP;-74.100034;9.52915;3264.151123046875
47;MAGDALENA;47545;PIJIÑO DEL CARMEN;47545008;EL BRILLANTE;CP;-73.959458;9.703442;3265.995361328125
47;MAGDALENA;47551;PIVIJAY;47551000;PIVIJAY;CM;-74.613312;10.460707;3325.258056640625
47;MAGDALENA;47551;PIVIJAY;47551001;LA AVIANCA;CP;-74.361253;10.538491;3313.315185546875
47;MAGDALENA;47551;PIVIJAY;47551002;CARABALLO;CP;-74.291748;10.34617;3307.678955078125
47;MAGDALENA;47551;PIVIJAY;47551003;CHINOBLAS;CP;-74.431408;10.402876;3316.863037109375
47;MAGDALENA;47551;PIVIJAY;47551005;SAN JOSÉ DE LA MONTAÑA (GARRAPATA);CP;-74.423203;10.321169;3315.876953125
47;MAGDALENA;47551;PIVIJAY;47551006;LAS CANOAS;CP;-74.494009;10.232835;3310.632080078125
47;MAGDALENA;47551;PIVIJAY;47551007;LAS PIEDRAS;CP;-74.54039;10.367878;3321.909423828125
47;MAGDALENA;47551;PIVIJAY;47551008;MEDIALUNA;CP;-74.503891;10.513417;3324.954345703125
47;MAGDALENA;47551;PIVIJAY;47551010;CARMEN DEL MAGDALENA (PARACO);CP;-74.65802;10.521194;3334
47;MAGDALENA;47551;PIVIJAY;47551011;PARAÍSO;CP;-74.386228;10.410143;3311
47;MAGDALENA;47551;PIVIJAY;47551012;PIÑUELAS;CP;-74.409053;10.446991;3314.672607421875
47;MAGDALENA;47551;PIVIJAY;47551013;PLACITAS;CP;-74.351493;10.299792;3305.965087890625
47;MAGDALENA;47551;PIVIJAY;47551017;LA RETIRADA;CP;-74.672168;10.489232;3333.703857421875
47;MAGDALENA;47555;PLATO;47555000;PLATO;CM;-74.784679;9.796769;3305.87255859375
47;MAGDALENA;47555;PLATO;47555001;APURE;CP;-74.581971;9.872296;3309.99853515625
47;MAGDALENA;47555;PLATO;47555002;CARMEN DEL MAGDALENA;CP;-74.755193;9.602854;3295
47;MAGDALENA;47555;PLATO;47555005;ZARATE;CP;-74.682268;9.729202;3302.892333984375
47;MAGDALENA;47555;PLATO;47555006;AGUAS VIVAS;CP;-74.662792;9.776381;3305.2900390625
47;MAGDALENA;47555;PLATO;47555007;CIÉNEGUETA;CP;-74.687773;9.837087;3306.96435546875
47;MAGDALENA;47555;PLATO;47555008;CERRO GRANDE;CP;-74.717384;9.767827;3302.77392578125
47;MAGDALENA;47555;PLATO;47555011;SAN JOSÉ DEL PURGATORIO;CP;-74.801273;9.71909;3301.94677734375
47;MAGDALENA;47555;PLATO;47555015;DISCIPLINA;CP;-74.51014;9.65449;3289.740478515625
47;MAGDALENA;47555;PLATO;47555017;SAN ANTONIO DEL RÍO;CP;-74.769356;9.634264;3294
47;MAGDALENA;47555;PLATO;47555018;BUENA VISTA;CP;-74.683164;9.699992;3301.254638671875
47;MAGDALENA;47555;PLATO;47555020;LOS POZOS;CP;-74.756855;9.56686;3294.99560546875
47;MAGDALENA;47555;PLATO;47555021;CINCO Y SEIS;CP;-74.484855;9.839309;3298.28515625
47;MAGDALENA;47570;PUEBLOVIEJO;47570000;PUEBLOVIEJO;CM;-74.28253;10.994766;3328
47;MAGDALENA;47570;PUEBLOVIEJO;47570002;ISLA DEL ROSARIO;CP;-74.296392;10.986441;3327.9375
47;MAGDALENA;47570;PUEBLOVIEJO;47570003;PALMIRA;CP;-74.311845;10.97951;3328
47;MAGDALENA;47570;PUEBLOVIEJO;47570004;TASAJERA;CP;-74.326493;10.978215;3328.3203125
47;MAGDALENA;47570;PUEBLOVIEJO;47570005;TIERRA NUEVA;CP;-74.312462;10.753163;3323.65625
47;MAGDALENA;47570;PUEBLOVIEJO;47570007;EL TRIUNFO;CP;-74.278522;10.700556;3316.651611328125
47;MAGDALENA;47570;PUEBLOVIEJO;47570009;NUEVA FRONTERA;CP;-74.266406;11.002178;3327.89892578125
47;MAGDALENA;47570;PUEBLOVIEJO;47570010;SAN JUAN DE PALOS PRIETOS (LA MONTAÑA);CP;-74.242072;10.715668;3312.3310546875
47;MAGDALENA;47605;REMOLINO;47605000;REMOLINO;CM;-74.716172;10.701952;3341.4443359375
47;MAGDALENA;47605;REMOLINO;47605002;CORRAL VIEJO;CP;-74.621367;10.595079;3337.045166015625
47;MAGDALENA;47605;REMOLINO;47605003;EL DIVIDIVI;CP;-74.632177;10.578327;3336.22509765625
47;MAGDALENA;47605;REMOLINO;47605004;SAN RAFAEL DE BUENAVISTA;CP;-74.639683;10.587458;3336.988525390625
47;MAGDALENA;47605;REMOLINO;47605005;SANTA RITA;CP;-74.635914;10.641599;3338.779541015625
47;MAGDALENA;47605;REMOLINO;47605006;EL SALAO;CP;-74.668966;10.578726;3336.976806640625
47;MAGDALENA;47605;REMOLINO;47605007;MARTINETE;CP;-74.576618;10.557247;3330
47;MAGDALENA;47605;REMOLINO;47605008;LAS CASITAS;CP;-74.663838;10.611412;3337.44091796875
47;MAGDALENA;47660;SABANAS DE SAN ÁNGEL;47660000;SAN ÁNGEL;CM;-74.213958;10.032532;3286.994384765625
47;MAGDALENA;47660;SABANAS DE SAN ÁNGEL;47660002;CASA DE TABLA;CP;-74.138642;9.956012;3288.000732421875
47;MAGDALENA;47660;SABANAS DE SAN ÁNGEL;47660003;CESPEDES;CP;-74.315793;9.9663;3300.93896484375
47;MAGDALENA;47660;SABANAS DE SAN ÁNGEL;47660005;FLORES DE MARÍA;CP;-74.402369;10.205715;3314.989013671875
47;MAGDALENA;47660;SABANAS DE SAN ÁNGEL;47660007;LA HORQUETA;CP;-74.163833;10.022265;3289.85693359375
47;MAGDALENA;47660;SABANAS DE SAN ÁNGEL;47660009;SAN ROQUE;CP;-74.378618;9.973371;3296.088623046875
47;MAGDALENA;47660;SABANAS DE SAN ÁNGEL;47660010;EL MANANTIAL;CP;-74.350151;10.176458;3299.26708984375
47;MAGDALENA;47660;SABANAS DE SAN ÁNGEL;47660011;PUEBLITO DE LOS BARRIOS;CP;-74.341405;10.162316;3298.658935546875
47;MAGDALENA;47660;SABANAS DE SAN ÁNGEL;47660013;ESTACIÓN VILLA;CP;-74.187241;10.296897;3296.740966796875
47;MAGDALENA;47660;SABANAS DE SAN ÁNGEL;47660014;MONTERRUBIO;CP;-74.274411;10.234747;3306
47;MAGDALENA;47675;SALAMINA;47675000;SALAMINA;CM;-74.794189;10.491229;3336.25244140625
47;MAGDALENA;47675;SALAMINA;47675001;GUÁIMARO;CP;-74.713676;10.580663;3336.59765625
47;MAGDALENA;47675;SALAMINA;47675005;EL SALAO;CP;-74.698375;10.481064;3334.671875
47;MAGDALENA;47675;SALAMINA;47675006;LA LOMA;CP;-74.684863;10.471261;3334.052490234375
47;MAGDALENA;47675;SALAMINA;47675007;LA LOMITA;CP;-74.679394;10.479173;3333.926513671875
47;MAGDALENA;47692;SAN SEBASTIÁN DE BUENAVISTA;47692000;SAN SEBASTIÁN DE BUENAVISTA;CM;-74.3516;9.240521;3266.902587890625
47;MAGDALENA;47692;SAN SEBASTIÁN DE BUENAVISTA;47692001;BUENAVISTA;CP;-74.311256;9.213083;3256.0380859375
47;MAGDALENA;47692;SAN SEBASTIÁN DE BUENAVISTA;47692002;EL COCO;CP;-74.291314;9.260776;3256.290283203125
47;MAGDALENA;47692;SAN SEBASTIÁN DE BUENAVISTA;47692003;LA PACHA;CP;-74.260147;9.259707;3258.072998046875
47;MAGDALENA;47692;SAN SEBASTIÁN DE BUENAVISTA;47692004;LAS MARGARITAS;CP;-74.298395;9.24117;3255.99609375
47;MAGDALENA;47692;SAN SEBASTIÁN DE BUENAVISTA;47692005;LOS GALVIS;CP;-74.308076;9.262652;3257.57666015625
47;MAGDALENA;47692;SAN SEBASTIÁN DE BUENAVISTA;47692006;MARÍA ANTONIA;CP;-74.245189;9.250911;3257.8876953125
47;MAGDALENA;47692;SAN SEBASTIÁN DE BUENAVISTA;47692007;SAN RAFAEL;CP;-74.131261;9.413568;3262.80712890625
47;MAGDALENA;47692;SAN SEBASTIÁN DE BUENAVISTA;47692008;SANTA ROSA;CP;-74.223469;9.405084;3268.040771484375
47;MAGDALENA;47692;SAN SEBASTIÁN DE BUENAVISTA;47692009;TRONCOSITO;CP;-74.38636;9.225416;3272.380126953125
47;MAGDALENA;47692;SAN SEBASTIÁN DE BUENAVISTA;47692010;TRONCOSO;CP;-74.396162;9.218927;3273.30078125
47;MAGDALENA;47692;SAN SEBASTIÁN DE BUENAVISTA;47692011;VENERO;CP;-74.250257;9.250178;3257.9384765625
47;MAGDALENA;47692;SAN SEBASTIÁN DE BUENAVISTA;47692013;EL SEIS;CP;-74.190778;9.381807;3263.952880859375
47;MAGDALENA;47692;SAN SEBASTIÁN DE BUENAVISTA;47692018;SAN VALENTÍN;CP;-74.250164;9.34441;3264.981201171875
47;MAGDALENA;47692;SAN SEBASTIÁN DE BUENAVISTA;47692019;PUEBLO NUEVO;CP;-74.019285;9.401888;3253.99365234375
47;MAGDALENA;47703;SAN ZENÓN;47703000;SAN ZENÓN;CM;-74.498992;9.245061;3274.315673828125
47;MAGDALENA;47703;SAN ZENÓN;47703001;ANGOSTURA;CP;-74.388272;9.305612;3276.775634765625
47;MAGDALENA;47703;SAN ZENÓN;47703002;BERMEJAL;CP;-74.38394;9.263104;3274.23486328125
47;MAGDALENA;47703;SAN ZENÓN;47703003;EL PALOMAR;CP;-74.412654;9.244887;3275.52685546875
47;MAGDALENA;47703;SAN ZENÓN;47703004;JANEIRO;CP;-74.316157;9.319933;3262.499267578125
47;MAGDALENA;47703;SAN ZENÓN;47703005;LA MONTAÑA;CP;-74.222896;9.406172;3268.063720703125
47;MAGDALENA;47703;SAN ZENÓN;47703006;PEÑONCITO;CP;-74.466389;9.275179;3275.5361328125
47;MAGDALENA;47703;SAN ZENÓN;47703007;SANTA TERESA;CP;-74.39573;9.250533;3274.8544921875
47;MAGDALENA;47703;SAN ZENÓN;47703008;GUINEA;CP;-74.394057;9.260353;3275.00341796875
47;MAGDALENA;47703;SAN ZENÓN;47703009;EL HORNO;CP;-74.4222;9.261236;3276
47;MAGDALENA;47703;SAN ZENÓN;47703010;PUERTO ARTURO;CP;-74.454909;9.282832;3276
47;MAGDALENA;47707;SANTA ANA;47707000;SANTA ANA;CM;-74.567658;9.321759;3277.623291015625
47;MAGDALENA;47707;SANTA ANA;47707001;BARRO BLANCO;CP;-74.632666;9.381464;3286.267822265625
47;MAGDALENA;47707;SANTA ANA;47707006;SAN FERNANDO;CP;-74.531;9.269897;3274
47;MAGDALENA;47707;SANTA ANA;47707009;JARABA;CP;-74.537979;9.324038;3276.83935546875
47;MAGDALENA;47707;SANTA ANA;47707011;SANTA ROSA;CP;-74.465022;9.562015;3285.11962890625
47;MAGDALENA;47720;SANTA BÁRBARA DE PINTO;47720000;SANTA BÁRBARA DE PINTO;CM;-74.704667;9.432263;3287.189208984375
47;MAGDALENA;47720;SANTA BÁRBARA DE PINTO;47720001;CUNDINAMARCA;CP;-74.618633;9.64389;3298.844970703125
47;MAGDALENA;47720;SANTA BÁRBARA DE PINTO;47720002;SAN PEDRO;CP;-74.663085;9.439696;3288.08447265625
47;MAGDALENA;47720;SANTA BÁRBARA DE PINTO;47720003;VELADERO;CP;-74.748324;9.498536;3292.66455078125
47;MAGDALENA;47720;SANTA BÁRBARA DE PINTO;47720004;CARRETAL;CP;-74.639985;9.42914;3288.98193359375
47;MAGDALENA;47720;SANTA BÁRBARA DE PINTO;47720005;CIENAGUETA;CP;-74.599081;9.535197;3291.7705078125
47;MAGDALENA;47745;SITIONUEVO;47745000;SITIONUEVO;CM;-74.720021;10.775285;3342.960205078125
47;MAGDALENA;47745;SITIONUEVO;47745001;BUENAVISTA;CP;-74.510051;10.841526;3336.124267578125
47;MAGDALENA;47745;SITIONUEVO;47745002;NUEVA VENECIA;CP;-74.574323;10.828789;3339.6259765625
47;MAGDALENA;47745;SITIONUEVO;47745003;PALERMO;CP;-74.744332;10.960852;3346
47;MAGDALENA;47745;SITIONUEVO;47745006;SAN ANTONIO;CP;-74.714389;10.851621;3342.88720703125
47;MAGDALENA;47798;TENERIFE;47798000;TENERIFE;CM;-74.860757;9.897759;3307.2490234375
47;MAGDALENA;47798;TENERIFE;47798004;REAL DEL OBISPO;CP;-74.782885;9.977525;3312.334228515625
47;MAGDALENA;47798;TENERIFE;47798005;SAN LUIS;CP;-74.84287;9.831062;3304.18994140625
47;MAGDALENA;47798;TENERIFE;47798007;EL JUNCAL;CP;-74.79434;9.937097;3311.199462890625
47;MAGDALENA;47798;TENERIFE;47798008;SANTA INÉS;CP;-74.721002;9.975676;3315.246826171875
47;MAGDALENA;47960;ZAPAYÁN;47960000;PUNTA DE PIEDRAS;CM;-74.716878;10.168297;3321.929931640625
47;MAGDALENA;47960;ZAPAYÁN;47960001;CAÑO DE AGUAS;CP;-74.594682;10.214003;3319.216796875
47;MAGDALENA;47960;ZAPAYÁN;47960002;CAPUCHO;CP;-74.723932;10.158536;3321.271728515625
47;MAGDALENA;47960;ZAPAYÁN;47960003;PIEDRAS DE MOLER;CP;-74.729123;10.099653;3319.59228515625
47;MAGDALENA;47960;ZAPAYÁN;47960004;PIEDRAS PINTADAS;CP;-74.759328;10.091076;3317.012939453125
47;MAGDALENA;47960;ZAPAYÁN;47960005;LOS CERRITOS;CP;-74.682673;10.247055;3323.65380859375
47;MAGDALENA;47960;ZAPAYÁN;47960006;EL BONGO;CP;-74.630467;10.181586;3325
47;MAGDALENA;47980;ZONA BANANERA;47980000;PRADO - SEVILLA;CM;-74.140091;10.763024;3309.91943359375
47;MAGDALENA;47980;ZONA BANANERA;47980001;GUACAMAYAL;CP;-74.158773;10.750687;3311.42919921875
47;MAGDALENA;47980;ZONA BANANERA;47980002;GUAMACHITO;CP;-74.149536;10.692912;3308.320068359375
47;MAGDALENA;47980;ZONA BANANERA;47980003;LA GRAN VÍA;CP;-74.136164;10.852768;3312
47;MAGDALENA;47980;ZONA BANANERA;47980004;ORIHUECA;CP;-74.167041;10.83905;3312.66552734375
47;MAGDALENA;47980;ZONA BANANERA;47980005;PALOMAR;CP;-74.183651;10.789517;3313
47;MAGDALENA;47980;ZONA BANANERA;47980006;RÍO FRÍO;CP;-74.172626;10.905113;3314.07958984375
47;MAGDALENA;47980;ZONA BANANERA;47980007;SANTA ROSALÍA;CP;-74.120313;10.834187;3311
47;MAGDALENA;47980;ZONA BANANERA;47980009;SOPLADOR;CP;-74.216189;10.731498;3312
47;MAGDALENA;47980;ZONA BANANERA;47980010;TUCURINCA;CP;-74.166038;10.649908;3309.970947265625
47;MAGDALENA;47980;ZONA BANANERA;47980011;VARELA;CP;-74.16905;10.874704;3313.039306640625
47;MAGDALENA;47980;ZONA BANANERA;47980012;ZAWADY;CP;-74.150494;10.903724;3313
47;MAGDALENA;47980;ZONA BANANERA;47980013;ESTACIÓN SEVILLA;CP;-74.156932;10.764248;3311.609619140625
47;MAGDALENA;47980;ZONA BANANERA;47980014;LA CANDELARIA;CP;-74.222985;10.855424;3318.024169921875
47;MAGDALENA;47980;ZONA BANANERA;47980015;SAN JOSÉ DE KENNEDY;CP;-74.102794;10.746449;3308.772705078125
47;MAGDALENA;47980;ZONA BANANERA;47980016;CAÑO MOCHO;CP;-74.200572;10.812109;3313
47;MAGDALENA;47980;ZONA BANANERA;47980017;EL MAMÓN;CP;-74.216484;10.87337;3318.3134765625
47;MAGDALENA;47980;ZONA BANANERA;47980018;AGUSTINA;CP;-74.149402;10.741901;3310.0458984375
47;MAGDALENA;47980;ZONA BANANERA;47980019;CARITAL;CP;-74.209723;10.880813;3317.863037109375
47;MAGDALENA;47980;ZONA BANANERA;47980020;CASABLANCA;CP;-74.196553;10.727089;3313
47;MAGDALENA;47980;ZONA BANANERA;47980021;CIUDAD PERDIDA;CP;-74.21694;10.699516;3312
47;MAGDALENA;47980;ZONA BANANERA;47980022;EL REPOSO;CP;-74.17265;10.956248;3315.979736328125
47;MAGDALENA;47980;ZONA BANANERA;47980023;IBERIA;CP;-74.16927;10.820847;3312.302734375
47;MAGDALENA;47980;ZONA BANANERA;47980024;MONTERIA;CP;-74.19141;10.733971;3313
47;MAGDALENA;47980;ZONA BANANERA;47980025;PATUCA;CP;-74.19439;10.703699;3313
47;MAGDALENA;47980;ZONA BANANERA;47980026;PAULINA;CP;-74.165498;10.738959;3311.938720703125
47;MAGDALENA;47980;ZONA BANANERA;47980027;PILOTO;CP;-74.177711;10.736187;3312.974365234375
47;MAGDALENA;47980;ZONA BANANERA;47980028;SALÓN CONCEPCIÓN;CP;-74.168436;10.944522;3315
50;META;50001;VILLAVICENCIO;50001000;VILLAVICENCIO;CM;-73.627486;4.127404;2834.322509765625
50;META;50001;VILLAVICENCIO;50001001;CONCEPCIÓN;CP;-73.741971;4.051366;2847.40087890625
50;META;50001;VILLAVICENCIO;50001002;RINCON DE POMPEYA;CP;-73.365557;4.040189;2812.70849609375
50;META;50001;VILLAVICENCIO;50001003;SANTA ROSA DE RÍO NEGRO;CP;-73.476894;4.033312;2825.71826171875
50;META;50001;VILLAVICENCIO;50001004;BUENAVISTA;CP;-73.680174;4.169686;2856.278564453125
50;META;50001;VILLAVICENCIO;50001005;COCUY;CP;-73.597612;4.058103;2826.34423828125
50;META;50001;VILLAVICENCIO;50001007;SERVITÁ;CP;-73.695797;4.189443;2858.510009765625
50;META;50001;VILLAVICENCIO;50001013;PIPIRAL;CP;-73.724022;4.200246;2861.115478515625
50;META;50001;VILLAVICENCIO;50001014;SAN LUIS DE OCOA;CP;-73.704284;4.07995;2855.46826171875
50;META;50001;VILLAVICENCIO;50001015;ALTO POMPEYA;CP;-73.393389;4.064199;2821.92529296875
50;META;50001;VILLAVICENCIO;50001016;CECILIA;CP;-73.696884;4.081317;2855.966064453125
50;META;50001;VILLAVICENCIO;50001017;LA NOHORA;CP;-73.590463;4.102194;2830.875
50;META;50001;VILLAVICENCIO;50001019;APIAY;CP;-73.561598;4.084978;2831.791259765625
50;META;50001;VILLAVICENCIO;50001020;BARCELONA;CP;-73.58492;4.074659;2828.35693359375
50;META;50001;VILLAVICENCIO;50001021;ARGENTINA;CP;-73.637245;4.194715;2854.6259765625
50;META;50001;VILLAVICENCIO;50001023;BELLA SUIZA;CP;-73.50532;4.062812;2829.574951171875
50;META;50001;VILLAVICENCIO;50001024;CONDOMINIO DE LOS ODONTÓLOGOS;CP;-73.618561;4.078902;2825.715087890625
50;META;50001;VILLAVICENCIO;50001026;LLANERITA;CP;-73.485732;4.09336;2833.045654296875
50;META;50001;VILLAVICENCIO;50001027;NATURALIA;CP;-73.71138;4.074755;2854.38671875
50;META;50006;ACACÍAS;50006000;ACACÍAS;CM;-73.765909;3.990024;2832.12060546875
50;META;50006;ACACÍAS;50006001;DINAMARCA;CP;-73.468669;3.8974;2808.98291015625
50;META;50006;ACACÍAS;50006003;SAN ISIDRO DE CHICHIMENE;CP;-73.686986;3.916546;2826.05517578125
50;META;50006;ACACÍAS;50006006;CONDOMINIO LA BONANZA;CP;-73.640819;3.921624;2824.40625
50;META;50006;ACACÍAS;50006007;LA CECILITA;CP;-73.773753;3.944676;2826.0576171875
50;META;50006;ACACÍAS;50006008;QUEBRADITAS;CP;-73.506182;3.959215;2813.984619140625
50;META;50006;ACACÍAS;50006009;SANTA ROSA;CP;-73.64238;3.912317;2823.774169921875
50;META;50006;ACACÍAS;50006010;EL DIAMANTE;CP;-73.782093;4.016679;2842.46044921875
50;META;50006;ACACÍAS;50006011;EL CENTRO;CP;-73.765052;3.963701;2827.90869140625
50;META;50006;ACACÍAS;50006012;EL TRIUNFO;CP;-73.739298;3.964769;2836.2255859375
50;META;50006;ACACÍAS;50006013;LA ESMERALDA;CP;-73.747517;3.969119;2833.271240234375
50;META;50006;ACACÍAS;50006014;LA FORTUNA;CP;-73.764743;3.958732;2827.352294921875
50;META;50006;ACACÍAS;50006015;LA SARDINATA;CP;-73.744568;4.004533;2838.876953125
50;META;50006;ACACÍAS;50006016;LAS BLANCAS;CP;-73.784629;4.005367;2840.7080078125
50;META;50006;ACACÍAS;50006017;SAN NICOLÁS;CP;-73.740632;3.965155;2835.76220703125
50;META;50110;BARRANCA DE UPÍA;50110000;BARRANCA DE UPÍA;CM;-72.961083;4.566225;2879.699951171875
50;META;50110;BARRANCA DE UPÍA;50110001;SAN IGNACIO;CP;-73.028542;4.631774;2899.9931640625
50;META;50124;CABUYARO;50124000;CABUYARO;CM;-72.791768;4.286705;2847.297607421875
50;META;50124;CABUYARO;50124002;GUAYABAL DE UPÍA;CP;-72.813078;4.40178;2878.315673828125
50;META;50124;CABUYARO;50124003;VISO DE UPÍA;CP;-72.797827;4.351107;2867.63720703125
50;META;50124;CABUYARO;50124004;LOS MANGOS;CP;-73.108564;4.334858;2847.48193359375
50;META;50150;CASTILLA LA NUEVA;50150000;CASTILLA LA NUEVA;CM;-73.687237;3.826992;2815.362548828125
50;META;50150;CASTILLA LA NUEVA;50150001;SAN LORENZO;CP;-73.548038;3.811495;2805.561279296875
50;META;50150;CASTILLA LA NUEVA;50150002;PUEBLO VIEJO;CP;-73.431433;3.746438;2760.708251953125
50;META;50150;CASTILLA LA NUEVA;50150003;EL TORO;CP;-73.400557;3.786448;2763.3642578125
50;META;50150;CASTILLA LA NUEVA;50150004;LAS VIOLETAS;CP;-73.726138;3.857862;2821.788818359375
50;META;50150;CASTILLA LA NUEVA;50150005;CASA BLANCA;CP;-73.391638;3.768335;2763.50634765625
50;META;50223;CUBARRAL;50223000;CUBARRAL;CM;-73.838724;3.793614;2833.18896484375
50;META;50223;CUBARRAL;50223003;PUERTO ARIARI;CP;-73.856754;3.778593;2832
50;META;50226;CUMARAL;50226000;CUMARAL;CM;-73.486557;4.269535;2855.964599609375
50;META;50226;CUMARAL;50226002;GUACAVÍA;CP;-73.518268;4.28932;2857.8271484375
50;META;50226;CUMARAL;50226004;SAN NICOLÁS;CP;-73.394758;4.163165;2840.915283203125
50;META;50226;CUMARAL;50226005;VERACRUZ;CP;-73.220947;4.234014;2830.466796875
50;META;50226;CUMARAL;50226010;PRESENTADO;CP;-73.34791;4.297123;2847.960205078125
50;META;50245;EL CALVARIO;50245000;EL CALVARIO;CM;-73.713325;4.352665;2872.47216796875
50;META;50245;EL CALVARIO;50245001;MONTFORT;CP;-73.640685;4.321568;2861.85302734375
50;META;50245;EL CALVARIO;50245002;SAN FRANCISCO;CP;-73.758138;4.379265;2883.44140625
50;META;50251;EL CASTILLO;50251000;EL CASTILLO;CM;-73.794225;3.563907;2799.20068359375
50;META;50251;EL CASTILLO;50251001;MEDELLÍN DEL ARIARI;CP;-73.803674;3.628679;2805.978759765625
50;META;50251;EL CASTILLO;50251003;MIRAVALLES;CP;-73.954672;3.576409;2828.3623046875
50;META;50251;EL CASTILLO;50251004;PUERTO ESPERANZA;CP;-73.875517;3.628174;2832.008056640625
50;META;50270;EL DORADO;50270000;EL DORADO;CM;-73.835264;3.739984;2829.12939453125
50;META;50270;EL DORADO;50270001;PUEBLO SÁNCHEZ;CP;-73.79823;3.675742;2811.3818359375
50;META;50270;EL DORADO;50270002;SAN ISIDRO;CP;-73.813208;3.728779;2820.39794921875
50;META;50287;FUENTE DE ORO;50287000;FUENTE DE ORO;CM;-73.618121;3.462875;2756.38623046875
50;META;50287;FUENTE DE ORO;50287001;PUERTO ALJURE;CP;-73.56607;3.38503;2734.9267578125
50;META;50287;FUENTE DE ORO;50287002;PUERTO LIMÓN;CP;-73.487849;3.369528;2740.42578125
50;META;50287;FUENTE DE ORO;50287003;PUERTO SANTANDER;CP;-73.514685;3.370599;2740.48583984375
50;META;50287;FUENTE DE ORO;50287004;UNIÓN DEL ARIARI;CP;-73.596745;3.322916;2725.852783203125
50;META;50287;FUENTE DE ORO;50287005;LA COOPERATIVA;CP;-73.589463;3.377674;2729.307373046875
50;META;50287;FUENTE DE ORO;50287006;CAÑO BLANCO;CP;-73.528847;3.319136;2722.671630859375
50;META;50287;FUENTE DE ORO;50287007;PUERTO NUEVO;CP;-73.62857;3.39313;2745.676025390625
50;META;50287;FUENTE DE ORO;50287008;BARRANCO COLORADO CAÑO VENADO;CP;-73.471686;3.322348;2731.142822265625
50;META;50313;GRANADA;50313000;GRANADA;CM;-73.712572;3.551865;2784.63916015625
50;META;50313;GRANADA;50313001;CANAGUARO;CP;-73.763549;3.442248;2771.8212890625
50;META;50313;GRANADA;50313002;DOS QUEBRADAS;CP;-73.794654;3.452312;2777.9482421875
50;META;50313;GRANADA;50313004;LA PLAYA;CP;-73.741895;3.506291;2782.752685546875
50;META;50313;GRANADA;50313005;PUERTO CALDAS;CP;-73.722506;3.480695;2772.710205078125
50;META;50313;GRANADA;50313006;AGUAS CLARAS;CP;-73.858807;3.472824;2802.417724609375
50;META;50313;GRANADA;50313007;PUNTA BRAVA;CP;-73.757189;3.438692;2772.180419921875
50;META;50318;GUAMAL;50318000;GUAMAL;CM;-73.768324;3.880572;2820.922607421875
50;META;50318;GUAMAL;50318001;HUMADEA;CP;-73.751011;3.813809;2816.74755859375
50;META;50325;MAPIRIPÁN;50325000;MAPIRIPÁN;CM;-72.135509;2.896617;1661.012451171875
50;META;50325;MAPIRIPÁN;50325001;PUERTO ALVIRA;CP;-71.751226;2.896099;1239.932373046875
50;META;50325;MAPIRIPÁN;50325002;MIELÓN;CP;-72.437385;2.743234;2400.420654296875
50;META;50325;MAPIRIPÁN;50325004;ANZUELO;CP;-71.824371;3.326647;1457.037475585938
50;META;50325;MAPIRIPÁN;50325005;GUACAMAYAS;CP;-72.862939;3.160822;2657.525634765625
50;META;50325;MAPIRIPÁN;50325006;LA COOPERATIVA;CP;-72.354833;3.234145;2437.533935546875
50;META;50325;MAPIRIPÁN;50325007;PUERTO SIARE;CP;-71.848169;3.192524;1447.833374023438
50;META;50325;MAPIRIPÁN;50325009;EL SILENCIO;CP;-71.727365;3.024116;1317.520385742188
50;META;50325;MAPIRIPÁN;50325010;LA JUNGLA;CP;-72.473601;3.27156;2531.343017578125
50;META;50325;MAPIRIPÁN;50325011;RINCON DEL INDIO;CP;-71.74186;3.371134;1375.2568359375
50;META;50330;MESETAS;50330000;MESETAS;CM;-74.044519;3.383813;2831.265869140625
50;META;50330;MESETAS;50330002;JARDÍN DE LAS PEÑAS;CP;-74.163569;3.27917;2849.67919921875
50;META;50330;MESETAS;50330005;ORIENTE;CP;-74.257782;3.200952;2877.699951171875
50;META;50330;MESETAS;50330007;LA ARGENTINA;CP;;;
50;META;50330;MESETAS;50330009;PUERTO NARIÑO;CP;;;
50;META;50330;MESETAS;50330010;SAN ISIDRO;CP;;;
50;META;50350;LA MACARENA;50350000;LA MACARENA;CM;-73.78661;2.177143;2625.822998046875
50;META;50350;LA MACARENA;50350001;SAN FRANCISCO DE LA SOMBRA;CP;-74.370403;2.065421;2802.570556640625
50;META;50350;LA MACARENA;50350003;SAN JUAN DEL LOSADA;CP;-74.450818;2.244157;2864
50;META;50350;LA MACARENA;50350007;LA CRISTALINA;CP;-74.274489;2.165819;2786.70166015625
50;META;50350;LA MACARENA;50350008;EL RUBÍ;CP;-74.237153;2.361347;2797.89453125
50;META;50350;LA MACARENA;50350010;EL VERGEL;CP;-73.97278;2.18937;2683.059326171875
50;META;50350;LA MACARENA;50350012;LAS DELICIAS;CP;-74.484055;2.149926;2848.23046875
50;META;50350;LA MACARENA;50350013;LAURELES;CP;-74.074707;2.169631;2729.32958984375
50;META;50350;LA MACARENA;50350014;PLAYA RICA;CP;-74.247175;2.067162;2781.67724609375
50;META;50350;LA MACARENA;50350015;PUERTO LOZADA;CP;-74.635839;2.329894;2885.975341796875
50;META;50370;URIBE;50370000;URIBE;CM;-74.351508;3.239634;2885.812744140625
50;META;50370;URIBE;50370001;LA JULIA;CP;-74.217743;2.988397;2829.00830078125
50;META;50370;URIBE;50370002;EL DIVISO;CP;-74.255581;3.110092;2856.138916015625
50;META;50400;LEJANÍAS;50400000;LEJANÍAS;CM;-74.02447;3.526355;2837.372802734375
50;META;50400;LEJANÍAS;50400001;CACAYAL;CP;-73.909916;3.475663;2816.7197265625
50;META;50400;LEJANÍAS;50400002;ANGOSTURAS DEL GUAPE;CP;-74.040689;3.554713;2841.803955078125
50;META;50450;PUERTO CONCORDIA;50450000;PUERTO CONCORDIA;CM;-72.760209;2.624006;2557.72314453125
50;META;50450;PUERTO CONCORDIA;50450001;EL PORORIO;CP;-72.809008;2.834167;2637.490234375
50;META;50450;PUERTO CONCORDIA;50450002;LINDENAI;CP;-72.722505;2.708824;2572.041748046875
50;META;50450;PUERTO CONCORDIA;50450003;SAN FERNANDO;CP;-72.583385;2.735817;2503.27099609375
50;META;50568;PUERTO GAITÁN;50568000;PUERTO GAITÁN;CM;-72.085275;4.315025;2102.236083984375
50;META;50568;PUERTO GAITÁN;50568001;DOMO PLANAS;CP;-71.326409;4.183085;1010.444396972656
50;META;50568;PUERTO GAITÁN;50568002;SAN PEDRO DE ARIMENA;CP;-71.621713;4.608114;1322.645874023438
50;META;50568;PUERTO GAITÁN;50568004;SAN MIGUEL;CP;-71.860014;4.509499;1599.986572265625
50;META;50568;PUERTO GAITÁN;50568005;EL PORVENIR;CP;-71.401836;4.73397;1087.139770507812
50;META;50568;PUERTO GAITÁN;50568006;PUERTO TRUJILLO;CP;-71.374263;3.485579;1090.925659179688
50;META;50568;PUERTO GAITÁN;50568007;PUENTE ARIMENA;CP;-71.578139;4.602487;1271.630615234375
50;META;50568;PUERTO GAITÁN;50568008;ALTO TILLAVÁ;CP;;;
50;META;50568;PUERTO GAITÁN;50568010;LA CRISTALINA;CP;-71.632876;4.263958;1340.99267578125
50;META;50568;PUERTO GAITÁN;50568012;MURUJUY;CP;-71.254823;4.370015;904.063720703125
50;META;50573;PUERTO LÓPEZ;50573000;PUERTO LÓPEZ;CM;-72.957324;4.09349;2818.549072265625
50;META;50573;PUERTO LÓPEZ;50573001;LA BALSA;CP;-73.047837;4.056797;2826.654052734375
50;META;50573;PUERTO LÓPEZ;50573003;PACHAQUIARO;CP;-73.174207;4.056161;2818.121826171875
50;META;50573;PUERTO LÓPEZ;50573004;ALTAMIRA;CP;-73.169731;3.758317;2766.081298828125
50;META;50573;PUERTO LÓPEZ;50573006;PUERTO GUADALUPE;CP;-72.459553;4.319387;2758.12060546875
50;META;50573;PUERTO LÓPEZ;50573007;PUERTO PORFÍA;CP;-73.029274;4.160105;2833.437255859375
50;META;50573;PUERTO LÓPEZ;50573008;REMOLINO;CP;-72.599333;4.284213;2797.667236328125
50;META;50573;PUERTO LÓPEZ;50573010;BOCAS DEL GUAYURIBA;CP;-73.097959;3.937706;2804.115478515625
50;META;50573;PUERTO LÓPEZ;50573011;GUICHIRAL;CP;-73.06832;4.144932;2823.1025390625
50;META;50573;PUERTO LÓPEZ;50573012;CHAVIVA;CP;-72.328274;4.357999;2700.387451171875
50;META;50573;PUERTO LÓPEZ;50573013;EL TIGRE;CP;-73.160576;4.13155;2822.955078125
50;META;50573;PUERTO LÓPEZ;50573015;PUEBLO NUEVO - GETSEMANÍ;CP;-72.333418;4.315705;2697.78271484375
50;META;50577;PUERTO LLERAS;50577000;PUERTO LLERAS;CM;-73.373743;3.269732;2719.438232421875
50;META;50577;PUERTO LLERAS;50577003;CASIBARE;CP;-72.984765;3.215447;2665.590087890625
50;META;50577;PUERTO LLERAS;50577004;CAÑO RAYADO;CP;-73.403308;3.164658;2708.154052734375
50;META;50577;PUERTO LLERAS;50577005;VILLA LA PAZ;CP;-73.370045;3.016625;2686.02490234375
50;META;50577;PUERTO LLERAS;50577006;TIERRA GRATA;CP;-73.228315;3.094654;2661.834716796875
50;META;50577;PUERTO LLERAS;50577007;LA UNIÓN;CP;-73.414244;3.217758;2727.11376953125
50;META;50577;PUERTO LLERAS;50577008;VILLA PALMERAS;CP;-73.080682;3.227301;2658.602783203125
50;META;50590;PUERTO RICO;50590000;PUERTO RICO;CM;-73.206314;2.939621;2662.266357421875
50;META;50590;PUERTO RICO;50590003;LA LINDOSA;CP;-72.959512;2.845885;2618.919677734375
50;META;50590;PUERTO RICO;50590004;BARRANCO COLORADO;CP;-73.111618;2.819375;2643.4599609375
50;META;50590;PUERTO RICO;50590005;PUERTO TOLEDO;CP;-73.423337;2.925247;2643.001220703125
50;META;50590;PUERTO RICO;50590006;CHARCO DANTO;CP;-72.910021;2.793534;2613.541259765625
50;META;50590;PUERTO RICO;50590007;LA TIGRA;CP;;;
50;META;50590;PUERTO RICO;50590008;PUERTO CHISPAS;CP;-72.996739;2.822352;2677.1240234375
50;META;50606;RESTREPO;50606000;RESTREPO;CM;-73.56497;4.260447;2849.96875
50;META;50680;SAN CARLOS DE GUAROA;50680000;SAN CARLOS DE GUAROA;CM;-73.242253;3.71065;2761.322265625
50;META;50680;SAN CARLOS DE GUAROA;50680001;PAJURE;CP;-73.126574;3.888905;2798.8955078125
50;META;50680;SAN CARLOS DE GUAROA;50680002;SURIMENA;CP;-73.313119;3.859903;2788.9716796875
50;META;50680;SAN CARLOS DE GUAROA;50680003;LA PALMERA;CP;-73.235548;3.916737;2793.10302734375
50;META;50683;SAN JUAN DE ARAMA;50683000;SAN JUAN DE ARAMA;CM;-73.875832;3.373728;2799.484619140625
50;META;50683;SAN JUAN DE ARAMA;50683001;EL VERGEL;CP;-73.980936;3.474799;2820.1953125
50;META;50683;SAN JUAN DE ARAMA;50683005;MESA FERNÁNDEZ;CP;-74.029587;3.456529;2835.600830078125
50;META;50683;SAN JUAN DE ARAMA;50683011;CERRITO;CP;-73.630326;3.217233;2721.734130859375
50;META;50683;SAN JUAN DE ARAMA;50683012;MIRAFLOREZ;CP;-73.8542;3.227288;2769.98046875
50;META;50683;SAN JUAN DE ARAMA;50683013;PEÑAS BLANCAS;CP;-73.900934;3.254308;2789.909423828125
50;META;50683;SAN JUAN DE ARAMA;50683015;BELLA VISTA;CP;-73.795975;3.399241;2768.158203125
50;META;50686;SAN JUANITO;50686000;SAN JUANITO;CM;-73.676699;4.458181;2885.11083984375
50;META;50686;SAN JUANITO;50686003;SAN JOSÉ;CP;-73.699003;4.402909;2878.772705078125
50;META;50689;SAN MARTÍN;50689000;SAN MARTÍN;CM;-73.695812;3.701899;2803.947265625
50;META;50689;SAN MARTÍN;50689001;EL MEREY;CP;-73.560859;3.730383;2794.97998046875
50;META;50689;SAN MARTÍN;50689006;EL PARAISO MEJOR VIVIR;CP;-73.667045;3.696828;2801.96826171875
50;META;50711;VISTAHERMOSA;50711000;VISTAHERMOSA;CM;-73.750911;3.125577;2737.428955078125
50;META;50711;VISTAHERMOSA;50711001;CAMPO ALEGRE;CP;-73.794673;3.21757;2743.734375
50;META;50711;VISTAHERMOSA;50711002;PIÑALITO;CP;-73.674694;2.97575;2718.829833984375
50;META;50711;VISTAHERMOSA;50711003;MARACAIBO;CP;-73.841018;3.015731;2747.79296875
50;META;50711;VISTAHERMOSA;50711004;CAÑO AMARILLO;CP;-73.829838;2.936318;2739.52197265625
50;META;50711;VISTAHERMOSA;50711005;PUERTO LUCAS MARGEN IZQUIERDO;CP;-73.77751;3.106375;2737.4892578125
50;META;50711;VISTAHERMOSA;50711006;PUERTO LUCAS MARGEN DERECHO;CP;-73.779554;3.10329;2737.554443359375
50;META;50711;VISTAHERMOSA;50711008;PUERTO ESPERANZA MARGEN IZQUIERDO;CP;-73.831811;3.172105;2749.251953125
50;META;50711;VISTAHERMOSA;50711012;COSTA RICA;CP;-73.879392;3.206427;2784.84130859375
50;META;50711;VISTAHERMOSA;50711014;PALESTINA;CP;-73.831648;3.086691;2745.205322265625
50;META;50711;VISTAHERMOSA;50711016;SANTO DOMINGO;CP;-73.804762;2.862486;2727.91552734375
50;META;50711;VISTAHERMOSA;50711017;TRES ESQUINAS;CP;;;
50;META;50711;VISTAHERMOSA;50711018;ALBANIA;CP;-73.808724;3.070094;2741.626708984375
50;META;50711;VISTAHERMOSA;50711021;LA REFORMA;CP;-73.777858;2.750123;2710.121337890625
50;META;50711;VISTAHERMOSA;50711022;PALMERAS;CP;-73.786724;2.804314;2719.162353515625
52;NARIÑO;52001;PASTO;52001000;SAN JUAN DE PASTO;CM;-77.278597;1.212022;2654.712158203125
52;NARIÑO;52001;PASTO;52001001;CATAMBUCO;CP;-77.297282;1.164726;2654.00439453125
52;NARIÑO;52001;PASTO;52001003;EL ENCANO;CP;-77.155667;1.161639;2679.537353515625
52;NARIÑO;52001;PASTO;52001004;GENOY;CP;-77.334896;1.268017;2662.846923828125
52;NARIÑO;52001;PASTO;52001005;LA LAGUNA;CP;-77.208099;1.203603;2666.9443359375
52;NARIÑO;52001;PASTO;52001007;OBONUCO;CP;-77.306807;1.190152;2655.23291015625
52;NARIÑO;52001;PASTO;52001008;SANTA BARBARA;CP;-77.304681;1.078965;2651.650634765625
52;NARIÑO;52001;PASTO;52001009;JONGOVITO;CP;-77.291572;1.191567;2654
52;NARIÑO;52001;PASTO;52001010;GUALMATÁN;CP;-77.315948;1.173042;2655.321533203125
52;NARIÑO;52001;PASTO;52001012;MAPACHICO - ATICANCE;CP;-77.321519;1.241495;2658.782958984375
52;NARIÑO;52001;PASTO;52001013;EL SOCORRO CIMARRÓN;CP;-77.260869;1.075486;2658.398681640625
52;NARIÑO;52001;PASTO;52001016;MOTILÓN;CP;-77.172269;1.118455;2670.24169921875
52;NARIÑO;52001;PASTO;52001019;CEROTAL;CP;-77.29051;1.044668;2648.819580078125
52;NARIÑO;52001;PASTO;52001021;LA VICTORIA;CP;-77.304757;1.112053;2653.325927734375
52;NARIÑO;52001;PASTO;52001024;SAN JOSÉ;CP;-77.147088;1.155311;2680.779296875
52;NARIÑO;52001;PASTO;52001025;EL PUERTO;CP;-77.152238;1.150735;2679.32470703125
52;NARIÑO;52001;PASTO;52001027;CABRERA;CP;-77.213658;1.215465;2666.233642578125
52;NARIÑO;52001;PASTO;52001029;DOLORES;CP;-77.238691;1.192764;2665.137939453125
52;NARIÑO;52001;PASTO;52001030;BUESAQUILLO;CP;-77.245481;1.204948;2663.119873046875
52;NARIÑO;52001;PASTO;52001033;CUJACAL;CP;-77.253606;1.226809;2660.425048828125
52;NARIÑO;52001;PASTO;52001036;TESCUAL;CP;-77.276278;1.235211;2655.282958984375
52;NARIÑO;52001;PASTO;52001039;ANGANOY;CP;-77.301779;1.213206;2655.4765625
52;NARIÑO;52001;PASTO;52001042;DAZA;CP;-77.276962;1.265734;2656.009521484375
52;NARIÑO;52001;PASTO;52001051;CUBIJAN BAJO;CP;-77.326273;1.143334;2653.99462890625
52;NARIÑO;52001;PASTO;52001052;SAN FERNANDO;CP;-77.221854;1.201426;2666
52;NARIÑO;52001;PASTO;52001053;MOCONDINO;CP;-77.252272;1.196518;2661.91259765625
52;NARIÑO;52001;PASTO;52001055;CANCHALA;CP;-77.25415;1.198667;2661.287841796875
52;NARIÑO;52001;PASTO;52001056;LOS ANGELES;CP;-77.2996;1.069401;2650.349853515625
52;NARIÑO;52001;PASTO;52001058;EL ROSARIO;CP;-77.259305;1.185516;2660.00244140625
52;NARIÑO;52001;PASTO;52001059;JAMONDINO;CP;-77.261475;1.183259;2659.068115234375
52;NARIÑO;52001;PASTO;52001063;BOTANILLA;CP;-77.288604;1.166665;2653.495849609375
52;NARIÑO;52001;PASTO;52001064;CHARGUAYACO;CP;-77.331311;1.259243;2661.12060546875
52;NARIÑO;52001;PASTO;52001065;CRUZ DE AMARILLO;CP;-77.304256;1.132024;2654
52;NARIÑO;52001;PASTO;52001066;EL CAMPANERO;CP;-77.261518;1.1347;2658.944580078125
52;NARIÑO;52001;PASTO;52001068;JURADO;CP;-77.278231;1.096622;2652.190673828125
52;NARIÑO;52001;PASTO;52001071;LA MERCED;CP;-77.305572;1.153511;2654.47509765625
52;NARIÑO;52001;PASTO;52001072;LAS ENCINAS;CP;-77.277983;1.044038;2650.312255859375
52;NARIÑO;52001;PASTO;52001073;MAPACHICO ALTO;CP;-77.3144;1.234491;2657.68359375
52;NARIÑO;52001;PASTO;52001074;MAPACHICO SAN JOSÉ;CP;-77.318008;1.237329;2658.05322265625
52;NARIÑO;52001;PASTO;52001076;SAN FRANCISCO;CP;-77.235263;1.233489;2664.14599609375
52;NARIÑO;52001;PASTO;52001078;SAN JUAN DE ANGANOY;CP;-77.306356;1.213762;2655.978759765625
52;NARIÑO;52001;PASTO;52001079;SANTA LUCÍA;CP;-77.180118;1.013395;2664.615966796875
52;NARIÑO;52001;PASTO;52001080;VILLA MARÍA;CP;-77.323157;1.252481;2659.194091796875
52;NARIÑO;52001;PASTO;52001086;GUALMATAN ALTO;CP;-77.323074;1.171066;2655.13818359375
52;NARIÑO;52001;PASTO;52001087;LA CALDERA;CP;-77.333313;1.33102;2665.629150390625
52;NARIÑO;52001;PASTO;52001089;PUERRES;CP;-77.25672;1.197246;2660.59814453125
52;NARIÑO;52019;ALBÁN;52019000;SAN JOSÉ;CM;-77.080712;1.474978;2694.19140625
52;NARIÑO;52019;ALBÁN;52019004;CAMPOBELLO;CP;-77.064432;1.491304;2699.025146484375
52;NARIÑO;52019;ALBÁN;52019009;CARMELO ASENTAMIENTO 1;CP;-77.076271;1.482934;2695.54541015625
52;NARIÑO;52019;ALBÁN;52019013;FÁTIMA;CP;-77.08129;1.484028;2694.084716796875
52;NARIÑO;52022;ALDANA;52022000;ALDANA;CM;-77.700564;0.882381;2581.745361328125
52;NARIÑO;52022;ALDANA;52022001;PAMBA ROSA;CP;-77.698507;0.873362;2581.10400390625
52;NARIÑO;52022;ALDANA;52022003;SAN LUIS;CP;-77.671545;0.862085;2577.415771484375
52;NARIÑO;52036;ANCUYA;52036000;ANCUYA;CM;-77.514512;1.263276;2629.597900390625
52;NARIÑO;52036;ANCUYA;52036017;INDO SANTA ROSA;CP;-77.542011;1.212185;2634.079833984375
52;NARIÑO;52051;ARBOLEDA;52051000;BERRUECOS;CM;-77.135467;1.503418;2687.58154296875
52;NARIÑO;52051;ARBOLEDA;52051005;EL EMPATE;CP;-77.105457;1.452863;2689.247314453125
52;NARIÑO;52051;ARBOLEDA;52051007;ROSA FLORIDA SUR - SECTOR LA CAPILLA;CP;-77.1104;1.455524;2688.930419921875
52;NARIÑO;52051;ARBOLEDA;52051012;ROSAFLORIDA NORTE;CP;-77.106155;1.462816;2689.411376953125
52;NARIÑO;52051;ARBOLEDA;52051015;EL PEDREGAL;CP;-77.09173;1.485669;2692.230224609375
52;NARIÑO;52079;BARBACOAS;52079000;BARBACOAS;CM;-78.139425;1.670423;2584.214599609375
52;NARIÑO;52079;BARBACOAS;52079001;ALTAQUER;CP;-78.092131;1.247604;2568.333740234375
52;NARIÑO;52079;BARBACOAS;52079003;CHALCHAL;CP;-78.045707;1.673281;2592.98291015625
52;NARIÑO;52079;BARBACOAS;52079005;DIAGUILLO;CP;-78.226036;1.570201;2573.993408203125
52;NARIÑO;52079;BARBACOAS;52079006;JUNÍN;CP;-78.118224;1.335285;2569.053466796875
52;NARIÑO;52079;BARBACOAS;52079009;LOS BRAZOS;CP;-78.21115;1.613904;2576.001953125
52;NARIÑO;52079;BARBACOAS;52079011;MONGÓN;CP;-78.087551;1.68597;2589.56103515625
52;NARIÑO;52079;BARBACOAS;52079013;PAMBANA;CP;-78.023607;1.667127;2596.748046875
52;NARIÑO;52079;BARBACOAS;52079014;SUCRE GUINULTE;CP;-77.981325;1.670807;2603.986328125
52;NARIÑO;52079;BARBACOAS;52079018;SAN MIGUEL NAMBÍ;CP;-78.01815;1.626242;2596.2333984375
52;NARIÑO;52079;BARBACOAS;52079020;TERAIMBE;CP;-78.101374;1.696408;2592.35546875
52;NARIÑO;52079;BARBACOAS;52079022;SAN JUAN PALACIO;CP;-78.220818;1.594101;2575.159912109375
52;NARIÑO;52079;BARBACOAS;52079023;ÑAMBÍ;CP;-78.013408;1.65963;2597.281982421875
52;NARIÑO;52079;BARBACOAS;52079024;CARGAZON;CP;-78.03561;1.664758;2594.96630859375
52;NARIÑO;52079;BARBACOAS;52079025;CASCAJERO;CP;-78.021063;1.625505;2596
52;NARIÑO;52079;BARBACOAS;52079026;EL DIVISO;CP;-78.194023;1.362377;2567
52;NARIÑO;52079;BARBACOAS;52079027;LA PLAYA;CP;-78.023954;1.626076;2595.692626953125
52;NARIÑO;52079;BARBACOAS;52079028;PAUNDE;CP;-78.044839;1.677401;2593.45361328125
52;NARIÑO;52079;BARBACOAS;52079029;SALÍ;CP;-77.976865;1.684561;2606.04638671875
52;NARIÑO;52079;BARBACOAS;52079030;YALARE;CP;-78.025378;1.639483;2595.9580078125
52;NARIÑO;52079;BARBACOAS;52079035;PALO SECO;CP;-78.225415;1.731972;2584.220947265625
52;NARIÑO;52083;BELÉN;52083000;BELÉN;CM;-77.015621;1.595719;2711.189453125
52;NARIÑO;52083;BELÉN;52083001;SANTA ROSA;CP;-77.066867;1.624414;2702.496826171875
52;NARIÑO;52110;BUESACO;52110000;BUESACO;CM;-77.156463;1.381453;2680.1123046875
52;NARIÑO;52110;BUESACO;52110001;PALASINOY;CP;-77.072099;1.388523;2695.152587890625
52;NARIÑO;52110;BUESACO;52110002;ROSAL DEL MONTE;CP;-77.174894;1.290206;2674.5029296875
52;NARIÑO;52110;BUESACO;52110003;SAN ANTONIO;CP;-77.235724;1.3972;2668.635498046875
52;NARIÑO;52110;BUESACO;52110004;SAN IGNACIO;CP;-77.139219;1.301272;2686.277099609375
52;NARIÑO;52110;BUESACO;52110005;SANTAFÉ;CP;-77.043272;1.35962;2699.98046875
52;NARIÑO;52110;BUESACO;52110006;SANTAMARÍA;CP;-77.12431;1.401885;2685.24658203125
52;NARIÑO;52110;BUESACO;52110007;VILLAMORENO;CP;-77.198934;1.323449;2669.31298828125
52;NARIÑO;52110;BUESACO;52110008;VERACRUZ;CP;-77.164375;1.363966;2677.708251953125
52;NARIÑO;52110;BUESACO;52110009;ALTACLARA;CP;-77.076687;1.349028;2691.420166015625
52;NARIÑO;52110;BUESACO;52110022;JUANAMBÚ;CP;-77.119103;1.418276;2686.39013671875
52;NARIÑO;52110;BUESACO;52110030;SAN MIGUEL SANTAFÉ;CP;-77.050125;1.378723;2699.342529296875
52;NARIÑO;52203;COLÓN;52203000;GÉNOVA;CM;-77.019777;1.643878;2720.8896484375
52;NARIÑO;52203;COLÓN;52203001;GUAITARILLA;CP;-77.041971;1.668417;2727.22119140625
52;NARIÑO;52203;COLÓN;52203002;LA PLATA;CP;-77.091145;1.64011;2690.591064453125
52;NARIÑO;52203;COLÓN;52203004;VILLANUEVA;CP;-77.059964;1.663694;2714.753173828125
52;NARIÑO;52207;CONSACÁ;52207000;CONSACÁ;CM;-77.465103;1.207635;2618.571044921875
52;NARIÑO;52207;CONSACÁ;52207004;BOMBONA;CP;-77.463297;1.19677;2617.609375
52;NARIÑO;52207;CONSACÁ;52207013;EL HATILLO;CP;-77.496277;1.249194;2625.76123046875
52;NARIÑO;52207;CONSACÁ;52207023;RUMIPAMBA;CP;-77.488079;1.231808;2622.77490234375
52;NARIÑO;52210;CONTADERO;52210000;CONTADERO;CM;-77.549409;0.910458;2605.765625
52;NARIÑO;52210;CONTADERO;52210001;ALDEA DE MARÍA;CP;-77.529669;0.91554;2607.470458984375
52;NARIÑO;52210;CONTADERO;52210002;LA JOSEFINA;CP;-77.493196;0.928905;2606.686767578125
52;NARIÑO;52215;CÓRDOBA;52215000;CÓRDOBA;CM;-77.517897;0.854564;2606.982421875
52;NARIÑO;52215;CÓRDOBA;52215001;LOS ARRAYANES;CP;-77.546702;0.860455;2604.333251953125
52;NARIÑO;52215;CÓRDOBA;52215004;SANTANDER;CP;-77.534009;0.874241;2606.0927734375
52;NARIÑO;52215;CÓRDOBA;52215005;PUEBLO BAJO;CP;-77.515796;0.862573;2607
52;NARIÑO;52224;CUASPUD CARLOSAMA;52224000;CARLOSAMA;CM;-77.728947;0.862978;2587.49267578125
52;NARIÑO;52224;CUASPUD CARLOSAMA;52224001;MACAS;CP;-77.723737;0.889603;2587.59130859375
52;NARIÑO;52227;CUMBAL;52227000;CUMBAL;CM;-77.792279;0.906301;2594.457275390625
52;NARIÑO;52227;CUMBAL;52227001;CHILES;CP;-77.847456;0.812463;2570.732421875
52;NARIÑO;52227;CUMBAL;52227004;PANÁN;CP;-77.821229;0.840823;2578.463623046875
52;NARIÑO;52227;CUMBAL;52227006;NAZATE;CP;-77.839299;0.822743;2573.052978515625
52;NARIÑO;52227;CUMBAL;52227009;EL CHOTA;CP;-77.798595;0.893286;2592.31640625
52;NARIÑO;52227;CUMBAL;52227010;LA POMA;CP;-77.808659;0.851029;2585.15185546875
52;NARIÑO;52233;CUMBITARA;52233000;CUMBITARA;CM;-77.578616;1.647163;2646.18994140625
52;NARIÑO;52233;CUMBITARA;52233001;DAMASCO;CP;-77.638075;1.74566;2645.01318359375
52;NARIÑO;52233;CUMBITARA;52233002;EL DESIERTO;CP;-77.585987;1.697563;2651.03759765625
52;NARIÑO;52233;CUMBITARA;52233003;PISANDA;CP;-77.500816;1.650093;2657.7353515625
52;NARIÑO;52233;CUMBITARA;52233004;SIDÓN;CP;-77.628332;1.818541;2650.35986328125
52;NARIÑO;52233;CUMBITARA;52233007;LA ESPERANZA;CP;-77.552046;1.715339;2652.7861328125
52;NARIÑO;52233;CUMBITARA;52233008;SANTA ROSA;CP;-77.621877;1.765815;2650.37353515625
52;NARIÑO;52233;CUMBITARA;52233011;SANTA ANA;CP;-77.607637;1.792271;2654.270751953125
52;NARIÑO;52233;CUMBITARA;52233012;CAMPO BELLO;CP;-77.541297;1.698257;2653.114501953125
52;NARIÑO;52240;CHACHAGÜÍ;52240000;CHACHAGÜÍ;CM;-77.281701;1.360328;2659.037353515625
52;NARIÑO;52240;CHACHAGÜÍ;52240001;ARIZONA;CP;-77.282554;1.41806;2661.453857421875
52;NARIÑO;52240;CHACHAGÜÍ;52240002;AGRARIO;CP;-77.285026;1.382469;2660.559814453125
52;NARIÑO;52240;CHACHAGÜÍ;52240003;CAÑO ALTO;CP;-77.287428;1.397267;2661.04296875
52;NARIÑO;52240;CHACHAGÜÍ;52240004;CAÑO BAJO;CP;-77.287488;1.414694;2661.822509765625
52;NARIÑO;52240;CHACHAGÜÍ;52240005;CHORRILLO;CP;-77.283906;1.374343;2659.97412109375
52;NARIÑO;52240;CHACHAGÜÍ;52240006;GUAIRABAMBA;CP;-77.281944;1.394308;2660.742431640625
52;NARIÑO;52240;CHACHAGÜÍ;52240008;LA LOMA;CP;-77.282331;1.369662;2659.541259765625
52;NARIÑO;52240;CHACHAGÜÍ;52240011;SANTA MÓNICA;CP;-77.288311;1.383656;2660.917724609375
52;NARIÑO;52240;CHACHAGÜÍ;52240012;COCHA CANO;CP;-77.290129;1.38973;2661.16748046875
52;NARIÑO;52240;CHACHAGÜÍ;52240013;PEDREGAL;CP;-77.286122;1.399974;2661.03173828125
52;NARIÑO;52250;EL CHARCO;52250000;EL CHARCO;CM;-78.109865;2.477545;2622.107421875
52;NARIÑO;52250;EL CHARCO;52250003;SAN PEDRO;CP;-78.061388;2.427308;2626.947998046875
52;NARIÑO;52250;EL CHARCO;52250022;EL CUIL;CP;-78.130534;2.101754;2607.71728515625
52;NARIÑO;52250;EL CHARCO;52250023;BAZÁN;CP;-78.135594;2.660889;2619.948486328125
52;NARIÑO;52254;EL PEÑOL;52254000;EL PEÑOL;CM;-77.437859;1.452893;2663.121826171875
52;NARIÑO;52254;EL PEÑOL;52254001;LAS COCHAS;CP;;;
52;NARIÑO;52254;EL PEÑOL;52254002;SAN FRANCISCO;CP;-77.421257;1.469;2675.974365234375
52;NARIÑO;52254;EL PEÑOL;52254003;PEÑOL VIEJO;CP;-77.449441;1.466432;2656.528564453125
52;NARIÑO;52254;EL PEÑOL;52254004;SAN FRANCISCO BAJO;CP;-77.420983;1.472171;2676.2822265625
52;NARIÑO;52256;EL ROSARIO;52256000;EL ROSARIO;CM;-77.334566;1.742476;2679.79248046875
52;NARIÑO;52256;EL ROSARIO;52256003;LA ESMERALDA;CP;-77.37064;1.868914;2681
52;NARIÑO;52256;EL ROSARIO;52256004;LA SIERRA;CP;-77.371268;1.725249;2682.9775390625
52;NARIÑO;52256;EL ROSARIO;52256008;EL VADO;CP;-77.302155;1.780918;2676.073486328125
52;NARIÑO;52256;EL ROSARIO;52256012;MARTÍN PÉREZ;CP;-77.315349;1.824865;2678.001220703125
52;NARIÑO;52256;EL ROSARIO;52256024;EL RINCÓN;CP;-77.379819;1.762092;2681.897216796875
52;NARIÑO;52256;EL ROSARIO;52256025;EL SUSPIRO;CP;-77.387175;1.751717;2681.986328125
52;NARIÑO;52258;EL TABLÓN DE GÓMEZ;52258000;EL TABLÓN DE GÓMEZ;CM;-77.097101;1.427277;2689.8916015625
52;NARIÑO;52258;EL TABLÓN DE GÓMEZ;52258001;APONTE;CP;-77.026392;1.395562;2700.019287109375
52;NARIÑO;52258;EL TABLÓN DE GÓMEZ;52258002;LA CUEVA;CP;-77.071071;1.416792;2695.448486328125
52;NARIÑO;52258;EL TABLÓN DE GÓMEZ;52258003;LAS MESAS;CP;-77.019033;1.477576;2703.037109375
52;NARIÑO;52258;EL TABLÓN DE GÓMEZ;52258005;LA VICTORIA;CP;-77.072506;1.424258;2695.120361328125
52;NARIÑO;52258;EL TABLÓN DE GÓMEZ;52258015;SAN RAFAEL;CP;-77.024351;1.467953;2703.24951171875
52;NARIÑO;52260;EL TAMBO;52260000;EL TAMBO;CM;-77.390774;1.407914;2675.464111328125
52;NARIÑO;52287;FUNES;52287000;FUNES;CM;-77.448913;1.001159;2608.62158203125
52;NARIÑO;52287;FUNES;52287001;CHAPAL;CP;-77.457458;0.939693;2606.70361328125
52;NARIÑO;52317;GUACHUCAL;52317000;GUACHUCAL;CM;-77.731589;0.959744;2593.044189453125
52;NARIÑO;52317;GUACHUCAL;52317001;COLIMBA;CP;-77.760239;1.009304;2596.8544921875
52;NARIÑO;52317;GUACHUCAL;52317002;EL CONSUELO DE CHILLANQUER;CP;-77.658947;0.997106;2581.59521484375
52;NARIÑO;52317;GUACHUCAL;52317003;SAN DIEGO DE MUELLAMUES;CP;-77.771465;0.956401;2596.644775390625
52;NARIÑO;52317;GUACHUCAL;52317004;SAN JOSÉ DE CHILLANQUER;CP;-77.64868;0.982615;2580.767333984375
52;NARIÑO;52317;GUACHUCAL;52317005;LA VICTORIA;CP;-77.719358;0.965131;2591.072509765625
52;NARIÑO;52317;GUACHUCAL;52317007;ARVELA;CP;-77.67693;0.978354;2583.222900390625
52;NARIÑO;52317;GUACHUCAL;52317008;QUETAMBÚD;CP;-77.758905;1.021038;2597.63623046875
52;NARIÑO;52320;GUAITARILLA;52320000;GUAITARILLA;CM;-77.549818;1.129567;2624.9052734375
52;NARIÑO;52320;GUAITARILLA;52320016;EL ROSAL;CP;-77.545945;1.138387;2625.6611328125
52;NARIÑO;52323;GUALMATÁN;52323000;GUALMATÁN;CM;-77.566815;0.919803;2603.414794921875
52;NARIÑO;52323;GUALMATÁN;52323001;CUATIS;CP;-77.586771;0.911329;2597.72265625
52;NARIÑO;52352;ILES;52352000;ILES;CM;-77.521227;0.96952;2609.00390625
52;NARIÑO;52352;ILES;52352003;SAN FRANCISCO;CP;-77.544765;0.993896;2612.973388671875
52;NARIÑO;52352;ILES;52352006;EL CAPULI;CP;-77.477874;1.006398;2604.178955078125
52;NARIÑO;52352;ILES;52352009;EL PORVENIR;CP;-77.482231;1.023225;2605.502197265625
52;NARIÑO;52352;ILES;52352010;EL PORVENIR 1;CP;-77.478698;1.021512;2604.71533203125
52;NARIÑO;52354;IMUÉS;52354000;IMUÉS;CM;-77.496063;1.054815;2610.600341796875
52;NARIÑO;52354;IMUÉS;52354002;PILCUAN LA RECTA;CP;-77.466912;1.027838;2604.654296875
52;NARIÑO;52354;IMUÉS;52354004;PILCUAN VIEJO;CP;-77.474619;1.023474;2604.257568359375
52;NARIÑO;52354;IMUÉS;52354007;EL PEDREGAL;CP;-77.452577;1.052527;2608.30517578125
52;NARIÑO;52354;IMUÉS;52354012;SANTA ANA;CP;-77.557915;1.084383;2619.5537109375
52;NARIÑO;52356;IPIALES;52356000;IPIALES;CM;-77.646367;0.827732;2576.489013671875
52;NARIÑO;52356;IPIALES;52356001;LA VICTORIA;CP;-77.536375;0.67097;2608.86474609375
52;NARIÑO;52356;IPIALES;52356002;LAS LAJAS;CP;-77.584004;0.80749;2593.35302734375
52;NARIÑO;52356;IPIALES;52356003;SAN JUAN;CP;-77.547194;0.892835;2605.21435546875
52;NARIÑO;52356;IPIALES;52356004;YARAMAL;CP;-77.64235;0.770304;2574.768310546875
52;NARIÑO;52356;IPIALES;52356005;LOMAS DE SURAS;CP;-77.561651;0.892294;2602.7802734375
52;NARIÑO;52356;IPIALES;52356008;ZAGUARÁN;CP;-77.604768;0.809848;2587.334228515625
52;NARIÑO;52356;IPIALES;52356009;LAS CRUCES;CP;-77.587586;0.842565;2593.919921875
52;NARIÑO;52356;IPIALES;52356011;EL PLACER;CP;-77.613008;0.818318;2585.033935546875
52;NARIÑO;52356;IPIALES;52356012;LOS CHILCOS;CP;-77.60273;0.830372;2588.923095703125
52;NARIÑO;52356;IPIALES;52356013;YANALA;CP;-77.569543;0.874265;2600.350341796875
52;NARIÑO;52356;IPIALES;52356014;JARDINES DE SUCUMBIOS;CP;-77.154794;0.476963;2654.894775390625
52;NARIÑO;52378;LA CRUZ;52378000;LA CRUZ;CM;-76.970504;1.601318;2710.00439453125
52;NARIÑO;52378;LA CRUZ;52378005;SAN GERARDO;CP;-76.939998;1.625695;2715
52;NARIÑO;52378;LA CRUZ;52378009;TAJUMBINA;CP;-76.938317;1.570338;2713.27783203125
52;NARIÑO;52378;LA CRUZ;52378013;CABUYALES;CP;-76.976245;1.652703;2711.452880859375
52;NARIÑO;52378;LA CRUZ;52378017;LA ESTANCIA;CP;-76.961656;1.580421;2711.643310546875
52;NARIÑO;52381;LA FLORIDA;52381000;LA FLORIDA;CM;-77.407372;1.299257;2657.700927734375
52;NARIÑO;52381;LA FLORIDA;52381001;MATITUY;CP;-77.337028;1.370892;2668.895751953125
52;NARIÑO;52381;LA FLORIDA;52381002;ROBLES;CP;-77.421193;1.348521;2659.109375
52;NARIÑO;52381;LA FLORIDA;52381003;TUNJA LA GRANDE;CP;-77.31964;1.354205;2663.265869140625
52;NARIÑO;52381;LA FLORIDA;52381008;EL RODEO;CP;-77.428119;1.30951;2649.2216796875
52;NARIÑO;52381;LA FLORIDA;52381011;ACHUPAYAS;CP;-77.419814;1.341306;2658.511962890625
52;NARIÑO;52381;LA FLORIDA;52381012;PANCHINDO;CP;-77.407223;1.29248;2656.94140625
52;NARIÑO;52385;LA LLANADA;52385000;LA LLANADA;CM;-77.58091;1.472892;2635.439453125
52;NARIÑO;52385;LA LLANADA;52385001;VERGEL;CP;-77.641572;1.531462;2627.069580078125
52;NARIÑO;52385;LA LLANADA;52385015;BOLIVAR;CP;-77.588505;1.448089;2632.828369140625
52;NARIÑO;52390;LA TOLA;52390000;LA TOLA;CM;-78.189821;2.399689;2603.81201171875
52;NARIÑO;52390;LA TOLA;52390003;VIGIA DE LA MAR;CP;-78.301651;2.63976;2600.011474609375
52;NARIÑO;52390;LA TOLA;52390007;PIOJA;CP;-78.18791;2.452904;2605.171142578125
52;NARIÑO;52390;LA TOLA;52390008;PANGAMOSA;CP;-78.214586;2.545226;2595.475830078125
52;NARIÑO;52390;LA TOLA;52390009;MULATOS;CP;-78.285639;2.654361;2599.774169921875
52;NARIÑO;52390;LA TOLA;52390012;NERETE;CP;-78.209081;2.406916;2597.056884765625
52;NARIÑO;52390;LA TOLA;52390013;AMARALES;CP;-78.241406;2.662244;2600.258544921875
52;NARIÑO;52390;LA TOLA;52390014;BAJO PALOMINO;CP;-78.225574;2.623544;2595.28759765625
52;NARIÑO;52390;LA TOLA;52390015;PUEBLITO;CP;-78.247357;2.535445;2589.5693359375
52;NARIÑO;52390;LA TOLA;52390016;SAN PABLO MAR;CP;-78.2391;2.537257;2589
52;NARIÑO;52399;LA UNIÓN;52399000;LA UNIÓN;CM;-77.131316;1.600219;2693.614501953125
52;NARIÑO;52399;LA UNIÓN;52399001;SANTANDER;CP;-77.104555;1.6487;2691.4765625
52;NARIÑO;52399;LA UNIÓN;52399003;LA CALDERA;CP;-77.137657;1.630894;2695.0673828125
52;NARIÑO;52399;LA UNIÓN;52399012;LA PLAYA;CP;-77.156168;1.631179;2693.9091796875
52;NARIÑO;52399;LA UNIÓN;52399018;OLIVOS;CP;-77.21198;1.656752;2681.063720703125
52;NARIÑO;52399;LA UNIÓN;52399029;LA BETULIA;CP;-77.134177;1.612543;2694.342529296875
52;NARIÑO;52399;LA UNIÓN;52399030;QUIROZ ALTO;CP;-77.174403;1.623792;2690.976806640625
52;NARIÑO;52399;LA UNIÓN;52399035;EL MANGO;CP;-77.105404;1.651826;2691.93798828125
52;NARIÑO;52399;LA UNIÓN;52399036;LA BETULIA BAJO;CP;-77.137046;1.616565;2694.281005859375
52;NARIÑO;52405;LEIVA;52405000;LEIVA;CM;-77.306135;1.934453;2682.25830078125
52;NARIÑO;52405;LEIVA;52405001;EL PALMAR;CP;-77.351399;1.930579;2683.761474609375
52;NARIÑO;52405;LEIVA;52405002;LAS DELICIAS;CP;-77.270175;1.975697;2687.887939453125
52;NARIÑO;52405;LEIVA;52405006;PUERTO NUEVO;CP;-77.246885;1.906089;2687.05908203125
52;NARIÑO;52405;LEIVA;52405007;SANTA LUCÍA;CP;-77.273448;1.889465;2680.39111328125
52;NARIÑO;52405;LEIVA;52405008;LA FLORIDA;CP;-77.315969;1.91951;2681.52197265625
52;NARIÑO;52405;LEIVA;52405009;EL TABLÓN;CP;-77.379548;1.881342;2680.919921875
52;NARIÑO;52405;LEIVA;52405014;VILLA BAJA;CP;-77.351126;1.956261;2685.070556640625
52;NARIÑO;52411;LINARES;52411000;LINARES;CM;-77.522039;1.351193;2639.972900390625
52;NARIÑO;52411;LINARES;52411001;SAN FRANCISCO;CP;-77.529887;1.332698;2641.95947265625
52;NARIÑO;52411;LINARES;52411002;TABILES;CP;-77.54603;1.393999;2642.616455078125
52;NARIÑO;52411;LINARES;52411003;TAMBILLO BRAVOS;CP;-77.522187;1.411983;2642.84619140625
52;NARIÑO;52411;LINARES;52411004;BELLA FLORIDA;CP;-77.533107;1.420268;2643.462646484375
52;NARIÑO;52411;LINARES;52411005;ARBOLEDAS;CP;-77.533305;1.343951;2644.284423828125
52;NARIÑO;52411;LINARES;52411006;BELLA VISTA;CP;-77.515274;1.341536;2636.808349609375
52;NARIÑO;52418;LOS ANDES;52418000;SOTOMAYOR;CM;-77.521303;1.494587;2643.249267578125
52;NARIÑO;52427;MAGÜÍ;52427000;PAYÁN;CM;-78.183024;1.76523;2578.020751953125
52;NARIÑO;52427;MAGÜÍ;52427003;NANSALBID;CP;-78.11669;1.872203;2602.916748046875
52;NARIÑO;52427;MAGÜÍ;52427005;GUILPI PIRAGUA;CP;-78.23371;1.871403;2592.4013671875
52;NARIÑO;52427;MAGÜÍ;52427006;RICAURTE;CP;-78.084073;1.909515;2600.96630859375
52;NARIÑO;52427;MAGÜÍ;52427015;BRISAS DE HAMBURGO;CP;-78.221357;1.827014;2584.759521484375
52;NARIÑO;52427;MAGÜÍ;52427016;BELLA VISTA;CP;-78.182371;1.832208;2581.16357421875
52;NARIÑO;52427;MAGÜÍ;52427017;CAMPO ALEGRE;CP;-78.196779;1.844795;2580.621826171875
52;NARIÑO;52435;MALLAMA;52435000;PIEDRANCHA;CM;-77.864549;1.141037;2585.9228515625
52;NARIÑO;52435;MALLAMA;52435002;CHUCUNES;CP;-77.972346;1.190502;2578.7744140625
52;NARIÑO;52435;MALLAMA;52435008;SAN MIGUEL;CP;-77.949894;1.18905;2581.4462890625
52;NARIÑO;52435;MALLAMA;52435009;EL CARMELO;CP;-77.871513;1.14997;2585.989501953125
52;NARIÑO;52435;MALLAMA;52435010;EL ARCO;CP;-77.876842;1.156465;2585.87158203125
52;NARIÑO;52435;MALLAMA;52435011;EL ARENAL;CP;-77.97575;1.196322;2578.473876953125
52;NARIÑO;52473;MOSQUERA;52473000;MOSQUERA;CM;-78.452992;2.507139;2585
52;NARIÑO;52473;MOSQUERA;52473001;COCALITO JIMÉNEZ (GABRIEL TURBAY);CP;-78.533718;2.450166;2577
52;NARIÑO;52473;MOSQUERA;52473004;COCAL DE LOS PAYANES;CP;-78.342468;2.523463;2598.234619140625
52;NARIÑO;52473;MOSQUERA;52473006;FIRME CIFUENTES;CP;-78.402382;2.570777;2589.904541015625
52;NARIÑO;52473;MOSQUERA;52473007;BOCAS DE GUANDIPA;CP;-78.499306;2.279259;2577
52;NARIÑO;52473;MOSQUERA;52473008;PUEBLO NUEVO;CP;-78.451425;2.24645;2576.90576171875
52;NARIÑO;52473;MOSQUERA;52473009;EL GARCERO;CP;-78.344515;2.528272;2598.38916015625
52;NARIÑO;52473;MOSQUERA;52473010;EL BAJITO DE ECHANDÍA;CP;-78.333673;2.613282;2603.000732421875
52;NARIÑO;52473;MOSQUERA;52473014;PAMPA CHAPILA;CP;-78.403802;2.487946;2587.78369140625
52;NARIÑO;52473;MOSQUERA;52473015;PLAYA NUEVA;CP;-78.384837;2.577836;2593.263427734375
52;NARIÑO;52473;MOSQUERA;52473018;EL TORTUGO;CP;-78.417018;2.531222;2586.5068359375
52;NARIÑO;52473;MOSQUERA;52473026;EL CANTIL;CP;-78.397478;2.56795;2590.92333984375
52;NARIÑO;52473;MOSQUERA;52473027;EL NARANJO;CP;-78.33142;2.649803;2604.368408203125
52;NARIÑO;52473;MOSQUERA;52473033;PAMPA QUIÑONES;CP;-78.400417;2.49024;2588.39111328125
52;NARIÑO;52480;NARIÑO;52480000;NARIÑO;CM;-77.357972;1.288979;2670.740966796875
52;NARIÑO;52490;OLAYA HERRERA;52490000;BOCAS DE SATINGA;CM;-78.325814;2.347457;2584.256591796875
52;NARIÑO;52490;OLAYA HERRERA;52490003;EL CARMEN;CP;-78.269408;2.52573;2596.65625
52;NARIÑO;52490;OLAYA HERRERA;52490008;SAN JOSÉ CALABAZAL;CP;-78.258337;2.446093;2593.698974609375
52;NARIÑO;52490;OLAYA HERRERA;52490011;ALTO ZAPANQUE;CP;-78.261089;2.37779;2597.00146484375
52;NARIÑO;52490;OLAYA HERRERA;52490012;BAJO ZAPANQUE;CP;-78.261738;2.388429;2597.054443359375
52;NARIÑO;52490;OLAYA HERRERA;52490013;LA TOLITA;CP;-78.284403;2.479215;2598.97802734375
52;NARIÑO;52490;OLAYA HERRERA;52490014;ZAPOTAL;CP;-78.263784;2.447305;2595.813232421875
52;NARIÑO;52490;OLAYA HERRERA;52490015;BOCA DE VIBORA;CP;-78.30958;2.34032;2589.2890625
52;NARIÑO;52490;OLAYA HERRERA;52490016;EL NATO;CP;-78.310935;2.342816;2588.72412109375
52;NARIÑO;52490;OLAYA HERRERA;52490017;CAROLINA;CP;-78.330463;2.350268;2583.4970703125
52;NARIÑO;52490;OLAYA HERRERA;52490018;LAS PALMAS;CP;-78.313389;2.344792;2587.94775390625
52;NARIÑO;52490;OLAYA HERRERA;52490019;SAMARITANO;CP;-78.326412;2.360387;2584.7109375
52;NARIÑO;52490;OLAYA HERRERA;52490020;SANTAMARIA;CP;-78.317178;2.346701;2586.62744140625
52;NARIÑO;52506;OSPINA;52506000;OSPINA;CM;-77.566082;1.058433;2615.936279296875
52;NARIÑO;52506;OSPINA;52506002;SAN ISIDRO;CP;-77.56106;1.018762;2613.772705078125
52;NARIÑO;52506;OSPINA;52506005;CUNCHILA O MORENO;CP;-77.580489;1.042824;2609.48095703125
52;NARIÑO;52520;FRANCISCO PIZARRO;52520000;SALAHONDA;CM;-78.658361;2.040629;2565.0146484375
52;NARIÑO;52520;FRANCISCO PIZARRO;52520007;BOCAS DE CURAY;CP;-78.55429;1.900386;2564.999755859375
52;NARIÑO;52520;FRANCISCO PIZARRO;52520011;LUIS AVELINO PÉREZ;CP;-78.555466;2.164869;2575.316162109375
52;NARIÑO;52520;FRANCISCO PIZARRO;52520012;LA PLAYA;CP;-78.669372;2.041601;2562.6748046875
52;NARIÑO;52520;FRANCISCO PIZARRO;52520015;OLIVO CURAY;CP;-78.571308;1.901432;2565.121337890625
52;NARIÑO;52520;FRANCISCO PIZARRO;52520016;SANDER CURAY;CP;-78.580744;1.89893;2565.9130859375
52;NARIÑO;52520;FRANCISCO PIZARRO;52520017;SOLEDAD CURAY I;CP;-78.584797;1.897404;2565.989501953125
52;NARIÑO;52520;FRANCISCO PIZARRO;52520018;SOLEDAD CURAY II;CP;-78.588433;1.895108;2566.005859375
52;NARIÑO;52540;POLICARPA;52540000;POLICARPA;CM;-77.459265;1.628139;2660.140869140625
52;NARIÑO;52540;POLICARPA;52540001;ALTAMIRA;CP;-77.387015;1.669105;2683.1982421875
52;NARIÑO;52540;POLICARPA;52540002;MADRIGAL;CP;-77.508289;1.74899;2665.414306640625
52;NARIÑO;52540;POLICARPA;52540003;SAN ROQUE (BUENAVISTA);CP;;;
52;NARIÑO;52540;POLICARPA;52540004;SÁNCHEZ;CP;;;
52;NARIÑO;52540;POLICARPA;52540005;EL EJIDO;CP;-77.511754;1.717437;2662.05517578125
52;NARIÑO;52540;POLICARPA;52540006;SANTA CRUZ;CP;;;
52;NARIÑO;52540;POLICARPA;52540007;RESTREPO;CP;-77.461002;1.67606;2660.1318359375
52;NARIÑO;52540;POLICARPA;52540008;EL CERRO;CP;-77.483746;1.679498;2660.215576171875
52;NARIÑO;52540;POLICARPA;52540009;LA VEGA;CP;-77.480756;1.668037;2659.856689453125
52;NARIÑO;52540;POLICARPA;52540010;SAN PABLO;CP;-77.459649;1.722976;2661.9443359375
52;NARIÑO;52560;POTOSÍ;52560000;POTOSÍ;CM;-77.572792;0.806342;2596.93115234375
52;NARIÑO;52560;POTOSÍ;52560001;CÁRDENAS;CP;-77.615547;0.752602;2580.582275390625
52;NARIÑO;52560;POTOSÍ;52560002;BAJO SINAÍ;CP;-77.521691;0.818787;2606
52;NARIÑO;52560;POTOSÍ;52560006;SAN PEDRO;CP;-77.56169;0.828912;2600.521728515625
52;NARIÑO;52565;PROVIDENCIA;52565000;PROVIDENCIA;CM;-77.596794;1.237814;2609.424072265625
52;NARIÑO;52565;PROVIDENCIA;52565001;GUADRAHUMA;CP;-77.611209;1.299429;2609.736572265625
52;NARIÑO;52573;PUERRES;52573000;PUERRES;CM;-77.504211;0.885125;2607
52;NARIÑO;52573;PUERRES;52573002;MONOPAMBA;CP;-77.305689;0.805873;2636.008544921875
52;NARIÑO;52573;PUERRES;52573003;SAN MATEO;CP;-77.479455;0.914061;2605
52;NARIÑO;52573;PUERRES;52573005;MAICIRA;CP;-77.509192;0.908947;2607.556640625
52;NARIÑO;52573;PUERRES;52573006;EL LLANO;CP;-77.518049;0.8937;2607
52;NARIÑO;52573;PUERRES;52573010;SAN MIGUEL;CP;-77.487379;0.916649;2605.8076171875
52;NARIÑO;52573;PUERRES;52573013;YANALE;CP;-77.508092;0.897368;2607
52;NARIÑO;52573;PUERRES;52573014;LOS ALIZALES;CP;-77.324218;0.803648;2631.888916015625
52;NARIÑO;52585;PUPIALES;52585000;PUPIALES;CM;-77.633504;0.86714;2580.32861328125
52;NARIÑO;52585;PUPIALES;52585004;JOSÉ MARÍA HERNÁNDEZ;CP;-77.60821;0.904162;2590.523193359375
52;NARIÑO;52612;RICAURTE;52612000;RICAURTE;CM;-77.995153;1.212492;2574.59375
52;NARIÑO;52612;RICAURTE;52612003;OSPINA PÉREZ;CP;-78.040427;1.224239;2571.565673828125
52;NARIÑO;52612;RICAURTE;52612004;SAN ISIDRO;CP;-77.971274;1.181514;2578.328857421875
52;NARIÑO;52612;RICAURTE;52612008;CHAMBU;CP;-78.009904;1.222247;2571.998291015625
52;NARIÑO;52612;RICAURTE;52612011;SAN FRANCISCO;CP;-77.977818;1.200911;2578.417724609375
52;NARIÑO;52612;RICAURTE;52612012;VILLA NUEVA;CP;-77.985639;1.206256;2576.935302734375
52;NARIÑO;52612;RICAURTE;52612013;PALMAR;CP;-78.025912;1.229015;2571.0224609375
52;NARIÑO;52621;ROBERTO PAYÁN;52621000;SAN JOSÉ;CM;-78.245716;1.697492;2581.30029296875
52;NARIÑO;52621;ROBERTO PAYÁN;52621009;LAS LAJAS PUMBI;CP;-78.356454;1.86174;2573.823486328125
52;NARIÑO;52621;ROBERTO PAYÁN;52621016;SAN ANTONIO - BOCA TELEMBI;CP;-78.267788;1.826138;2588.079345703125
52;NARIÑO;52621;ROBERTO PAYÁN;52621028;LAS MERCEDES - CHIMBUZA;CP;-78.402733;1.913937;2575.0400390625
52;NARIÑO;52678;SAMANIEGO;52678000;SAMANIEGO;CM;-77.594341;1.335438;2617.8583984375
52;NARIÑO;52678;SAMANIEGO;52678007;TANAMA;CP;-77.584074;1.37753;2629.13037109375
52;NARIÑO;52678;SAMANIEGO;52678012;CHUGULDÍ;CP;-77.61011;1.393322;2620.799072265625
52;NARIÑO;52678;SAMANIEGO;52678013;TURUPAMBA;CP;-77.579684;1.318032;2626.70849609375
52;NARIÑO;52678;SAMANIEGO;52678015;PUERCHAG;CP;-77.592453;1.315309;2616.72607421875
52;NARIÑO;52678;SAMANIEGO;52678017;CARTAGENA;CP;-77.608585;1.311016;2611.4775390625
52;NARIÑO;52678;SAMANIEGO;52678024;LA MESA;CP;-77.574957;1.360314;2635.091064453125
52;NARIÑO;52678;SAMANIEGO;52678025;OBANDO;CP;-77.58479;1.323851;2622.867919921875
52;NARIÑO;52678;SAMANIEGO;52678029;BONETE;CP;-77.613517;1.298246;2609.531494140625
52;NARIÑO;52678;SAMANIEGO;52678030;MIRADOR DE SARACONCHO;CP;-77.592915;1.348367;2620.0146484375
52;NARIÑO;52683;SANDONÁ;52683000;SANDONÁ;CM;-77.469571;1.286137;2626.94140625
52;NARIÑO;52683;SANDONÁ;52683001;BOLÍVAR;CP;-77.477959;1.320187;2630.8369140625
52;NARIÑO;52683;SANDONÁ;52683002;EL INGENIO;CP;-77.455038;1.300896;2632.35400390625
52;NARIÑO;52683;SANDONÁ;52683003;SAN BERNARDO;CP;-77.480654;1.309883;2629.572021484375
52;NARIÑO;52683;SANDONÁ;52683004;SANTA BÁRBARA;CP;-77.418965;1.279954;2650.75244140625
52;NARIÑO;52683;SANDONÁ;52683005;SANTA ROSA;CP;-77.439045;1.287554;2639.135009765625
52;NARIÑO;52683;SANDONÁ;52683007;ROMA CHÁVEZ;CP;-77.49582;1.279154;2628.77392578125
52;NARIÑO;52683;SANDONÁ;52683009;PARAGUAY;CP;-77.459313;1.314221;2632.619873046875
52;NARIÑO;52683;SANDONÁ;52683010;EL VERGEL;CP;-77.474715;1.340312;2633.38232421875
52;NARIÑO;52683;SANDONÁ;52683011;SAN GABRIEL;CP;-77.47352;1.299464;2628.419677734375
52;NARIÑO;52683;SANDONÁ;52683012;SAN MIGUEL;CP;-77.477325;1.262334;2624.124755859375
52;NARIÑO;52683;SANDONÁ;52683014;ALTAMIRA CRUZ DE ARADA;CP;-77.469667;1.29726;2628.253662109375
52;NARIÑO;52683;SANDONÁ;52683016;CHÁVEZ;CP;-77.487599;1.27989;2627.327880859375
52;NARIÑO;52683;SANDONÁ;52683017;TAMBILLO;CP;-77.465464;1.323129;2632.068603515625
52;NARIÑO;52683;SANDONÁ;52683018;LA LOMA;CP;-77.471616;1.311079;2629.828125
52;NARIÑO;52683;SANDONÁ;52683022;SAN FERNANDO;CP;-77.464831;1.305017;2630.052734375
52;NARIÑO;52683;SANDONÁ;52683023;SAN FRANCISCO ALTO;CP;-77.48601;1.266018;2625.6904296875
52;NARIÑO;52683;SANDONÁ;52683027;URBANIZACION VILLA CAFELINA;CP;-77.481527;1.272001;2625.353515625
52;NARIÑO;52685;SAN BERNARDO;52685000;SAN BERNARDO;CM;-77.047412;1.514298;2705.68701171875
52;NARIÑO;52685;SAN BERNARDO;52685001;LA VEGA;CP;-77.032535;1.537453;2710.4130859375
52;NARIÑO;52685;SAN BERNARDO;52685002;PUEBLO VIEJO;CP;-77.038583;1.528328;2710.052001953125
52;NARIÑO;52687;SAN LORENZO;52687000;SAN LORENZO;CM;-77.215231;1.50336;2676.712158203125
52;NARIÑO;52687;SAN LORENZO;52687001;EL CARMEN;CP;-77.189568;1.592344;2686.13671875
52;NARIÑO;52687;SAN LORENZO;52687002;SANTA CECILIA;CP;-77.213363;1.557865;2678.958251953125
52;NARIÑO;52687;SAN LORENZO;52687003;SANTA MARTHA;CP;-77.178159;1.476658;2676.15771484375
52;NARIÑO;52687;SAN LORENZO;52687005;SAN VICENTE;CP;-77.191025;1.596998;2686.3076171875
52;NARIÑO;52687;SAN LORENZO;52687008;EL CHEPE;CP;-77.216068;1.559966;2678.06005859375
52;NARIÑO;52693;SAN PABLO;52693000;SAN PABLO;CM;-77.013984;1.669429;2718.501220703125
52;NARIÑO;52693;SAN PABLO;52693002;BRICEÑO;CP;-76.964355;1.647524;2713.70703125
52;NARIÑO;52693;SAN PABLO;52693004;LA CAÑADA;CP;-77.02019;1.663079;2722.44287109375
52;NARIÑO;52693;SAN PABLO;52693017;CHILCAL ALTO;CP;-76.985067;1.668641;2711.287109375
52;NARIÑO;52694;SAN PEDRO DE CARTAGO;52694000;SAN PEDRO DE CARTAGO;CM;-77.119189;1.551758;2688.884765625
52;NARIÑO;52694;SAN PEDRO DE CARTAGO;52694001;LA COMUNIDAD;CP;-77.082542;1.500842;2693.69580078125
52;NARIÑO;52696;SANTA BÁRBARA;52696000;ISCUANDÉ;CM;-77.979916;2.449653;2637.61328125
52;NARIÑO;52696;SANTA BÁRBARA;52696009;PALOMINO;CP;-77.830599;2.139461;2635.00146484375
52;NARIÑO;52696;SANTA BÁRBARA;52696012;CUERBAL;CP;-78.033809;2.645734;2630.68896484375
52;NARIÑO;52696;SANTA BÁRBARA;52696013;JUANCHILLO;CP;-78.056156;2.613456;2627.1689453125
52;NARIÑO;52696;SANTA BÁRBARA;52696014;LA ENSENADA;CP;-78.082329;2.628033;2627.693359375
52;NARIÑO;52696;SANTA BÁRBARA;52696015;CHICO PÉREZ;CP;-77.959472;2.635155;2639.654052734375
52;NARIÑO;52696;SANTA BÁRBARA;52696017;SANTA RITA;CP;-77.808653;2.091426;2638.260986328125
52;NARIÑO;52696;SANTA BÁRBARA;52696018;BOCA DE CHANZARA;CP;-77.976631;2.506964;2638.382080078125
52;NARIÑO;52696;SANTA BÁRBARA;52696019;LAS VARAS;CP;-78.068313;2.564705;2628
52;NARIÑO;52696;SANTA BÁRBARA;52696020;QUIGUPI;CP;-78.007901;2.521511;2637.789306640625
52;NARIÑO;52696;SANTA BÁRBARA;52696021;RODEA;CP;-77.978338;2.491262;2638
52;NARIÑO;52696;SANTA BÁRBARA;52696022;SECADERO SEGUIHONDA;CP;-78.048001;2.456319;2629.9287109375
52;NARIÑO;52696;SANTA BÁRBARA;52696023;SOLEDAD PUEBLITO;CP;-78.052621;2.563012;2628.9990234375
52;NARIÑO;52699;SANTACRUZ;52699000;GUACHAVÉS;CM;-77.676917;1.222275;2600.38134765625
52;NARIÑO;52699;SANTACRUZ;52699001;BALALAIKA;CP;-77.659164;1.213213;2600.95166015625
52;NARIÑO;52699;SANTACRUZ;52699004;MANCHAG;CP;-77.661735;1.257789;2605.44775390625
52;NARIÑO;52720;SAPUYES;52720000;SAPUYES;CM;-77.62028;1.037536;2591.797607421875
52;NARIÑO;52720;SAPUYES;52720001;EL ESPINO;CP;-77.691042;1.047164;2588.47802734375
52;NARIÑO;52720;SAPUYES;52720002;URIBE;CP;-77.651074;1.020026;2581
52;NARIÑO;52786;TAMINANGO;52786000;TAMINANGO;CM;-77.2808;1.570358;2663.8798828125
52;NARIÑO;52786;TAMINANGO;52786002;EL TABLÓN;CP;-77.357432;1.560735;2682.190185546875
52;NARIÑO;52786;TAMINANGO;52786003;CURIACO;CP;-77.326047;1.556109;2670.806396484375
52;NARIÑO;52786;TAMINANGO;52786006;ALTO DE DIEGO;CP;-77.304027;1.562384;2667.519775390625
52;NARIÑO;52786;TAMINANGO;52786007;EL MANZANO;CP;-77.355703;1.585758;2681.6630859375
52;NARIÑO;52786;TAMINANGO;52786014;PÁRAMO;CP;-77.27773;1.557323;2663.173095703125
52;NARIÑO;52786;TAMINANGO;52786018;LA GRANADA;CP;-77.34472;1.578741;2677.694091796875
52;NARIÑO;52786;TAMINANGO;52786019;EL REMOLINO;CP;-77.331632;1.673128;2677.4345703125
52;NARIÑO;52786;TAMINANGO;52786021;GUAYACANAL;CP;-77.333857;1.568046;2673.537353515625
52;NARIÑO;52786;TAMINANGO;52786022;SAN ISIDRO;CP;-77.314012;1.571837;2669.531005859375
52;NARIÑO;52786;TAMINANGO;52786023;EL DIVISO;CP;-77.355093;1.580019;2681.440185546875
52;NARIÑO;52786;TAMINANGO;52786024;VIENTO LIBRE;CP;-77.346273;1.615031;2679.433349609375
52;NARIÑO;52786;TAMINANGO;52786025;PANOYA;CP;-77.348899;1.569374;2679.0654296875
52;NARIÑO;52788;TANGUA;52788000;TANGUA;CM;-77.393244;1.095178;2634.138916015625
52;NARIÑO;52788;TANGUA;52788001;SANTANDER;CP;-77.316381;1.075474;2651.7060546875
52;NARIÑO;52835;SAN ANDRÉS DE TUMACO;52835000;SAN ANDRÉS DE TUMACO. DISTRITO ESPECIAL. INDUSTRIAL. PORTUARIO. BIODIVERSO Y ECOTURÍSTICO;CM;-78.764073;1.807399;2548.623291015625
52;NARIÑO;52835;SAN ANDRÉS DE TUMACO;52835009;CAUNAPÍ;CP;-78.570184;1.402651;2556.260986328125
52;NARIÑO;52835;SAN ANDRÉS DE TUMACO;52835010;COLORADO;CP;-78.536736;1.856781;2562.97314453125
52;NARIÑO;52835;SAN ANDRÉS DE TUMACO;52835011;DESCOLGADERO;CP;;;
52;NARIÑO;52835;SAN ANDRÉS DE TUMACO;52835012;CHAJAL;CP;-78.52961;1.80148;2560.138916015625
52;NARIÑO;52835;SAN ANDRÉS DE TUMACO;52835016;PITAL;CP;-78.569134;2.376242;2579.01708984375
52;NARIÑO;52835;SAN ANDRÉS DE TUMACO;52835017;ESPRIELLA;CP;-78.65107;1.482821;2551.5185546875
52;NARIÑO;52835;SAN ANDRÉS DE TUMACO;52835020;BARRO COLORADO;CP;-78.594759;1.676326;2564.072265625
52;NARIÑO;52835;SAN ANDRÉS DE TUMACO;52835021;SAN JOSE DEL GUAYABO;CP;-78.557248;1.681847;2558.857666015625
52;NARIÑO;52835;SAN ANDRÉS DE TUMACO;52835030;GUAYACANA;CP;-78.432934;1.416894;2554.246337890625
52;NARIÑO;52835;SAN ANDRÉS DE TUMACO;52835031;LLORENTE;CP;-78.519324;1.391338;2548.5146484375
52;NARIÑO;52835;SAN ANDRÉS DE TUMACO;52835036;PALAMBÍ;CP;-78.474873;1.760181;2570.944580078125
52;NARIÑO;52835;SAN ANDRÉS DE TUMACO;52835037;IMBILI MIRASPALMAS;CP;-78.725597;1.512599;2527.679931640625
52;NARIÑO;52835;SAN ANDRÉS DE TUMACO;52835040;EL PROGRESO SANTO DOMINGO;CP;-78.850215;1.58815;2521.362060546875
52;NARIÑO;52835;SAN ANDRÉS DE TUMACO;52835042;SAN LUIS ROBLES;CP;-78.686397;1.685093;2553.721923828125
52;NARIÑO;52835;SAN ANDRÉS DE TUMACO;52835047;SALISVÍ;CP;;;
52;NARIÑO;52835;SAN ANDRÉS DE TUMACO;52835050;VILLA SAN JUAN;CP;-78.620071;2.355814;2582.97802734375
52;NARIÑO;52835;SAN ANDRÉS DE TUMACO;52835051;SAN ANTONIO;CP;-78.689101;1.714198;2553.4482421875
52;NARIÑO;52835;SAN ANDRÉS DE TUMACO;52835058;TEHERAN;CP;-78.992281;1.647531;2511.92333984375
52;NARIÑO;52835;SAN ANDRÉS DE TUMACO;52835059;URIBE URIBE (CHILVI);CP;-78.744803;1.656259;2543.69580078125
52;NARIÑO;52835;SAN ANDRÉS DE TUMACO;52835063;EL BAJITO;CP;-78.804184;1.813179;2541.634765625
52;NARIÑO;52835;SAN ANDRÉS DE TUMACO;52835065;EL PINDE;CP;-78.474752;1.405309;2550.3154296875
52;NARIÑO;52835;SAN ANDRÉS DE TUMACO;52835068;CALETA VIENTO LIBRE;CP;-78.54815;1.825659;2562.033447265625
52;NARIÑO;52835;SAN ANDRÉS DE TUMACO;52835069;CEIBITO;CP;-78.74584;1.643123;2542.3515625
52;NARIÑO;52835;SAN ANDRÉS DE TUMACO;52835071;EL CARMEN KM 36;CP;-78.697966;1.568439;2540.45361328125
52;NARIÑO;52835;SAN ANDRÉS DE TUMACO;52835075;BOCANA NUEVA;CP;-78.952979;1.591168;2520.4765625
52;NARIÑO;52835;SAN ANDRÉS DE TUMACO;52835077;CHILVICITO;CP;-78.736049;1.627576;2541.876953125
52;NARIÑO;52835;SAN ANDRÉS DE TUMACO;52835083;LA SIRENA;CP;;;
52;NARIÑO;52835;SAN ANDRÉS DE TUMACO;52835085;PALAY;CP;;;
52;NARIÑO;52835;SAN ANDRÉS DE TUMACO;52835087;PULGANDE;CP;-78.625072;1.435919;2551.6259765625
52;NARIÑO;52835;SAN ANDRÉS DE TUMACO;52835088;RETOÑO;CP;-78.664986;1.633157;2556.595947265625
52;NARIÑO;52835;SAN ANDRÉS DE TUMACO;52835091;SANTA ROSA;CP;-78.555943;1.654791;2557.113037109375
52;NARIÑO;52835;SAN ANDRÉS DE TUMACO;52835092;ALTO AGUA CLARA;CP;-78.775733;1.715907;2543.833740234375
52;NARIÑO;52835;SAN ANDRÉS DE TUMACO;52835093;IMBILPI DEL CARMEN;CP;-78.531498;1.710499;2554.80712890625
52;NARIÑO;52835;SAN ANDRÉS DE TUMACO;52835099;INGUAPI DEL CARMEN;CP;-78.753565;1.673332;2543.793701171875
52;NARIÑO;52835;SAN ANDRÉS DE TUMACO;52835100;SANTA MARÍA ROSARIO;CP;-78.64835;1.655759;2561.0068359375
52;NARIÑO;52835;SAN ANDRÉS DE TUMACO;52835102;EL COCO;CP;;;
52;NARIÑO;52835;SAN ANDRÉS DE TUMACO;52835104;ALBANIA;CP;-78.741388;1.599015;2538.60205078125
52;NARIÑO;52835;SAN ANDRÉS DE TUMACO;52835107;BAJO JAGUA;CP;-78.792323;1.618575;2537.378173828125
52;NARIÑO;52835;SAN ANDRÉS DE TUMACO;52835108;BRISAS DEL ACUEDUCTO;CP;-78.791924;1.678997;2539.669189453125
52;NARIÑO;52835;SAN ANDRÉS DE TUMACO;52835109;CACAGUAL;CP;-78.908502;1.668584;2521.823974609375
52;NARIÑO;52835;SAN ANDRÉS DE TUMACO;52835111;CORRIENTE GRANDE;CP;-78.591082;1.589925;2560.002197265625
52;NARIÑO;52835;SAN ANDRÉS DE TUMACO;52835114;GUABAL;CP;;;
52;NARIÑO;52835;SAN ANDRÉS DE TUMACO;52835115;GUACHAL;CP;-78.581466;2.418917;2581.035888671875
52;NARIÑO;52835;SAN ANDRÉS DE TUMACO;52835116;GUALTAL;CP;-78.599423;1.419303;2554.48583984375
52;NARIÑO;52835;SAN ANDRÉS DE TUMACO;52835118;EL RETORNO;CP;-78.561462;1.674192;2559.2470703125
52;NARIÑO;52835;SAN ANDRÉS DE TUMACO;52835119;JUAN DOMINGO;CP;-78.694385;1.561674;2540.521240234375
52;NARIÑO;52835;SAN ANDRÉS DE TUMACO;52835120;KILÓMETRO 28;CP;-78.731531;1.632082;2543.29150390625
52;NARIÑO;52835;SAN ANDRÉS DE TUMACO;52835121;KILÓMETRO 35;CP;-78.701375;1.575107;2540.934326171875
52;NARIÑO;52835;SAN ANDRÉS DE TUMACO;52835123;KILÓMETRO 58;CP;-78.587197;1.412107;2556.436279296875
52;NARIÑO;52835;SAN ANDRÉS DE TUMACO;52835125;LA CHORRERA;CP;-78.680167;1.535007;2544.86767578125
52;NARIÑO;52835;SAN ANDRÉS DE TUMACO;52835127;PIÑUELA RIO MIRA;CP;-78.703731;1.492627;2528.6083984375
52;NARIÑO;52835;SAN ANDRÉS DE TUMACO;52835129;LA VEGA;CP;-78.73129;1.534577;2529.985107421875
52;NARIÑO;52835;SAN ANDRÉS DE TUMACO;52835130;MAJAGUA;CP;-78.464773;1.796518;2570.908203125
52;NARIÑO;52835;SAN ANDRÉS DE TUMACO;52835133;PÁCORA;CP;-78.472273;1.785537;2570.006103515625
52;NARIÑO;52835;SAN ANDRÉS DE TUMACO;52835134;PINDALES;CP;-78.743804;1.620253;2540.76025390625
52;NARIÑO;52835;SAN ANDRÉS DE TUMACO;52835136;PUEBLO NUEVO;CP;-78.676492;1.529511;2546.310546875
52;NARIÑO;52835;SAN ANDRÉS DE TUMACO;52835140;TAMBILLO;CP;-78.654165;1.721296;2561.466552734375
52;NARIÑO;52835;SAN ANDRÉS DE TUMACO;52835141;TANGAREAL CARRETERA;CP;-78.68892;1.551825;2541.09814453125
52;NARIÑO;52835;SAN ANDRÉS DE TUMACO;52835144;VUELTA CANDELILLA;CP;-78.682446;1.450305;2538.031005859375
52;NARIÑO;52835;SAN ANDRÉS DE TUMACO;52835146;FIRME DE LOS COIMES;CP;-78.562844;2.328395;2578.00048828125
52;NARIÑO;52835;SAN ANDRÉS DE TUMACO;52835148;TABLÓN DULCE LA PAMPA;CP;-78.51043;1.722724;2557.47509765625
52;NARIÑO;52835;SAN ANDRÉS DE TUMACO;52835149;LAS MERCEDES;CP;-78.471467;1.812096;2570.115234375
52;NARIÑO;52835;SAN ANDRÉS DE TUMACO;52835150;BELLAVISTA;CP;-78.563817;1.669706;2559.702880859375
52;NARIÑO;52835;SAN ANDRÉS DE TUMACO;52835151;VAQUERIA COLOMBIA GRANDE;CP;-78.860992;1.783126;2525.451416015625
52;NARIÑO;52835;SAN ANDRÉS DE TUMACO;52835152;INGUAPI EL GUADUAL;CP;-78.783687;1.684711;2541.4013671875
52;NARIÑO;52835;SAN ANDRÉS DE TUMACO;52835153;CONGAL;CP;-78.914115;1.587798;2522.024658203125
52;NARIÑO;52835;SAN ANDRÉS DE TUMACO;52835154;BAJO GUABAL;CP;-78.584798;1.688455;2562.372802734375
52;NARIÑO;52835;SAN ANDRÉS DE TUMACO;52835155;PEÑA COLORADA;CP;-78.746932;1.570505;2536.372802734375
52;NARIÑO;52835;SAN ANDRÉS DE TUMACO;52835156;BUCHELY;CP;-78.768855;1.702892;2544.02099609375
52;NARIÑO;52835;SAN ANDRÉS DE TUMACO;52835157;CAJAPÍ;CP;-78.713039;1.596113;2542.22265625
52;NARIÑO;52835;SAN ANDRÉS DE TUMACO;52835158;VARIANTE;CP;-78.613506;1.427501;2552.376708984375
52;NARIÑO;52835;SAN ANDRÉS DE TUMACO;52835159;DOS QUEBRADAS;CP;-78.676173;1.620905;2552.786376953125
52;NARIÑO;52835;SAN ANDRÉS DE TUMACO;52835160;CANDELILLA;CP;-78.687319;1.475915;2536.1455078125
52;NARIÑO;52835;SAN ANDRÉS DE TUMACO;52835161;PIÑAL SALADO;CP;-78.711653;1.701353;2550.151123046875
52;NARIÑO;52835;SAN ANDRÉS DE TUMACO;52835162;CHONTAL;CP;-78.891287;1.548575;2520.963134765625
52;NARIÑO;52835;SAN ANDRÉS DE TUMACO;52835163;IMBILÍ;CP;-78.725538;1.533799;2530.369873046875
52;NARIÑO;52835;SAN ANDRÉS DE TUMACO;52835164;SAN PEDRO DEL VINO;CP;-78.534477;2.23756;2577.028564453125
52;NARIÑO;52835;SAN ANDRÉS DE TUMACO;52835166;SAN SEBASTIÁN;CP;-78.606719;2.259538;2579.43798828125
52;NARIÑO;52835;SAN ANDRÉS DE TUMACO;52835167;BOCA DE TULMO;CP;-78.698587;1.491463;2530.150390625
52;NARIÑO;52835;SAN ANDRÉS DE TUMACO;52835168;SAGUMBITA;CP;-78.880417;1.592942;2521
52;NARIÑO;52835;SAN ANDRÉS DE TUMACO;52835174;LA BRAVA RÍO CAUNAPÍ;CP;-78.653249;1.52198;2553.244873046875
52;NARIÑO;52835;SAN ANDRÉS DE TUMACO;52835177;ACHOTAL;CP;-78.673386;1.433223;2542.1484375
52;NARIÑO;52835;SAN ANDRÉS DE TUMACO;52835178;AGUACATE;CP;-78.732252;1.668091;2546.020751953125
52;NARIÑO;52835;SAN ANDRÉS DE TUMACO;52835179;ALTO BUENOS AIRES;CP;-78.51366;1.754369;2558.49365234375
52;NARIÑO;52835;SAN ANDRÉS DE TUMACO;52835180;ALTO JAGUA (RÍO MIRA);CP;-78.779106;1.608507;2539.078125
52;NARIÑO;52835;SAN ANDRÉS DE TUMACO;52835181;ALTO SANTO DOMINGO;CP;-78.850458;1.603179;2521.85986328125
52;NARIÑO;52835;SAN ANDRÉS DE TUMACO;52835182;ALTO VILLARICA;CP;-78.699456;1.590018;2543.4189453125
52;NARIÑO;52835;SAN ANDRÉS DE TUMACO;52835183;BAJO BUENOS AIRES (TABLÓN SALADO);CP;-78.513482;1.752799;2558.425048828125
52;NARIÑO;52835;SAN ANDRÉS DE TUMACO;52835184;BOCAGRANDE;CP;-78.829913;1.818761;2533.783203125
52;NARIÑO;52835;SAN ANDRÉS DE TUMACO;52835185;BUCHELY 2;CP;-78.766386;1.696248;2543.86474609375
52;NARIÑO;52835;SAN ANDRÉS DE TUMACO;52835186;CAJAPI DEL MIRA;CP;-78.75473;1.595609;2539.5205078125
52;NARIÑO;52835;SAN ANDRÉS DE TUMACO;52835187;CANDELILLAS DE LA MAR;CP;-78.848305;1.47723;2515.98193359375
52;NARIÑO;52835;SAN ANDRÉS DE TUMACO;52835188;CHIMBUZAL;CP;-78.721767;1.556598;2534.909912109375
52;NARIÑO;52835;SAN ANDRÉS DE TUMACO;52835190;GUACHIRI;CP;-78.593911;1.68416;2564.033447265625
52;NARIÑO;52835;SAN ANDRÉS DE TUMACO;52835191;GUADUAL;CP;-78.497993;1.831007;2565.96240234375
52;NARIÑO;52835;SAN ANDRÉS DE TUMACO;52835193;INDA ZABALETA;CP;-78.524403;1.432352;2550.009521484375
52;NARIÑO;52835;SAN ANDRÉS DE TUMACO;52835194;INGUAPI DEL CARMEN 2;CP;-78.74829;1.66472;2543.8056640625
52;NARIÑO;52835;SAN ANDRÉS DE TUMACO;52835196;INGUAPI LA CHIRICANA;CP;-78.75871;1.683862;2543.98828125
52;NARIÑO;52835;SAN ANDRÉS DE TUMACO;52835197;ISLA GRANDE;CP;-78.642651;1.674507;2562.921630859375
52;NARIÑO;52835;SAN ANDRÉS DE TUMACO;52835198;LA BALSA;CP;-78.647016;1.361765;2544.826904296875
52;NARIÑO;52835;SAN ANDRÉS DE TUMACO;52835200;LA CONCHA (TABLÓN SALADO);CP;-78.500041;1.756287;2562.361083984375
52;NARIÑO;52835;SAN ANDRÉS DE TUMACO;52835201;13 DE MAYO;CP;-78.633683;1.443772;2551.239501953125
52;NARIÑO;52835;SAN ANDRÉS DE TUMACO;52835202;LAS BRISAS;CP;-78.503345;1.75949;2561.503173828125
52;NARIÑO;52835;SAN ANDRÉS DE TUMACO;52835203;NERETE (RÍO MIRA);CP;-78.666906;1.708167;2558.4423828125
52;NARIÑO;52835;SAN ANDRÉS DE TUMACO;52835204;NUEVA REFORMA;CP;-78.800187;1.676918;2538.018798828125
52;NARIÑO;52835;SAN ANDRÉS DE TUMACO;52835205;NUEVO PUERTO NIDIA;CP;-78.771497;1.647107;2541.141845703125
52;NARIÑO;52835;SAN ANDRÉS DE TUMACO;52835207;PARAÍSO;CP;-78.620124;1.431641;2551.80322265625
52;NARIÑO;52835;SAN ANDRÉS DE TUMACO;52835208;PIÑAL DULCE;CP;-78.720117;1.679219;2548.435791015625
52;NARIÑO;52835;SAN ANDRÉS DE TUMACO;52835209;PITAL (CHIMBUZAL);CP;-78.711878;1.542446;2534.43798828125
52;NARIÑO;52835;SAN ANDRÉS DE TUMACO;52835210;PORVENIR;CP;-78.629834;1.441294;2551.470458984375
52;NARIÑO;52835;SAN ANDRÉS DE TUMACO;52835211;PUEBLO NUEVO (RÍO MIRA);CP;-78.890442;1.669911;2521.06298828125
52;NARIÑO;52835;SAN ANDRÉS DE TUMACO;52835212;PUEBLO NUEVO (TABLÓN SALADO);CP;-78.500696;1.755112;2562.03515625
52;NARIÑO;52835;SAN ANDRÉS DE TUMACO;52835213;RESTREPO;CP;-78.687009;1.397508;2532.13427734375
52;NARIÑO;52835;SAN ANDRÉS DE TUMACO;52835214;SAN AGUSTÍN;CP;-78.599409;1.677113;2564.69775390625
52;NARIÑO;52835;SAN ANDRÉS DE TUMACO;52835216;SAN JUAN PUEBLO NUEVO;CP;-78.612197;2.279757;2580.217529296875
52;NARIÑO;52835;SAN ANDRÉS DE TUMACO;52835217;SAN JUAN (RÍO MIRA);CP;-78.670308;1.423646;2542.604248046875
52;NARIÑO;52835;SAN ANDRÉS DE TUMACO;52835218;SAN PABLO;CP;-78.725697;1.707641;2549.165283203125
52;NARIÑO;52835;SAN ANDRÉS DE TUMACO;52835219;SAN VICENTE (LAS VARAS);CP;-78.68476;1.709227;2554.1904296875
52;NARIÑO;52835;SAN ANDRÉS DE TUMACO;52835221;SEIS DE AGOSTO;CP;-78.678841;1.480185;2541.9658203125
52;NARIÑO;52835;SAN ANDRÉS DE TUMACO;52835224;TANGAREAL DEL MIRA;CP;-78.740052;1.592494;2537.59423828125
52;NARIÑO;52835;SAN ANDRÉS DE TUMACO;52835226;VIGUARAL;CP;-78.750191;1.567312;2537.20654296875
52;NARIÑO;52835;SAN ANDRÉS DE TUMACO;52835227;VUELTA CANDELILLAS 2;CP;-78.682814;1.461583;2538.552001953125
52;NARIÑO;52835;SAN ANDRÉS DE TUMACO;52835228;VUELTA DEL CARMEN;CP;-78.852894;1.592649;2520.953857421875
52;NARIÑO;52835;SAN ANDRÉS DE TUMACO;52835229;VUELTA LARGA (RÍO GUANAPI);CP;-78.678731;1.572293;2548.099853515625
52;NARIÑO;52835;SAN ANDRÉS DE TUMACO;52835230;ZAPOTAL;CP;-78.671657;1.58693;2551.934814453125
52;NARIÑO;52835;SAN ANDRÉS DE TUMACO;52835231;CRISTO REY;CP;-78.774151;1.686788;2542.697509765625
52;NARIÑO;52835;SAN ANDRÉS DE TUMACO;52835232;KILÓMETRO 63;CP;-78.537967;1.388599;2549.9599609375
52;NARIÑO;52835;SAN ANDRÉS DE TUMACO;52835233;KILÓMETRO 75 LA INVASIÓN;CP;-78.446617;1.412454;2552.7939453125
52;NARIÑO;52835;SAN ANDRÉS DE TUMACO;52835234;LA VIÑA;CP;-78.455785;1.411483;2552.032958984375
52;NARIÑO;52835;SAN ANDRÉS DE TUMACO;52835235;VAQUERÍA LA TORRE;CP;-78.498472;1.399399;2548.5888671875
52;NARIÑO;52838;TÚQUERRES;52838000;TÚQUERRES;CM;-77.61672;1.085044;2596.887939453125
52;NARIÑO;52838;TÚQUERRES;52838001;ALBÁN;CP;-77.572309;1.091163;2616.231201171875
52;NARIÑO;52838;TÚQUERRES;52838002;CUATRO ESQUINAS;CP;-77.59308;1.092487;2607.788330078125
52;NARIÑO;52838;TÚQUERRES;52838004;PINZÓN;CP;-77.595002;1.084532;2606.78125
52;NARIÑO;52838;TÚQUERRES;52838007;SANTANDER;CP;-77.656653;1.068359;2583.166259765625
52;NARIÑO;52838;TÚQUERRES;52838009;YASCUAL;CP;-77.640111;1.209379;2599.746337890625
52;NARIÑO;52838;TÚQUERRES;52838012;LOS ARRAYANES;CP;-77.572846;1.083146;2615.539794921875
52;NARIÑO;52885;YACUANQUER;52885000;YACUANQUER;CM;-77.402824;1.114556;2632.56591796875
52;NARIÑO;52885;YACUANQUER;52885006;MEJÍA;CP;-77.389633;1.121749;2639.21240234375
52;NARIÑO;52885;YACUANQUER;52885007;LA AGUADA;CP;-77.376451;1.130589;2645.16259765625
54;NORTE DE SANTANDER;54001;SAN JOSÉ DE CÚCUTA;54001000;SAN JOSÉ DE CÚCUTA;CM;-72.508577;7.905613;2842.182373046875
54;NORTE DE SANTANDER;54001;SAN JOSÉ DE CÚCUTA;54001001;AGUA CLARA;CP;-72.427144;8.234481;2744.627685546875
54;NORTE DE SANTANDER;54001;SAN JOSÉ DE CÚCUTA;54001002;BANCO DE ARENAS;CP;-72.47908;8.358642;2766.831298828125
54;NORTE DE SANTANDER;54001;SAN JOSÉ DE CÚCUTA;54001003;BUENA ESPERANZA;CP;-72.494924;8.192865;2807.260498046875
54;NORTE DE SANTANDER;54001;SAN JOSÉ DE CÚCUTA;54001007;PATILLALES;CP;-72.505466;7.988585;2842.0732421875
54;NORTE DE SANTANDER;54001;SAN JOSÉ DE CÚCUTA;54001011;PUERTO VILLAMIZAR;CP;-72.441468;8.315871;2749.110107421875
54;NORTE DE SANTANDER;54001;SAN JOSÉ DE CÚCUTA;54001015;RICAURTE;CP;-72.355635;8.027249;2657.091064453125
54;NORTE DE SANTANDER;54001;SAN JOSÉ DE CÚCUTA;54001017;SAN FAUSTINO;CP;-72.405325;8.062532;2731.036865234375
54;NORTE DE SANTANDER;54001;SAN JOSÉ DE CÚCUTA;54001018;SAN PEDRO;CP;-72.52512;7.818793;2847.983642578125
54;NORTE DE SANTANDER;54001;SAN JOSÉ DE CÚCUTA;54001025;ARRAYÁN;CP;-72.38455;8.043694;2697.59423828125
54;NORTE DE SANTANDER;54001;SAN JOSÉ DE CÚCUTA;54001028;ALTO VIENTO;CP;-72.444543;8.170149;2759.6640625
54;NORTE DE SANTANDER;54001;SAN JOSÉ DE CÚCUTA;54001029;EL PRADO;CP;-72.507421;8.191449;2817.327392578125
54;NORTE DE SANTANDER;54001;SAN JOSÉ DE CÚCUTA;54001030;PÓRTICO;CP;-72.520824;7.844448;2845.3681640625
54;NORTE DE SANTANDER;54001;SAN JOSÉ DE CÚCUTA;54001033;LA JARRA;CP;-72.426214;8.212934;2744.73291015625
54;NORTE DE SANTANDER;54001;SAN JOSÉ DE CÚCUTA;54001036;PALMARITO;CP;-72.486299;8.314803;2782.96728515625
54;NORTE DE SANTANDER;54001;SAN JOSÉ DE CÚCUTA;54001038;PUERTO LEÓN;CP;-72.442274;8.347534;2748.36865234375
54;NORTE DE SANTANDER;54001;SAN JOSÉ DE CÚCUTA;54001039;PUERTO NUEVO;CP;-72.461214;8.126649;2772.34228515625
54;NORTE DE SANTANDER;54001;SAN JOSÉ DE CÚCUTA;54001041;GUARAMITO;CP;-72.378223;8.19766;2688.6767578125
54;NORTE DE SANTANDER;54001;SAN JOSÉ DE CÚCUTA;54001042;LA FLORESTA;CP;-72.477326;8.169942;2791.179443359375
54;NORTE DE SANTANDER;54001;SAN JOSÉ DE CÚCUTA;54001043;LA PUNTA;CP;-72.484646;8.358018;2770.830322265625
54;NORTE DE SANTANDER;54001;SAN JOSÉ DE CÚCUTA;54001044;VIIGILANCIA;CP;-72.459155;8.413645;2749.649658203125
54;NORTE DE SANTANDER;54001;SAN JOSÉ DE CÚCUTA;54001045;PUERTO LLERAS;CP;-72.459753;8.160452;2771.37646484375
54;NORTE DE SANTANDER;54001;SAN JOSÉ DE CÚCUTA;54001046;SANTA CECILIA;CP;-72.446766;7.973594;2756.437255859375
54;NORTE DE SANTANDER;54001;SAN JOSÉ DE CÚCUTA;54001047;CARMEN DE TONCHALÁ;CP;-72.568722;7.847507;2865
54;NORTE DE SANTANDER;54001;SAN JOSÉ DE CÚCUTA;54001049;ORIPAYA;CP;-72.486081;8.075732;2808.7607421875
54;NORTE DE SANTANDER;54001;SAN JOSÉ DE CÚCUTA;54001050;LAS VACAS;CP;-72.518555;8.219475;2825.188720703125
54;NORTE DE SANTANDER;54001;SAN JOSÉ DE CÚCUTA;54001053;BELLA VISTA;CP;-72.459282;8.163086;2770.96728515625
54;NORTE DE SANTANDER;54001;SAN JOSÉ DE CÚCUTA;54001054;EL PLOMO;CP;-72.503707;8.161846;2817.224365234375
54;NORTE DE SANTANDER;54001;SAN JOSÉ DE CÚCUTA;54001055;EL SUSPIRO;CP;-72.523592;8.25173;2825.768798828125
54;NORTE DE SANTANDER;54001;SAN JOSÉ DE CÚCUTA;54001056;LA SABANA;CP;-72.390612;8.073559;2705.822021484375
54;NORTE DE SANTANDER;54001;SAN JOSÉ DE CÚCUTA;54001057;NUEVO MADRID;CP;-72.468332;8.163937;2780.73876953125
54;NORTE DE SANTANDER;54001;SAN JOSÉ DE CÚCUTA;54001058;SAN AGUSTÍN DE LOS POZOS;CP;-72.464237;8.210231;2774.396484375
54;NORTE DE SANTANDER;54001;SAN JOSÉ DE CÚCUTA;54001061;AGUA BLANCA;CP;-72.487094;8.044932;2813.340087890625
54;NORTE DE SANTANDER;54001;SAN JOSÉ DE CÚCUTA;54001067;LONDRES;CP;-72.515463;8.187459;2825.328369140625
54;NORTE DE SANTANDER;54001;SAN JOSÉ DE CÚCUTA;54001068;BANCO DE ARENAS 2;CP;-72.47196;8.356747;2762.249755859375
54;NORTE DE SANTANDER;54003;ÁBREGO;54003000;ÁBREGO;CM;-73.221722;8.081616;3128.816162109375
54;NORTE DE SANTANDER;54003;ÁBREGO;54003002;CASITAS;CP;-73.113445;7.841998;3109.763916015625
54;NORTE DE SANTANDER;54051;ARBOLEDAS;54051000;ARBOLEDAS;CM;-72.798952;7.642985;3015.55078125
54;NORTE DE SANTANDER;54051;ARBOLEDAS;54051002;CASTRO;CP;-72.85738;7.625209;3029.341796875
54;NORTE DE SANTANDER;54051;ARBOLEDAS;54051005;VILLA SUCRE;CP;-72.734262;7.677769;2994.543701171875
54;NORTE DE SANTANDER;54099;BOCHALEMA;54099000;BOCHALEMA;CM;-72.64701;7.612192;2961.252197265625
54;NORTE DE SANTANDER;54099;BOCHALEMA;54099002;LA DONJUANA;CP;-72.607883;7.690616;2875.86376953125
54;NORTE DE SANTANDER;54099;BOCHALEMA;54099005;LA ESMERALDA;CP;-72.648187;7.603626;2961.84130859375
54;NORTE DE SANTANDER;54109;BUCARASICA;54109000;BUCARASICA;CM;-72.868231;8.041299;3024.48388671875
54;NORTE DE SANTANDER;54109;BUCARASICA;54109002;LA CURVA;CP;-72.95982;8.135177;3066.1171875
54;NORTE DE SANTANDER;54109;BUCARASICA;54109003;LA SANJUANA;CP;-72.839309;8.076002;3004.736328125
54;NORTE DE SANTANDER;54125;CÁCOTA;54125000;CÁCOTA;CM;-72.642059;7.268705;2971.2626953125
54;NORTE DE SANTANDER;54128;CÁCHIRA;54128000;CÁCHIRA;CM;-73.048983;7.741248;3096.99169921875
54;NORTE DE SANTANDER;54128;CÁCHIRA;54128001;LA CARRERA;CP;-73.041807;7.671752;3093.025390625
54;NORTE DE SANTANDER;54128;CÁCHIRA;54128003;LA VEGA;CP;-73.175159;7.651443;3115
54;NORTE DE SANTANDER;54128;CÁCHIRA;54128011;LOS MANGOS;CP;-73.084762;7.694922;3102.841064453125
54;NORTE DE SANTANDER;54128;CÁCHIRA;54128015;SAN JOSÉ DEL LLANO;CP;-73.061858;7.731058;3099.17236328125
54;NORTE DE SANTANDER;54172;CHINÁCOTA;54172000;CHINÁCOTA;CM;-72.6047;7.60108;2913.17431640625
54;NORTE DE SANTANDER;54172;CHINÁCOTA;54172001;LA NUEVA DONJUANA;CP;-72.60302;7.690915;2873.177978515625
54;NORTE DE SANTANDER;54172;CHINÁCOTA;54172005;EL NUEVO DIAMANTE;CP;-72.634029;7.565134;2950.904296875
54;NORTE DE SANTANDER;54172;CHINÁCOTA;54172006;CHITACOMAR;CP;-72.591475;7.572892;2919.594970703125
54;NORTE DE SANTANDER;54172;CHINÁCOTA;54172007;RECTA LOS ALAMOS;CP;-72.596108;7.659336;2878.36328125
54;NORTE DE SANTANDER;54172;CHINÁCOTA;54172008;TENERIA;CP;-72.596504;7.580359;2920.3037109375
54;NORTE DE SANTANDER;54174;CHITAGÁ;54174000;CHITAGÁ;CM;-72.665468;7.138187;2994.9619140625
54;NORTE DE SANTANDER;54174;CHITAGÁ;54174002;SAN LUIS DE CHUCARIMA;CP;-72.501447;7.120569;2888.212646484375
54;NORTE DE SANTANDER;54174;CHITAGÁ;54174005;LLANO GRANDE;CP;-72.653621;7.174682;2984.823486328125
54;NORTE DE SANTANDER;54174;CHITAGÁ;54174006;PRESIDENTE;CP;-72.682191;7.02023;3016.925048828125
54;NORTE DE SANTANDER;54206;CONVENCIÓN;54206000;CONVENCIÓN;CM;-73.3372;8.470374;3151.00048828125
54;NORTE DE SANTANDER;54206;CONVENCIÓN;54206002;CARTAGENITA;CP;-73.367708;8.541507;3152.6162109375
54;NORTE DE SANTANDER;54206;CONVENCIÓN;54206004;EL GUAMAL;CP;-73.386433;8.475846;3154
54;NORTE DE SANTANDER;54206;CONVENCIÓN;54206005;LAS MERCEDES;CP;-73.339803;8.416626;3152.10546875
54;NORTE DE SANTANDER;54206;CONVENCIÓN;54206011;LA LIBERTAD;CP;-73.28671;8.702243;3138.349365234375
54;NORTE DE SANTANDER;54206;CONVENCIÓN;54206012;LA VEGA;CP;-73.360876;8.471635;3152.49609375
54;NORTE DE SANTANDER;54206;CONVENCIÓN;54206013;PIEDECUESTA;CP;-73.396675;8.489533;3155.742431640625
54;NORTE DE SANTANDER;54206;CONVENCIÓN;54206015;LA TRINIDAD;CP;-73.267603;8.681297;3135.699951171875
54;NORTE DE SANTANDER;54206;CONVENCIÓN;54206016;MIRAFLORES;CP;-73.336267;8.581928;3147.985595703125
54;NORTE DE SANTANDER;54223;CUCUTILLA;54223000;CUCUTILLA;CM;-72.772816;7.539633;3011.4013671875
54;NORTE DE SANTANDER;54223;CUCUTILLA;54223002;SAN JOSÉ DE LA MONTAÑA;CP;-72.745257;7.609338;3002.639404296875
54;NORTE DE SANTANDER;54223;CUCUTILLA;54223004;TIERRA GRATA;CP;-72.778886;7.598828;3014.029296875
54;NORTE DE SANTANDER;54239;DURANIA;54239000;DURANIA;CM;-72.658491;7.714804;2977.494384765625
54;NORTE DE SANTANDER;54239;DURANIA;54239002;HATOVIEJO;CP;-72.69209;7.77449;2958.949951171875
54;NORTE DE SANTANDER;54239;DURANIA;54239003;LA CUCHILLA;CP;-72.636458;7.706564;2958.462890625
54;NORTE DE SANTANDER;54239;DURANIA;54239004;LA MONTUOSA;CP;-72.641649;7.691907;2966.365234375
54;NORTE DE SANTANDER;54239;DURANIA;54239007;LAS AGUADAS;CP;-72.667213;7.713429;2972.9560546875
54;NORTE DE SANTANDER;54245;EL CARMEN;54245000;EL CARMEN;CM;-73.446687;8.510579;3163.901123046875
54;NORTE DE SANTANDER;54245;EL CARMEN;54245006;GUAMALITO;CP;-73.46849;8.570147;3167.76904296875
54;NORTE DE SANTANDER;54250;EL TARRA;54250000;EL TARRA;CM;-73.09614;8.574281;3102.513916015625
54;NORTE DE SANTANDER;54250;EL TARRA;54250002;ORÚ;CP;-72.91855;8.638511;3042.766357421875
54;NORTE DE SANTANDER;54250;EL TARRA;54250003;FILO GRINGO;CP;-72.957336;8.655508;3051.609130859375
54;NORTE DE SANTANDER;54250;EL TARRA;54250005;EL PASO;CP;;;
54;NORTE DE SANTANDER;54250;EL TARRA;54250007;LA CAMPANA;CP;;;
54;NORTE DE SANTANDER;54261;EL ZULIA;54261000;EL ZULIA;CM;-72.604805;7.938529;2902.044189453125
54;NORTE DE SANTANDER;54261;EL ZULIA;54261006;LAS PIEDRAS;CP;-72.614614;7.912586;2916.276611328125
54;NORTE DE SANTANDER;54261;EL ZULIA;54261007;ASTILLEROS LA YE;CP;-72.569992;8.140035;2869.83056640625
54;NORTE DE SANTANDER;54261;EL ZULIA;54261008;CAMILANDIA;CP;-72.602832;8.028287;2887.942138671875
54;NORTE DE SANTANDER;54261;EL ZULIA;54261009;CRISTO REY;CP;-72.59835;8.060962;2885.057861328125
54;NORTE DE SANTANDER;54261;EL ZULIA;54261010;EL TABLAZO;CP;-72.560858;8.247117;2851.504638671875
54;NORTE DE SANTANDER;54261;EL ZULIA;54261011;LAS BRISAS;CP;-72.5642;8.149938;2865.884521484375
54;NORTE DE SANTANDER;54261;EL ZULIA;54261012;SANTA ROSA;CP;-72.565792;8.257002;2851.3955078125
54;NORTE DE SANTANDER;54261;EL ZULIA;54261013;7 DE AGOSTO;CP;-72.565487;8.14835;2866.657958984375
54;NORTE DE SANTANDER;54313;GRAMALOTE;54313000;GRAMALOTE;CM;-72.787233;7.916946;2987.5126953125
54;NORTE DE SANTANDER;54313;GRAMALOTE;54313005;LA LOMITA;CP;-72.798996;7.891087;2996.256103515625
54;NORTE DE SANTANDER;54313;GRAMALOTE;54313006;LA ESTRELLA;CP;-72.787866;7.876167;2991.805419921875
54;NORTE DE SANTANDER;54313;GRAMALOTE;54313007;POMARROSO;CP;-72.757681;7.866877;2987.781005859375
54;NORTE DE SANTANDER;54344;HACARÍ;54344000;HACARÍ;CM;-73.145997;8.321506;3114.908935546875
54;NORTE DE SANTANDER;54344;HACARÍ;54344003;MARACAIBO;CP;-73.138799;8.387387;3112.09521484375
54;NORTE DE SANTANDER;54344;HACARÍ;54344008;SAN JOSÉ DEL TARRA;CP;-73.070438;8.311445;3099.141845703125
54;NORTE DE SANTANDER;54344;HACARÍ;54344009;LAS JUNTAS;CP;-73.077117;8.37202;3097.806884765625
54;NORTE DE SANTANDER;54344;HACARÍ;54344011;LA ESTACION O MESITAS;CP;-73.090164;8.286149;3108.296875
54;NORTE DE SANTANDER;54347;HERRÁN;54347000;HERRÁN;CM;-72.483519;7.506541;2825.416015625
54;NORTE DE SANTANDER;54377;LABATECA;54377000;LABATECA;CM;-72.495983;7.298414;2838.947021484375
54;NORTE DE SANTANDER;54385;LA ESPERANZA;54385000;LA ESPERANZA;CM;-73.328126;7.639839;3126.15771484375
54;NORTE DE SANTANDER;54385;LA ESPERANZA;54385001;LA PEDREGOSA;CP;-73.387031;7.751852;3139.888427734375
54;NORTE DE SANTANDER;54385;LA ESPERANZA;54385002;LEÓN XIII;CP;-73.225986;7.742712;3125.0478515625
54;NORTE DE SANTANDER;54385;LA ESPERANZA;54385003;PUEBLO NUEVO;CP;-73.278821;7.691431;3125.326171875
54;NORTE DE SANTANDER;54385;LA ESPERANZA;54385005;EL TROPEZÓN;CP;-73.517559;7.680676;3135.924560546875
54;NORTE DE SANTANDER;54385;LA ESPERANZA;54385007;LOS CEDROS;CP;-73.313154;7.826318;3136.548828125
54;NORTE DE SANTANDER;54385;LA ESPERANZA;54385008;VILLAMARÍA;CP;-73.315899;7.608976;3124.508056640625
54;NORTE DE SANTANDER;54385;LA ESPERANZA;54385009;CAMPO ALEGRE;CP;-73.437573;7.615216;3124.162841796875
54;NORTE DE SANTANDER;54385;LA ESPERANZA;54385010;LA CANCHA;CP;-73.520487;7.67617;3135.36474609375
54;NORTE DE SANTANDER;54398;LA PLAYA;54398000;LA PLAYA;CM;-73.238417;8.212854;3130.99267578125
54;NORTE DE SANTANDER;54398;LA PLAYA;54398002;ASPÁSICA;CP;-73.196345;8.281512;3121.6591796875
54;NORTE DE SANTANDER;54398;LA PLAYA;54398006;LA VEGA DE SAN ANTONIO;CP;-73.052384;8.231625;3091.01904296875
54;NORTE DE SANTANDER;54405;LOS PATIOS;54405000;LOS PATIOS;CM;-72.505764;7.833055;2830.65673828125
54;NORTE DE SANTANDER;54405;LOS PATIOS;54405001;LA GARITA;CP;-72.545254;7.742349;2865.5009765625
54;NORTE DE SANTANDER;54405;LOS PATIOS;54405003;LOS VADOS;CP;-72.524471;7.771027;2849.699951171875
54;NORTE DE SANTANDER;54405;LOS PATIOS;54405004;AGUA LINDA;CP;-72.513292;7.780101;2838.45556640625
54;NORTE DE SANTANDER;54405;LOS PATIOS;54405006;EL TRAPICHE;CP;-72.550635;7.739779;2869.19921875
54;NORTE DE SANTANDER;54405;LOS PATIOS;54405007;COROZAL VEREDA CALIFORNIA;CP;-72.572129;7.719705;2880.007568359375
54;NORTE DE SANTANDER;54405;LOS PATIOS;54405008;LAGOS DE PALUJAN;CP;-72.56648;7.722981;2879.221435546875
54;NORTE DE SANTANDER;54405;LOS PATIOS;54405009;RECTA COROZAL;CP;-72.566877;7.727368;2878.3779296875
54;NORTE DE SANTANDER;54405;LOS PATIOS;54405010;VILLA KATHERINE;CP;-72.557058;7.726418;2874.94775390625
54;NORTE DE SANTANDER;54405;LOS PATIOS;54405011;VILLAS DE COROZAL;CP;-72.552472;7.730229;2871.621337890625
54;NORTE DE SANTANDER;54418;LOURDES;54418000;LOURDES;CM;-72.832489;7.944672;3015.604736328125
54;NORTE DE SANTANDER;54480;MUTISCUA;54480000;MUTISCUA;CM;-72.747169;7.300469;3011.571533203125
54;NORTE DE SANTANDER;54480;MUTISCUA;54480001;LA LAGUNA;CP;-72.760337;7.253901;3017.08544921875
54;NORTE DE SANTANDER;54480;MUTISCUA;54480003;LA CALDERA;CP;-72.726616;7.317716;3006.912353515625
54;NORTE DE SANTANDER;54498;OCAÑA;54498000;OCAÑA;CM;-73.355889;8.247588;3151.8818359375
54;NORTE DE SANTANDER;54498;OCAÑA;54498002;AGUASCLARAS;CP;-73.358047;8.324136;3153.457275390625
54;NORTE DE SANTANDER;54498;OCAÑA;54498005;OTARÉ;CP;-73.424119;8.399951;3158.28857421875
54;NORTE DE SANTANDER;54498;OCAÑA;54498006;BUENAVISTA;CP;-73.346083;8.18864;3146.8505859375
54;NORTE DE SANTANDER;54498;OCAÑA;54498008;LA ERMITA;CP;-73.312399;8.18203;3138.4912109375
54;NORTE DE SANTANDER;54498;OCAÑA;54498009;LA FLORESTA;CP;-73.347642;8.384795;3153
54;NORTE DE SANTANDER;54498;OCAÑA;54498012;PUEBLO NUEVO;CP;-73.39171;8.231224;3154
54;NORTE DE SANTANDER;54498;OCAÑA;54498025;ALGODONAL;CP;-73.313354;8.189798;3138.94580078125
54;NORTE DE SANTANDER;54498;OCAÑA;54498026;CLUB ALL STAR;CP;-73.321903;8.231677;3142.8203125
54;NORTE DE SANTANDER;54518;PAMPLONA;54518000;PAMPLONA;CM;-72.647715;7.372816;2969.64404296875
54;NORTE DE SANTANDER;54520;PAMPLONITA;54520000;PAMPLONITA;CM;-72.63925;7.436775;2962.109619140625
54;NORTE DE SANTANDER;54520;PAMPLONITA;54520001;EL DIAMANTE;CP;-72.632698;7.562348;2950.3037109375
54;NORTE DE SANTANDER;54520;PAMPLONITA;54520002;EL TREVEJO;CP;-72.635559;7.565143;2952.20947265625
54;NORTE DE SANTANDER;54553;PUERTO SANTANDER;54553000;PUERTO SANTANDER;CM;-72.411363;8.359993;2735.72802734375
54;NORTE DE SANTANDER;54553;PUERTO SANTANDER;54553001;EL DIAMANTE;CP;-72.418634;8.378157;2738.069091796875
54;NORTE DE SANTANDER;54599;RAGONVALIA;54599000;RAGONVALIA;CM;-72.476708;7.577861;2812.2470703125
54;NORTE DE SANTANDER;54599;RAGONVALIA;54599005;CALICHES;CP;-72.532764;7.566046;2867.645751953125
54;NORTE DE SANTANDER;54660;SALAZAR;54660000;SALAZAR DE LAS PALMAS;CM;-72.813064;7.773683;3009.00634765625
54;NORTE DE SANTANDER;54660;SALAZAR;54660001;EL CARMEN DE NAZARETH;CP;-72.888514;7.855399;3025.17529296875
54;NORTE DE SANTANDER;54660;SALAZAR;54660002;LA LAGUNA;CP;-72.772025;7.807973;2996.963134765625
54;NORTE DE SANTANDER;54660;SALAZAR;54660005;SAN JOSÉ DEL AVILA;CP;-72.879032;7.833931;3026.22314453125
54;NORTE DE SANTANDER;54660;SALAZAR;54660007;EL SALADO;CP;-72.763942;7.807609;2995.81298828125
54;NORTE DE SANTANDER;54670;SAN CALIXTO;54670000;SAN CALIXTO;CM;-73.206053;8.400152;3123.95263671875
54;NORTE DE SANTANDER;54670;SAN CALIXTO;54670004;VISTA HERMOSA;CP;-73.277903;8.372267;3138.197509765625
54;NORTE DE SANTANDER;54670;SAN CALIXTO;54670010;PALMARITO;CP;-73.260863;8.447147;3134.107177734375
54;NORTE DE SANTANDER;54670;SAN CALIXTO;54670016;LA QUINA;CP;-73.236241;8.432241;3131.037109375
54;NORTE DE SANTANDER;54670;SAN CALIXTO;54670017;LAGUNITAS;CP;-73.216872;8.43182;3127.40576171875
54;NORTE DE SANTANDER;54673;SAN CAYETANO;54673000;SAN CAYETANO;CM;-72.625459;7.875695;2933.22216796875
54;NORTE DE SANTANDER;54673;SAN CAYETANO;54673002;CORNEJO;CP;-72.639478;7.90632;2941.638916015625
54;NORTE DE SANTANDER;54673;SAN CAYETANO;54673005;URIMACO;CP;-72.589782;7.898526;2875.154296875
54;NORTE DE SANTANDER;54673;SAN CAYETANO;54673008;SAN ISIDRO;CP;-72.546187;7.876087;2863.162109375
54;NORTE DE SANTANDER;54680;SANTIAGO;54680000;SANTIAGO;CM;-72.716579;7.865339;2972.56103515625
54;NORTE DE SANTANDER;54720;SARDINATA;54720000;SARDINATA;CM;-72.800577;8.082105;2981.884521484375
54;NORTE DE SANTANDER;54720;SARDINATA;54720002;EL CARMEN;CP;-72.81069;8.168449;2981.908447265625
54;NORTE DE SANTANDER;54720;SARDINATA;54720003;LA VICTORIA;CP;-72.850982;8.113765;3008.576904296875
54;NORTE DE SANTANDER;54720;SARDINATA;54720004;LAS MERCEDES;CP;-72.889031;8.29947;3030.778076171875
54;NORTE DE SANTANDER;54720;SARDINATA;54720005;LUIS VERO;CP;-72.916899;8.418294;3051.0947265625
54;NORTE DE SANTANDER;54720;SARDINATA;54720006;SAN MARTÍN DE LOBA;CP;-72.698512;8.371288;2906.77001953125
54;NORTE DE SANTANDER;54720;SARDINATA;54720007;SAN ROQUE;CP;-72.740221;8.209791;2935.270263671875
54;NORTE DE SANTANDER;54743;SILOS;54743000;SILOS;CM;-72.757128;7.204736;3017.782958984375
54;NORTE DE SANTANDER;54743;SILOS;54743001;BABEGA;CP;-72.699131;7.196471;3011.484375
54;NORTE DE SANTANDER;54743;SILOS;54743003;LOS RINCÓN;CP;-72.712295;7.198073;3014.56689453125
54;NORTE DE SANTANDER;54743;SILOS;54743004;LA LAGUNA;CP;-72.759723;7.253189;3016.87939453125
54;NORTE DE SANTANDER;54743;SILOS;54743006;PACHAGUAL;CP;-72.78548;7.246198;3022.505126953125
54;NORTE DE SANTANDER;54800;TEORAMA;54800000;TEORAMA;CM;-73.287409;8.436377;3141.311767578125
54;NORTE DE SANTANDER;54800;TEORAMA;54800011;LA CECILIA;CP;;;
54;NORTE DE SANTANDER;54800;TEORAMA;54800022;SAN PABLO;CP;-73.237465;8.553788;3130.4970703125
54;NORTE DE SANTANDER;54800;TEORAMA;54800025;QUINCE LETRAS;CP;-73.245119;8.53777;3131.368408203125
54;NORTE DE SANTANDER;54800;TEORAMA;54800026;EL ASERRÍO;CP;-73.229739;8.604051;3129.628662109375
54;NORTE DE SANTANDER;54810;TIBÚ;54810000;TIBÚ;CM;-72.734496;8.639891;2940.51806640625
54;NORTE DE SANTANDER;54810;TIBÚ;54810002;LA GABARRA;CP;-72.897285;8.997262;3014.582763671875
54;NORTE DE SANTANDER;54810;TIBÚ;54810003;PACCELLY;CP;-72.934476;8.552291;3051.69482421875
54;NORTE DE SANTANDER;54810;TIBÚ;54810006;TRES BOCAS;CP;-72.6573;8.621871;2900.041015625
54;NORTE DE SANTANDER;54810;TIBÚ;54810008;PETRÓLEA;CP;-72.575851;8.468711;2844.8271484375
54;NORTE DE SANTANDER;54810;TIBÚ;54810009;VERSALLES;CP;-72.91235;8.641843;3041.37255859375
54;NORTE DE SANTANDER;54810;TIBÚ;54810011;CAMPO GILES;CP;-72.66683;8.439994;2901.83935546875
54;NORTE DE SANTANDER;54810;TIBÚ;54810013;LA LLANA;CP;;;
54;NORTE DE SANTANDER;54810;TIBÚ;54810016;VETAS DE ORIENTE;CP;-72.848693;8.891223;2950.41845703125
54;NORTE DE SANTANDER;54810;TIBÚ;54810017;CAMPO DOS;CP;-72.644009;8.494012;2883.44482421875
54;NORTE DE SANTANDER;54810;TIBÚ;54810018;LA CUATRO;CP;-72.693787;8.635638;2926.288818359375
54;NORTE DE SANTANDER;54820;TOLEDO;54820000;TOLEDO;CM;-72.485088;7.310023;2825.34814453125
54;NORTE DE SANTANDER;54820;TOLEDO;54820008;SAN BERNARDO DE BATA;CP;-72.442899;7.203657;2823.0107421875
54;NORTE DE SANTANDER;54820;TOLEDO;54820015;SAMORE;CP;-72.230668;7.066247;2675.236328125
54;NORTE DE SANTANDER;54871;VILLA CARO;54871000;VILLA CARO;CM;-72.971282;7.915047;3076.96875
54;NORTE DE SANTANDER;54874;VILLA DEL ROSARIO;54874000;VILLA DEL ROSARIO;CM;-72.470277;7.847757;2789.5556640625
54;NORTE DE SANTANDER;54874;VILLA DEL ROSARIO;54874001;JUAN FRÍO;CP;-72.473987;7.782778;2805.513427734375
54;NORTE DE SANTANDER;54874;VILLA DEL ROSARIO;54874008;PALOGORDO NORTE;CP;-72.504527;7.683567;2822.0439453125
63;QUINDÍO;63001;ARMENIA;63001000;ARMENIA;CM;-75.680787;4.53598;3040
63;QUINDÍO;63001;ARMENIA;63001001;EL CAIMO;CP;-75.717723;4.473999;3036.211669921875
63;QUINDÍO;63001;ARMENIA;63001002;MURILLO;CP;-75.740631;4.490175;3032.759765625
63;QUINDÍO;63001;ARMENIA;63001008;CASERIO SANTA HELENA;CP;-75.727042;4.497627;3035.264892578125
63;QUINDÍO;63001;ARMENIA;63001009;CONDOMINIO EL EDEN;CP;-75.764032;4.467791;3027.89990234375
63;QUINDÍO;63001;ARMENIA;63001010;CONDOMINIOS LAS VEGAS. IRAKA Y LAGOS DE IRAKA;CP;-75.758263;4.471116;3028.8095703125
63;QUINDÍO;63001;ARMENIA;63001011;CONDOMINIO PALO DE AGUA;CP;-75.737927;4.495693;3033.377197265625
63;QUINDÍO;63001;ARMENIA;63001012;CONDOMINIO PONTEVEDRA;CP;-75.729726;4.469137;3033.869140625
63;QUINDÍO;63001;ARMENIA;63001013;CONDOMINIO SENIORS CLUB;CP;-75.754797;4.469586;3029.31494140625
63;QUINDÍO;63001;ARMENIA;63001015;NUEVO HORIZONTE - SAPERA;CP;-75.704776;4.486469;3038.4267578125
63;QUINDÍO;63001;ARMENIA;63001016;SECTOR CENEXPO;CP;-75.765063;4.474633;3027.618896484375
63;QUINDÍO;63111;BUENAVISTA;63111000;BUENAVISTA;CM;-75.739693;4.360121;3024.956298828125
63;QUINDÍO;63111;BUENAVISTA;63111001;RÍO VERDE;CP;-75.732836;4.404074;3029.091064453125
63;QUINDÍO;63130;CALARCÁ;63130000;CALARCÁ;CM;-75.649088;4.515282;3043.50390625
63;QUINDÍO;63130;CALARCÁ;63130001;BARCELONA;CP;-75.718322;4.427116;3033.747802734375
63;QUINDÍO;63130;CALARCÁ;63130003;LA BELLA;CP;-75.67715;4.497501;3039.737060546875
63;QUINDÍO;63130;CALARCÁ;63130004;LA VIRGINIA;CP;-75.642542;4.49036;3044.158935546875
63;QUINDÍO;63130;CALARCÁ;63130005;QUEBRADANEGRA;CP;-75.668224;4.445332;3038.208251953125
63;QUINDÍO;63130;CALARCÁ;63130008;LA PRADERA;CP;-75.630694;4.540945;3048.92138671875
63;QUINDÍO;63130;CALARCÁ;63130010;LA MARÍA;CP;-75.664415;4.528482;3041.13916015625
63;QUINDÍO;63130;CALARCÁ;63130013;BARRAGÁN;CP;-75.791047;4.339323;3018.749755859375
63;QUINDÍO;63130;CALARCÁ;63130015;CONDOMINIO LOS ALMENDROS;CP;-75.788569;4.345266;3019.11767578125
63;QUINDÍO;63130;CALARCÁ;63130016;CONDOMINIO VALLE DEL SOL;CP;-75.787697;4.345929;3019.259521484375
63;QUINDÍO;63130;CALARCÁ;63130018;CONDOMINIO AGUA BONITA;CP;-75.71043;4.44866;3036.130615234375
63;QUINDÍO;63130;CALARCÁ;63130019;CONDOMINIO LA MICAELA;CP;-75.690124;4.491148;3039.99072265625
63;QUINDÍO;63190;CIRCASIA;63190000;CIRCASIA;CM;-75.636533;4.617759;3052.1123046875
63;QUINDÍO;63190;CIRCASIA;63190001;LA POLA;CP;-75.683433;4.571437;3040.159423828125
63;QUINDÍO;63190;CIRCASIA;63190002;LA SIRIA;CP;-75.705795;4.588357;3039.123046875
63;QUINDÍO;63190;CIRCASIA;63190003;PIAMONTE;CP;-75.698724;4.561981;3040
63;QUINDÍO;63190;CIRCASIA;63190004;SANTA RITA;CP;-75.718765;4.554142;3036.996337890625
63;QUINDÍO;63190;CIRCASIA;63190006;VILLARAZO - SAN LUIS;CP;-75.702267;4.567818;3039.83349609375
63;QUINDÍO;63190;CIRCASIA;63190007;LA JULIA;CP;-75.711094;4.571594;3038.6318359375
63;QUINDÍO;63190;CIRCASIA;63190008;LA FRONTERA;CP;-75.73051;4.580276;3034.195556640625
63;QUINDÍO;63190;CIRCASIA;63190009;EL TRIUNFO;CP;-75.664707;4.615375;3046.011474609375
63;QUINDÍO;63190;CIRCASIA;63190010;EL PLANAZO;CP;-75.674845;4.559084;3040.628662109375
63;QUINDÍO;63190;CIRCASIA;63190011;LA 18 GUAYABAL;CP;-75.659745;4.590161;3045.886474609375
63;QUINDÍO;63190;CIRCASIA;63190012;URBANIZACIÓN EL CANEY;CP;-75.661352;4.601328;3045.831787109375
63;QUINDÍO;63190;CIRCASIA;63190013;CONDOMINIO BOSQUES DE TOSCANA;CP;-75.645694;4.597167;3048.697021484375
63;QUINDÍO;63190;CIRCASIA;63190014;CONDOMINIO LA ALDEA;CP;-75.619603;4.632698;3055.71142578125
63;QUINDÍO;63190;CIRCASIA;63190016;CONDOMINIO LOS ABEDULES Y YARUMOS I;CP;-75.619517;4.629039;3055.39453125
63;QUINDÍO;63190;CIRCASIA;63190017;CONDOMINIO LOS ROBLES;CP;-75.62408;4.632856;3055.29736328125
63;QUINDÍO;63190;CIRCASIA;63190018;CONDOMINIO LOS ROSALES;CP;-75.645706;4.583695;3047.8583984375
63;QUINDÍO;63190;CIRCASIA;63190020;CONDOMINIO QUINTAS DEL BOSQUE;CP;-75.641376;4.598275;3049.738525390625
63;QUINDÍO;63190;CIRCASIA;63190022;VILLA LIGIA;CP;-75.623434;4.627046;3054.92431640625
63;QUINDÍO;63190;CIRCASIA;63190024;LA CABAÑA;CP;-75.725093;4.583741;3035.477783203125
63;QUINDÍO;63190;CIRCASIA;63190028;CONDOMINIO MONTERREY;CP;-75.648797;4.585092;3047.4736328125
63;QUINDÍO;63190;CIRCASIA;63190030;CONDOMINIO ANGELES DEL BOSQUE;CP;-75.616854;4.634799;3055.95166015625
63;QUINDÍO;63190;CIRCASIA;63190031;CONDOMINIO CEDRO NEGRO;CP;-75.643299;4.61031;3050.125732421875
63;QUINDÍO;63190;CIRCASIA;63190032;CONDOMINIO RESERVAS DEL BOSQUE;CP;-75.644284;4.590247;3048.663818359375
63;QUINDÍO;63190;CIRCASIA;63190033;EL CONGAL;CP;-75.650534;4.590205;3047.435791015625
63;QUINDÍO;63190;CIRCASIA;63190034;LA CRISTALINA;CP;-75.661236;4.580518;3044.75146484375
63;QUINDÍO;63190;CIRCASIA;63190035;HACIENDA HORIZONTES;CP;;;
63;QUINDÍO;63212;CÓRDOBA;63212000;CÓRDOBA;CM;-75.687866;4.392485;3035.137451171875
63;QUINDÍO;63272;FILANDIA;63272000;FILANDIA;CM;-75.658675;4.674213;3049.715087890625
63;QUINDÍO;63272;FILANDIA;63272002;LA INDIA;CP;-75.708017;4.706591;3039.04931640625
63;QUINDÍO;63302;GÉNOVA;63302000;GÉNOVA;CM;-75.789584;4.207537;3014.9814453125
63;QUINDÍO;63401;LA TEBAIDA;63401000;LA TEBAIDA;CM;-75.786887;4.453755;3020.66650390625
63;QUINDÍO;63401;LA TEBAIDA;63401003;LA SILVIA;CP;-75.818144;4.447541;3014.830810546875
63;QUINDÍO;63401;LA TEBAIDA;63401004;FUNDACIÓN AMANECER;CP;-75.824536;4.442965;3014.0126953125
63;QUINDÍO;63401;LA TEBAIDA;63401005;CONDOMINIO LA ESTACIÓN;CP;-75.753862;4.480329;3029.79248046875
63;QUINDÍO;63401;LA TEBAIDA;63401006;CONDOMINIO MORACAWA;CP;-75.815593;4.447131;3015.017822265625
63;QUINDÍO;63401;LA TEBAIDA;63401007;MURILLO;CP;-75.744915;4.488484;3031.853759765625
63;QUINDÍO;63470;MONTENEGRO;63470000;MONTENEGRO;CM;-75.751812;4.56296;3031.1220703125
63;QUINDÍO;63470;MONTENEGRO;63470001;EL CUZCO;CP;-75.857728;4.540988;3018.00146484375
63;QUINDÍO;63470;MONTENEGRO;63470003;PUEBLO TAPADO;CP;-75.78408;4.513351;3021.35986328125
63;QUINDÍO;63470;MONTENEGRO;63470004;ONCE CASAS;CP;-75.809504;4.51342;3017.4169921875
63;QUINDÍO;63470;MONTENEGRO;63470007;EL CASTILLO;CP;-75.775373;4.556126;3024.552001953125
63;QUINDÍO;63470;MONTENEGRO;63470008;EL GIGANTE;CP;-75.815166;4.56472;3019.971923828125
63;QUINDÍO;63470;MONTENEGRO;63470009;BARAYA;CP;-75.76423;4.556903;3028.094482421875
63;QUINDÍO;63470;MONTENEGRO;63470010;LA MONTAÑA;CP;-75.859604;4.494589;3017.00830078125
63;QUINDÍO;63470;MONTENEGRO;63470013;CALLE LARGA;CP;-75.817396;4.546599;3018.966552734375
63;QUINDÍO;63470;MONTENEGRO;63470014;CONDOMINIO LA HACIENDA;CP;-75.779978;4.520691;3022.623291015625
63;QUINDÍO;63548;PIJAO;63548000;PIJAO;CM;-75.703329;4.335036;3031.54052734375
63;QUINDÍO;63548;PIJAO;63548002;LA MARIELA;CP;-75.74781;4.301803;3020.9873046875
63;QUINDÍO;63594;QUIMBAYA;63594000;QUIMBAYA;CM;-75.765074;4.624387;3026.34912109375
63;QUINDÍO;63594;QUIMBAYA;63594002;EL LAUREL;CP;-75.798513;4.582116;3021.830078125
63;QUINDÍO;63594;QUIMBAYA;63594003;LA ESPAÑOLA;CP;-75.701652;4.614367;3039.651123046875
63;QUINDÍO;63594;QUIMBAYA;63594005;PUEBLO RICO;CP;-75.752891;4.579774;3030.7958984375
63;QUINDÍO;63594;QUIMBAYA;63594006;PUERTO ALEJANDRÍA;CP;-75.851626;4.623577;3021.999267578125
63;QUINDÍO;63594;QUIMBAYA;63594007;EL NARANJAL;CP;-75.704658;4.614461;3039.228759765625
63;QUINDÍO;63594;QUIMBAYA;63594009;CONDOMINIO CAMPESTRE INCAS PANACA;CP;-75.824328;4.609319;3023.754638671875
63;QUINDÍO;63690;SALENTO;63690000;SALENTO;CM;-75.570844;4.637157;3045.968994140625
63;QUINDÍO;63690;SALENTO;63690001;BOQUÍA;CP;-75.585783;4.642267;3050.90966796875
63;QUINDÍO;63690;SALENTO;63690005;LA EXPLANACIÓN;CP;-75.586319;4.646572;3051.444580078125
63;QUINDÍO;63690;SALENTO;63690007;CONDOMINIO LAS COLINAS;CP;-75.630528;4.608907;3053.00830078125
63;QUINDÍO;63690;SALENTO;63690009;SAN JUAN DE CAROLINA;CP;-75.636105;4.578473;3049.7548828125
63;QUINDÍO;63690;SALENTO;63690010;SAN ANTONIO;CP;-75.612123;4.627883;3055.994384765625
63;QUINDÍO;63690;SALENTO;63690011;LOS PINOS;CP;-75.617336;4.618723;3055.037353515625
66;RISARALDA;66001;PEREIRA;66001000;PEREIRA;CM;-75.71715;4.805492;3038.728271484375
66;RISARALDA;66001;PEREIRA;66001001;ALTAGRACIA;CP;-75.711779;4.737912;3038.6728515625
66;RISARALDA;66001;PEREIRA;66001002;ARABIA;CP;-75.71671;4.719496;3037.0068359375
66;RISARALDA;66001;PEREIRA;66001003;BETULIA;CP;-75.761433;4.724332;3030.193115234375
66;RISARALDA;66001;PEREIRA;66001004;CAIMALITO;CP;-75.874335;4.885508;3036.26416015625
66;RISARALDA;66001;PEREIRA;66001005;EL PLACER (COMBIA);CP;-75.757068;4.822093;3033.95751953125
66;RISARALDA;66001;PEREIRA;66001006;LA CONVENCIÓN;CP;-75.733094;4.884992;3038.62451171875
66;RISARALDA;66001;PEREIRA;66001007;EL ROCÍO;CP;-75.70075;4.791033;3042.298583984375
66;RISARALDA;66001;PEREIRA;66001009;LA BELLA;CP;-75.638308;4.764842;3055.30615234375
66;RISARALDA;66001;PEREIRA;66001010;LA FLORIDA;CP;-75.616114;4.759565;3058.057373046875
66;RISARALDA;66001;PEREIRA;66001013;LA SELVA;CP;-75.760987;4.742868;3031.03955078125
66;RISARALDA;66001;PEREIRA;66001015;MORELIA;CP;-75.761994;4.774345;3032.261474609375
66;RISARALDA;66001;PEREIRA;66001016;MUNDO NUEVO;CP;-75.682351;4.787633;3045.82421875
66;RISARALDA;66001;PEREIRA;66001018;PUERTO CALDAS;CP;-75.903325;4.76045;3027.853515625
66;RISARALDA;66001;PEREIRA;66001020;SAN JOSÉ;CP;-75.647746;4.792718;3053.44677734375
66;RISARALDA;66001;PEREIRA;66001021;TRIBUNAS CORCEGA;CP;-75.687594;4.764827;3044.476806640625
66;RISARALDA;66001;PEREIRA;66001025;NUEVA SIRIA;CP;-75.75919;4.780026;3032.254638671875
66;RISARALDA;66001;PEREIRA;66001026;SAN VICENTE;CP;-75.736293;4.873779;3037.45556640625
66;RISARALDA;66001;PEREIRA;66001028;YARUMAL;CP;-75.676273;4.721781;3046.402587890625
66;RISARALDA;66001;PEREIRA;66001029;LA BANANERA;CP;-75.635143;4.774293;3056.0498046875
66;RISARALDA;66001;PEREIRA;66001030;ALTO ALEGRÍAS;CP;-75.685154;4.72983;3044.1123046875
66;RISARALDA;66001;PEREIRA;66001031;ALEGRÍAS;CP;-75.674541;4.753653;3046.87109375
66;RISARALDA;66001;PEREIRA;66001032;PÉREZ ALTO;CP;-75.687215;4.721218;3043.568359375
66;RISARALDA;66001;PEREIRA;66001035;HUERTAS;CP;-75.695459;4.777678;3042.684814453125
66;RISARALDA;66001;PEREIRA;66001036;PITAL DE COMBIA;CP;-75.736629;4.855319;3036.468505859375
66;RISARALDA;66001;PEREIRA;66001037;EL CHOCHO;CP;-75.661344;4.790145;3050.774169921875
66;RISARALDA;66001;PEREIRA;66001039;BARRIO EL BOSQUE;CP;-75.68523;4.787377;3045.107177734375
66;RISARALDA;66001;PEREIRA;66001040;LA CABAÑITA;CP;-75.720673;4.731002;3036.476318359375
66;RISARALDA;66001;PEREIRA;66001041;BELMONTE BAJO;CP;-75.774189;4.812432;3034.953369140625
66;RISARALDA;66001;PEREIRA;66001043;BETANIA;CP;-75.742786;4.87021;3036.4853515625
66;RISARALDA;66001;PEREIRA;66001044;BRISAS DE CONDINA (LA GRAMÍNEA);CP;-75.679133;4.74226;3045.51708984375
66;RISARALDA;66001;PEREIRA;66001045;CALLE LARGA;CP;-75.752711;4.765338;3031.6796875
66;RISARALDA;66001;PEREIRA;66001046;CARACOL LA CURVA;CP;-75.691399;4.783499;3043.723876953125
66;RISARALDA;66001;PEREIRA;66001047;CESTILLAL;CP;-75.757036;4.727923;3030.041748046875
66;RISARALDA;66001;PEREIRA;66001048;EL CONTENTO;CP;-75.777206;4.74828;3033.360595703125
66;RISARALDA;66001;PEREIRA;66001049;EL CRUCERO DE COMBIA;CP;-75.766924;4.839224;3034.984375
66;RISARALDA;66001;PEREIRA;66001050;EL JAZMÍN;CP;-75.726128;4.730855;3034.8759765625
66;RISARALDA;66001;PEREIRA;66001051;EL MANZANO;CP;-75.605835;4.710772;3058
66;RISARALDA;66001;PEREIRA;66001052;EL PORVENIR;CP;-75.647453;4.784037;3053.532958984375
66;RISARALDA;66001;PEREIRA;66001053;ESPERANZA GALICIA;CP;-75.812885;4.801602;3034
66;RISARALDA;66001;PEREIRA;66001054;ESTACIÓN AZUFRAL;CP;-75.893003;4.883119;3038.43798828125
66;RISARALDA;66001;PEREIRA;66001055;ESTRELLA MORRÓN;CP;-75.651566;4.762379;3052.511962890625
66;RISARALDA;66001;PEREIRA;66001056;CONDINA GUACARY;CP;-75.668258;4.749132;3048.58447265625
66;RISARALDA;66001;PEREIRA;66001057;LAGUNETA;CP;-75.64103;4.735466;3054.59912109375
66;RISARALDA;66001;PEREIRA;66001058;LA ESTRELLA;CP;-75.77977;4.737694;3033.112548828125
66;RISARALDA;66001;PEREIRA;66001059;NUEVO SOL;CP;-75.749808;4.786936;3032.22998046875
66;RISARALDA;66001;PEREIRA;66001060;PLAN DE VIVIENDA LA UNIÓN;CP;-75.730343;4.844966;3037.156494140625
66;RISARALDA;66001;PEREIRA;66001061;PLAN DE VIVIENDA YARUMAL;CP;-75.678107;4.716863;3045.849609375
66;RISARALDA;66001;PEREIRA;66001062;PUEBLO NUEVO;CP;-75.786827;4.872836;3035.628662109375
66;RISARALDA;66001;PEREIRA;66001063;SAN CARLOS;CP;-75.714313;4.713399;3037.7294921875
66;RISARALDA;66001;PEREIRA;66001064;YARUMITO;CP;-75.684495;4.767847;3045.21728515625
66;RISARALDA;66001;PEREIRA;66001065;PÉNJAMO;CP;-75.74818;4.867347;3035.987548828125
66;RISARALDA;66001;PEREIRA;66001066;ALTO ERAZO;CP;-75.732196;4.841216;3036.658203125
66;RISARALDA;66001;PEREIRA;66001067;CANCELES;CP;-75.674355;4.796634;3047.77001953125
66;RISARALDA;66001;PEREIRA;66001069;EL CONGOLO;CP;-75.7351;4.784537;3034.130859375
66;RISARALDA;66001;PEREIRA;66001070;EL JARDÍN;CP;-75.791991;4.731718;3033
66;RISARALDA;66001;PEREIRA;66001071;ESTACIÓN VILLEGAS;CP;-75.825347;4.797691;3033.999755859375
66;RISARALDA;66001;PEREIRA;66001072;GALICIA ALTA;CP;-75.802803;4.808287;3034
66;RISARALDA;66001;PEREIRA;66001073;GILIPINAS;CP;-75.743605;4.738467;3031.619873046875
66;RISARALDA;66001;PEREIRA;66001074;HERIBERTO HERRERA;CP;-75.700923;4.78425;3042.13671875
66;RISARALDA;66001;PEREIRA;66001075;LA CARBONERA;CP;-75.860824;4.880458;3035.952392578125
66;RISARALDA;66001;PEREIRA;66001077;LA RENTA;CP;-75.743384;4.837718;3034.887451171875
66;RISARALDA;66001;PEREIRA;66001078;LA SUIZA;CP;-75.587387;4.732803;3054.51708984375
66;RISARALDA;66001;PEREIRA;66001079;LA YE;CP;-75.682118;4.759188;3045.450927734375
66;RISARALDA;66001;PEREIRA;66001080;LIBARE;CP;-75.658484;4.799534;3051.4638671875
66;RISARALDA;66001;PEREIRA;66001081;PÉREZ BAJO;CP;-75.704883;4.721821;3040.158203125
66;RISARALDA;66001;PEREIRA;66001082;SAN MARINO;CP;-75.786242;4.848001;3035
66;RISARALDA;66001;PEREIRA;66001083;TRIBUNAS CONSOTA;CP;-75.676979;4.760818;3046.736328125
66;RISARALDA;66001;PEREIRA;66001084;EL JORDÁN;CP;-75.72228;4.83655;3038.68603515625
66;RISARALDA;66001;PEREIRA;66001085;SANTANDER;CP;-75.773059;4.854312;3035
66;RISARALDA;66001;PEREIRA;66001089;CONDOMINIO ANDALUZ;CP;-75.832781;4.812457;3034.373779296875
66;RISARALDA;66001;PEREIRA;66001090;CONDOMINIO EL PARAISO;CP;-75.778506;4.820438;3035
66;RISARALDA;66001;PEREIRA;66001091;CONDOMINIO MACONDO;CP;-75.828632;4.804037;3034.001708984375
66;RISARALDA;66001;PEREIRA;66001092;CONDOMINIO MARACAY;CP;-75.850001;4.811728;3032.5
66;RISARALDA;66001;PEREIRA;66001093;CONDOMINIO PALMAR;CP;-75.851542;4.815146;3032.182861328125
66;RISARALDA;66001;PEREIRA;66001094;GAITAN LA PLAYA;CP;-75.653936;4.798832;3052.545654296875
66;RISARALDA;66045;APÍA;66045000;APÍA;CM;-75.941931;5.105739;3043.5146484375
66;RISARALDA;66045;APÍA;66045004;JORDANIA;CP;-75.962977;5.144967;3047.75830078125
66;RISARALDA;66045;APÍA;66045009;LA MARÍA;CP;-75.948233;5.120138;3045.072998046875
66;RISARALDA;66075;BALBOA;66075000;BALBOA;CM;-75.960134;4.945848;3044.892822265625
66;RISARALDA;66075;BALBOA;66075004;TAMBORES;CP;-75.974101;4.884014;3034.163330078125
66;RISARALDA;66075;BALBOA;66075005;SAN ANTONIO;CP;-75.970758;4.916745;3040.3876953125
66;RISARALDA;66075;BALBOA;66075009;TRES ESQUINAS;CP;-75.961534;4.963034;3045.8916015625
66;RISARALDA;66088;BELÉN DE UMBRÍA;66088000;BELÉN DE UMBRÍA;CM;-75.868334;5.200793;3046
66;RISARALDA;66088;BELÉN DE UMBRÍA;66088002;COLUMBIA;CP;-75.822142;5.217794;3044.942138671875
66;RISARALDA;66088;BELÉN DE UMBRÍA;66088004;PUENTE UMBRÍA;CP;-75.845384;5.250836;3043
66;RISARALDA;66088;BELÉN DE UMBRÍA;66088005;TAPARCAL;CP;-75.86434;5.166886;3046.85888671875
66;RISARALDA;66088;BELÉN DE UMBRÍA;66088010;EL AGUACATE;CP;-75.849997;5.162079;3045.03662109375
66;RISARALDA;66088;BELÉN DE UMBRÍA;66088011;EL CONGO;CP;-75.849236;5.232249;3043.33837890625
66;RISARALDA;66170;DOSQUEBRADAS;66170000;DOSQUEBRADAS;CM;-75.682469;4.8272;3046.734619140625
66;RISARALDA;66170;DOSQUEBRADAS;66170001;ALTO DEL TORO;CP;-75.638822;4.803124;3055.2158203125
66;RISARALDA;66170;DOSQUEBRADAS;66170006;LA UNIÓN;CP;-75.6934;4.855546;3045.802978515625
66;RISARALDA;66170;DOSQUEBRADAS;66170008;AGUAZUL;CP;-75.653036;4.870172;3053.95751953125
66;RISARALDA;66170;DOSQUEBRADAS;66170009;BUENA VISTA;CP;-75.649056;4.828077;3053.7265625
66;RISARALDA;66170;DOSQUEBRADAS;66170010;COMUNEROS;CP;-75.654654;4.810323;3052.365234375
66;RISARALDA;66170;DOSQUEBRADAS;66170011;EL ESTANQUILLO;CP;-75.70536;4.835995;3042.521240234375
66;RISARALDA;66170;DOSQUEBRADAS;66170014;LA ESMERALDA;CP;-75.685866;4.839799;3046.784912109375
66;RISARALDA;66170;DOSQUEBRADAS;66170017;LA PLAYITA;CP;-75.658363;4.81209;3051.53466796875
66;RISARALDA;66170;DOSQUEBRADAS;66170020;NARANJALES;CP;-75.665212;4.817275;3050.556640625
66;RISARALDA;66170;DOSQUEBRADAS;66170021;SANTANA BAJA;CP;-75.689386;4.853403;3046.128662109375
66;RISARALDA;66170;DOSQUEBRADAS;66170022;VILLA CAROLA;CP;-75.655124;4.862422;3053.32275390625
66;RISARALDA;66170;DOSQUEBRADAS;66170024;EL COFRE;CP;-75.661414;4.86416;3052.593505859375
66;RISARALDA;66170;DOSQUEBRADAS;66170026;LA DIVISA PARTE ALTA;CP;-75.656019;4.826416;3052.236083984375
66;RISARALDA;66318;GUÁTICA;66318000;GUÁTICA;CM;-75.799324;5.316251;3057.06787109375
66;RISARALDA;66318;GUÁTICA;66318002;SAN CLEMENTE;CP;-75.786602;5.318086;3062.076171875
66;RISARALDA;66318;GUÁTICA;66318003;SANTA ANA;CP;-75.819743;5.308402;3048.12890625
66;RISARALDA;66318;GUÁTICA;66318006;TRAVESÍAS;CP;-75.832006;5.28415;3044.6474609375
66;RISARALDA;66383;LA CELIA;66383000;LA CELIA;CM;-76.0032;5.002787;3042.175048828125
66;RISARALDA;66383;LA CELIA;66383001;PATIO BONITO;CP;-75.979674;4.994796;3046.803955078125
66;RISARALDA;66400;LA VIRGINIA;66400000;LA VIRGINIA;CM;-75.884298;4.89877;3037.899169921875
66;RISARALDA;66400;LA VIRGINIA;66400001;LA PALMA;CP;-75.826113;4.917098;3039.271728515625
66;RISARALDA;66440;MARSELLA;66440000;MARSELLA;CM;-75.738576;4.935559;3041.481201171875
66;RISARALDA;66440;MARSELLA;66440001;ALTO CAUCA;CP;-75.743144;4.994295;3047.611572265625
66;RISARALDA;66440;MARSELLA;66440002;BELTRÁN;CP;-75.793;4.959932;3040.153564453125
66;RISARALDA;66440;MARSELLA;66440003;LA ARGENTINA;CP;-75.790412;4.915257;3037.2509765625
66;RISARALDA;66440;MARSELLA;66440008;PLAN DE VIVIENDA EL RAYO;CP;-75.730695;4.917005;3041.101806640625
66;RISARALDA;66440;MARSELLA;66440009;ESTACIÓN PEREIRA;CP;-75.81427;4.906836;3038.066650390625
66;RISARALDA;66440;MARSELLA;66440013;PLAN DE VIVIENDA TACURRUMBI;CP;-75.717329;4.972563;3048.92431640625
66;RISARALDA;66456;MISTRATÓ;66456000;MISTRATÓ;CM;-75.882886;5.297039;3045.950927734375
66;RISARALDA;66456;MISTRATÓ;66456002;PUERTO DE ORO;CP;-76.02569;5.459371;3047
66;RISARALDA;66456;MISTRATÓ;66456003;SAN ANTONIO DEL CHAMI;CP;-75.904326;5.416268;3055.897705078125
66;RISARALDA;66456;MISTRATÓ;66456005;ALTO PUEBLO RICO;CP;-75.888628;5.280204;3045.05126953125
66;RISARALDA;66456;MISTRATÓ;66456008;MAMPAY;CP;-75.882188;5.357929;3051.2001953125
66;RISARALDA;66456;MISTRATÓ;66456010;PINAR DEL RÍO;CP;-75.864273;5.272515;3044.999267578125
66;RISARALDA;66456;MISTRATÓ;66456011;QUEBRADA ARRIBA;CP;-75.889483;5.28939;3045.7880859375
66;RISARALDA;66456;MISTRATÓ;66456012;RÍO MISTRATO;CP;-76.000322;5.382008;3047.80078125
66;RISARALDA;66572;PUEBLO RICO;66572000;PUEBLO RICO;CM;-76.030805;5.222022;3049
66;RISARALDA;66572;PUEBLO RICO;66572001;SANTA CECILIA;CP;-76.149313;5.342409;3044.415771484375
66;RISARALDA;66572;PUEBLO RICO;66572002;VILLA CLARET;CP;-75.995848;5.316067;3048.193115234375
66;RISARALDA;66594;QUINCHÍA;66594000;QUINCHÍA;CM;-75.730431;5.340456;3071.032470703125
66;RISARALDA;66594;QUINCHÍA;66594001;BATERO;CP;-75.701625;5.368242;3077.594482421875
66;RISARALDA;66594;QUINCHÍA;66594002;IRRA;CP;-75.666899;5.269878;3073.846923828125
66;RISARALDA;66594;QUINCHÍA;66594006;NARANJAL;CP;-75.709042;5.323581;3074.326171875
66;RISARALDA;66594;QUINCHÍA;66594007;SANTA ELENA;CP;-75.725895;5.279078;3069.234619140625
66;RISARALDA;66594;QUINCHÍA;66594012;MORETA;CP;-75.694258;5.360968;3078.04052734375
66;RISARALDA;66594;QUINCHÍA;66594014;SAN JOSÉ;CP;-75.73455;5.31722;3069.458740234375
66;RISARALDA;66594;QUINCHÍA;66594019;VILLA RICA;CP;-75.731354;5.28097;3068.3994140625
66;RISARALDA;66682;SANTA ROSA DE CABAL;66682000;SANTA ROSA DE CABAL;CM;-75.620171;4.867454;3059.90625
66;RISARALDA;66682;SANTA ROSA DE CABAL;66682003;EL ESPAÑOL;CP;-75.699662;4.933552;3049.012451171875
66;RISARALDA;66682;SANTA ROSA DE CABAL;66682006;GUACAS;CP;-75.615312;4.89565;3061.37451171875
66;RISARALDA;66682;SANTA ROSA DE CABAL;66682008;LA CAPILLA;CP;-75.642356;4.957229;3059.038330078125
66;RISARALDA;66682;SANTA ROSA DE CABAL;66682009;LA ESTRELLA;CP;-75.672593;4.929974;3053.05078125
66;RISARALDA;66682;SANTA ROSA DE CABAL;66682010;LAS MANGAS;CP;-75.641808;4.787792;3054.474365234375
66;RISARALDA;66682;SANTA ROSA DE CABAL;66682012;SANTA BÁRBARA;CP;-75.590374;4.91454;3062.63623046875
66;RISARALDA;66682;SANTA ROSA DE CABAL;66682016;GUAIMARAL;CP;-75.664413;4.904036;3053.082275390625
66;RISARALDA;66682;SANTA ROSA DE CABAL;66682017;EL LEMBO;CP;-75.631801;4.919102;3059.833984375
66;RISARALDA;66682;SANTA ROSA DE CABAL;66682019;BAJO SAMARIA;CP;-75.614356;4.845179;3059.9775390625
66;RISARALDA;66682;SANTA ROSA DE CABAL;66682020;LA FLORIDA;CP;-75.686275;4.9135;3049.752685546875
66;RISARALDA;66682;SANTA ROSA DE CABAL;66682022;EL JAZMÍN;CP;-75.62673;4.915005;3060.457763671875
66;RISARALDA;66682;SANTA ROSA DE CABAL;66682024;LA LEONA;CP;-75.592363;4.862161;3061.096923828125
66;RISARALDA;66682;SANTA ROSA DE CABAL;66682025;SAN JUANITO;CP;-75.647423;4.947126;3057.802734375
66;RISARALDA;66687;SANTUARIO;66687000;SANTUARIO;CM;-75.962196;5.072762;3047.9521484375
66;RISARALDA;66687;SANTUARIO;66687002;LA MARINA;CP;-75.951021;5.055873;3046.4228515625
66;RISARALDA;66687;SANTUARIO;66687003;PERALONSO;CP;-75.925537;4.992925;3045.041015625
66;RISARALDA;66687;SANTUARIO;66687014;PLAYA RICA;CP;-75.907508;4.996167;3043.301513671875
66;RISARALDA;66687;SANTUARIO;66687015;EL ROSAL;CP;-75.948101;5.066541;3045.521728515625
68;SANTANDER;68001;BUCARAMANGA;68001000;BUCARAMANGA;CM;-73.132582;7.116381;3094.99365234375
68;SANTANDER;68001;BUCARAMANGA;68001015;EL NOGAL;CP;-73.130799;7.183428;3098.01416015625
68;SANTANDER;68001;BUCARAMANGA;68001016;EL PEDREGAL;CP;-73.104631;7.146852;3096
68;SANTANDER;68001;BUCARAMANGA;68001017;VIJAGUAL;CP;-73.130069;7.194698;3098.767578125
68;SANTANDER;68001;BUCARAMANGA;68001018;VILLA CARMELO;CP;-73.130333;7.205155;3098.99609375
68;SANTANDER;68001;BUCARAMANGA;68001019;VILLA LUZ;CP;-73.132338;7.186272;3098.25341796875
68;SANTANDER;68013;AGUADA;68013000;AGUADA;CM;-73.523187;6.162157;3034.85498046875
68;SANTANDER;68020;ALBANIA;68020000;ALBANIA;CM;-73.913823;5.758993;3030.118896484375
68;SANTANDER;68020;ALBANIA;68020001;CARRETERO;CP;-73.773057;5.833873;3028
68;SANTANDER;68020;ALBANIA;68020002;EL HATILLO;CP;-73.770478;5.81119;3027.40380859375
68;SANTANDER;68020;ALBANIA;68020003;LA MESA;CP;-73.827553;5.780124;3026.12109375
68;SANTANDER;68051;ARATOCA;68051000;ARATOCA;CM;-73.01786;6.694418;3076.580078125
68;SANTANDER;68051;ARATOCA;68051001;CHIFLAS;CP;-73.008847;6.74312;3078
68;SANTANDER;68051;ARATOCA;68051012;EL HOYO;CP;-73.010786;6.699514;3077
68;SANTANDER;68051;ARATOCA;68051013;BRISAS DEL CHICAMOCHA;CP;-73.010284;6.737648;3078
68;SANTANDER;68077;BARBOSA;68077000;BARBOSA;CM;-73.616016;5.932699;3029.74658203125
68;SANTANDER;68077;BARBOSA;68077001;CITE;CP;-73.603425;5.964556;3032.2568359375
68;SANTANDER;68077;BARBOSA;68077003;BUENAVISTA;CP;-73.644411;5.93222;3031.952880859375
68;SANTANDER;68077;BARBOSA;68077005;CRISTALES;CP;-73.63506;5.914653;3029.714111328125
68;SANTANDER;68077;BARBOSA;68077006;FRANCISCO DE PAULA;CP;-73.631877;5.932525;3031.0732421875
68;SANTANDER;68079;BARICHARA;68079000;BARICHARA;CM;-73.223047;6.634111;3070.703369140625
68;SANTANDER;68079;BARICHARA;68079001;GUANE;CP;-73.239997;6.678158;3075.6474609375
68;SANTANDER;68081;BARRANCABERMEJA;68081000;BARRANCABERMEJA. DISTRITO ESPECIAL. PORTUARIO. BIODIVERSO. INDUSTRIAL Y TURÍSTICO;CM;-73.849313;7.064855;3117.398681640625
68;SANTANDER;68081;BARRANCABERMEJA;68081001;EL CENTRO;CP;-73.764489;6.940598;3100.022705078125
68;SANTANDER;68081;BARRANCABERMEJA;68081002;EL LLANITO;CP;-73.849131;7.165216;3121.75634765625
68;SANTANDER;68081;BARRANCABERMEJA;68081004;MESETA SAN RAFAEL;CP;-73.584849;7.144022;3114.017333984375
68;SANTANDER;68081;BARRANCABERMEJA;68081006;SAN RAFAEL DE CHUCURÍ;CP;-74.033932;6.876994;3117.890625
68;SANTANDER;68081;BARRANCABERMEJA;68081009;LOS LAURELES;CP;-73.805203;7.018453;3104.2099609375
68;SANTANDER;68081;BARRANCABERMEJA;68081010;LA FORTUNA;CP;-73.554567;7.133005;3114
68;SANTANDER;68081;BARRANCABERMEJA;68081012;CAMPO 16;CP;-73.766535;6.9194;3099.54052734375
68;SANTANDER;68081;BARRANCABERMEJA;68081013;CAMPO 23;CP;-73.762776;6.863085;3101.983642578125
68;SANTANDER;68081;BARRANCABERMEJA;68081015;CAMPO 6;CP;-73.783957;6.975791;3097.957763671875
68;SANTANDER;68081;BARRANCABERMEJA;68081016;CAMPO GALÁN;CP;-73.895262;7.085827;3115.995361328125
68;SANTANDER;68081;BARRANCABERMEJA;68081018;CIENAGA DE OPON;CP;-73.901921;6.905795;3116.2705078125
68;SANTANDER;68081;BARRANCABERMEJA;68081020;CRETACEO;CP;-73.773942;6.929008;3097.989013671875
68;SANTANDER;68081;BARRANCABERMEJA;68081023;GALÁN BERLÍN;CP;-73.888723;7.088806;3116.0703125
68;SANTANDER;68081;BARRANCABERMEJA;68081027;LA FOREST;CP;-73.77631;6.963122;3097.504150390625
68;SANTANDER;68081;BARRANCABERMEJA;68081031;PROGRESO;CP;-73.77294;6.956218;3098.021484375
68;SANTANDER;68081;BARRANCABERMEJA;68081032;PUEBLO REGAO;CP;-73.765674;6.948316;3099.73828125
68;SANTANDER;68081;BARRANCABERMEJA;68081034;QUEMADERO;CP;-73.773555;6.938616;3097.96630859375
68;SANTANDER;68081;BARRANCABERMEJA;68081036;EL PALMAR;CP;-73.768927;6.957614;3098.87451171875
68;SANTANDER;68092;BETULIA;68092000;BETULIA;CM;-73.283669;6.899525;3087.00244140625
68;SANTANDER;68092;BETULIA;68092008;TIENDA NUEVA;CP;-73.435745;7.115527;3109.99169921875
68;SANTANDER;68092;BETULIA;68092010;LA PLAYA;CP;-73.426908;7.109657;3109.939697265625
68;SANTANDER;68092;BETULIA;68092012;EL PEAJE;CP;-73.442999;7.117505;3109.997314453125
68;SANTANDER;68101;BOLÍVAR;68101000;BOLÍVAR;CM;-73.771346;5.988953;3033.1826171875
68;SANTANDER;68101;BOLÍVAR;68101002;BERBEO;CP;-73.751657;6.074534;3039.476806640625
68;SANTANDER;68101;BOLÍVAR;68101007;FLÓREZ;CP;-73.762067;6.161279;3053.654052734375
68;SANTANDER;68101;BOLÍVAR;68101010;SANTA ROSA;CP;-73.838494;6.156044;3046.796142578125
68;SANTANDER;68101;BOLÍVAR;68101012;TRAPAL;CP;-73.839284;5.98901;3036.3818359375
68;SANTANDER;68101;BOLÍVAR;68101014;LA HERMOSURA;CP;-73.791337;6.119378;3042.935546875
68;SANTANDER;68101;BOLÍVAR;68101015;LA MELONA;CP;-73.787917;6.189892;3053.635009765625
68;SANTANDER;68101;BOLÍVAR;68101016;GALLEGOS;CP;-73.811162;6.181113;3046.91650390625
68;SANTANDER;68101;BOLÍVAR;68101025;SAN MARCOS;CP;-73.914572;6.153334;3058.843505859375
68;SANTANDER;68121;CABRERA;68121000;CABRERA;CM;-73.246475;6.592118;3068.754638671875
68;SANTANDER;68132;CALIFORNIA;68132000;CALIFORNIA;CM;-72.946295;7.347829;3072.585205078125
68;SANTANDER;68132;CALIFORNIA;68132002;LA BAJA;CP;-72.916308;7.36848;3062.93115234375
68;SANTANDER;68147;CAPITANEJO;68147000;CAPITANEJO;CM;-72.6992;6.53318;3078.50048828125
68;SANTANDER;68152;CARCASÍ;68152000;CARCASÍ;CM;-72.627099;6.629016;3068.997802734375
68;SANTANDER;68152;CARCASÍ;68152001;EL TOBAL;CP;-72.59022;6.653036;3058.477294921875
68;SANTANDER;68160;CEPITÁ;68160000;CEPITÁ;CM;-72.973536;6.753518;3082.755859375
68;SANTANDER;68162;CERRITO;68162000;CERRITO;CM;-72.692345;6.844244;3050.40185546875
68;SANTANDER;68162;CERRITO;68162007;SERVITÁ;CP;-72.698222;6.818938;3055.404052734375
68;SANTANDER;68167;CHARALÁ;68167000;CHARALÁ;CM;-73.146873;6.284339;3048.483154296875
68;SANTANDER;68167;CHARALÁ;68167003;RIACHUELO;CP;-73.087427;6.302636;3046.23095703125
68;SANTANDER;68167;CHARALÁ;68167005;VIROLÍN;CP;-73.19707;6.105685;3040.686279296875
68;SANTANDER;68169;CHARTA;68169000;CHARTA;CM;-72.968798;7.28082;3079.268310546875
68;SANTANDER;68176;CHIMA;68176000;CHIMA;CM;-73.373656;6.344348;3051.408203125
68;SANTANDER;68179;CHIPATÁ;68179000;CHIPATÁ;CM;-73.637111;6.062521;3037.619384765625
68;SANTANDER;68179;CHIPATÁ;68179010;PUENTE GRANDE;CP;-73.624046;6.114702;3040.68896484375
68;SANTANDER;68190;CIMITARRA;68190000;CIMITARRA;CM;-73.953011;6.320886;3081.336669921875
68;SANTANDER;68190;CIMITARRA;68190002;PUERTO ARAUJO;CP;-74.101311;6.518179;3094.400390625
68;SANTANDER;68190;CIMITARRA;68190003;PUERTO OLAYA;CP;-74.396297;6.482578;3104.485595703125
68;SANTANDER;68190;CIMITARRA;68190004;ZAMBITO;CP;-74.500055;6.274133;3095.093994140625
68;SANTANDER;68190;CIMITARRA;68190005;DOS HERMANOS;CP;-74.339733;6.146441;3084.14697265625
68;SANTANDER;68190;CIMITARRA;68190006;SANTA ROSA;CP;-74.093543;6.291231;3079.644775390625
68;SANTANDER;68190;CIMITARRA;68190009;LA VERDE;CP;-73.876402;6.406777;3080.78955078125
68;SANTANDER;68190;CIMITARRA;68190010;GUAYABITO BAJO;CP;-73.95582;6.416567;3088.98876953125
68;SANTANDER;68190;CIMITARRA;68190012;CAMPO SECO;CP;-74.298926;6.262817;3091.906005859375
68;SANTANDER;68190;CIMITARRA;68190014;SAN FERNANDO;CP;-74.265521;6.239059;3090.724365234375
68;SANTANDER;68190;CIMITARRA;68190018;EL ATERRADO;CP;-74.400819;6.530473;3107.156494140625
68;SANTANDER;68190;CIMITARRA;68190019;LA CARRILERA - KM 28;CP;-74.178258;6.564858;3109.6884765625
68;SANTANDER;68190;CIMITARRA;68190021;PALMAS DEL GUAYABITO;CP;-74.057288;6.551793;3093.96337890625
68;SANTANDER;68190;CIMITARRA;68190022;PRIMAVERA;CP;-74.366711;6.490912;3107.99267578125
68;SANTANDER;68190;CIMITARRA;68190023;SAN JUAN DE LA CARRETERA;CP;-74.233684;6.47308;3106.627685546875
68;SANTANDER;68190;CIMITARRA;68190024;SAN PEDRO DE LA PAZ;CP;-74.4347;6.330654;3093.472412109375
68;SANTANDER;68190;CIMITARRA;68190025;CAMPO PADILLA;CP;-74.334011;6.193621;3083.450927734375
68;SANTANDER;68190;CIMITARRA;68190028;CASCAJERO;CP;-73.938;6.299815;3078.07373046875
68;SANTANDER;68190;CIMITARRA;68190030;LA TRAVIATA;CP;-74.264847;6.408499;3105.430419921875
68;SANTANDER;68190;CIMITARRA;68190032;LA YE DE LA TORRE;CP;-74.301084;6.365814;3103.044921875
68;SANTANDER;68207;CONCEPCIÓN;68207000;CONCEPCIÓN;CM;-72.694583;6.768918;3060.026611328125
68;SANTANDER;68209;CONFINES;68209000;CONFINES;CM;-73.240554;6.357327;3049.590576171875
68;SANTANDER;68211;CONTRATACIÓN;68211000;CONTRATACIÓN;CM;-73.474426;6.290561;3041.275390625
68;SANTANDER;68211;CONTRATACIÓN;68211001;SAN PABLO;CP;-73.572564;6.304362;3048.12939453125
68;SANTANDER;68217;COROMORO;68217000;COROMORO;CM;-73.040816;6.294999;3049.33642578125
68;SANTANDER;68217;COROMORO;68217001;CINCELADA;CP;-73.078146;6.238924;3038.861572265625
68;SANTANDER;68229;CURITÍ;68229000;CURITÍ;CM;-73.069388;6.605102;3070.0849609375
68;SANTANDER;68235;EL CARMEN DE CHUCURÍ;68235000;EL CARMEN DE CHUCURÍ;CM;-73.511268;6.697907;3080.1884765625
68;SANTANDER;68235;EL CARMEN DE CHUCURÍ;68235001;ANGOSTURAS DE LOS ANDES;CP;-73.643093;6.622613;3078.77197265625
68;SANTANDER;68235;EL CARMEN DE CHUCURÍ;68235004;EL CENTENARIO;CP;-73.580615;6.693767;3076.06494140625
68;SANTANDER;68235;EL CARMEN DE CHUCURÍ;68235009;SANTO DOMINGO DEL RAMO;CP;-73.662847;6.581873;3077.373779296875
68;SANTANDER;68235;EL CARMEN DE CHUCURÍ;68235017;LA EXPLANACIÓN;CP;-73.679765;6.644237;3080.94482421875
68;SANTANDER;68235;EL CARMEN DE CHUCURÍ;68235022;EL 27;CP;-73.604634;6.784472;3085.92431640625
68;SANTANDER;68245;EL GUACAMAYO;68245000;EL GUACAMAYO;CM;-73.496893;6.245119;3038.826416015625
68;SANTANDER;68245;EL GUACAMAYO;68245003;SANTA RITA;CP;-73.600005;6.28876;3048.00390625
68;SANTANDER;68250;EL PEÑÓN;68250000;EL PEÑÓN;CM;-73.816911;6.054277;3034.278076171875
68;SANTANDER;68250;EL PEÑÓN;68250002;CRUCES;CP;-73.843631;6.079042;3041.7041015625
68;SANTANDER;68250;EL PEÑÓN;68250003;OTOVAL - RÍO BLANCO;CP;-73.901088;6.094367;3054.734130859375
68;SANTANDER;68250;EL PEÑÓN;68250006;EL GODO;CP;-73.868596;6.130157;3049.5986328125
68;SANTANDER;68250;EL PEÑÓN;68250007;GIRÓN;CP;-73.928551;6.127018;3057.018310546875
68;SANTANDER;68250;EL PEÑÓN;68250009;SAN FRANCISCO;CP;-73.91982;6.100836;3054.75341796875
68;SANTANDER;68255;EL PLAYÓN;68255000;EL PLAYÓN;CM;-73.20287;7.470715;3113.728515625
68;SANTANDER;68255;EL PLAYÓN;68255001;BARRIO NUEVO;CP;-73.235316;7.570039;3116.552001953125
68;SANTANDER;68255;EL PLAYÓN;68255002;BETANIA;CP;-73.162894;7.557166;3112.971923828125
68;SANTANDER;68255;EL PLAYÓN;68255007;ESTACIÓN LAGUNA;CP;-73.237275;7.586724;3118.759033203125
68;SANTANDER;68255;EL PLAYÓN;68255014;SAN PEDRO DE TIGRA;CP;-73.256739;7.474879;3114
68;SANTANDER;68264;ENCINO;68264000;ENCINO;CM;-73.098749;6.137429;3031.361572265625
68;SANTANDER;68266;ENCISO;68266000;ENCISO;CM;-72.699647;6.668034;3070.65625
68;SANTANDER;68266;ENCISO;68266002;PEÑA COLORADA;CP;-72.70669;6.645331;3072.31884765625
68;SANTANDER;68271;FLORIÁN;68271000;FLORIÁN;CM;-73.97143;5.804659;3039.65478515625
68;SANTANDER;68271;FLORIÁN;68271001;LA VENTA;CP;-73.87821;5.809982;3029.83740234375
68;SANTANDER;68271;FLORIÁN;68271003;SAN ANTONIO DE LEONES;CP;-73.930702;5.788003;3033.5634765625
68;SANTANDER;68276;FLORIDABLANCA;68276000;FLORIDABLANCA;CM;-73.098991;7.072385;3092.910400390625
68;SANTANDER;68276;FLORIDABLANCA;68276011;EL MORTIÑO;CP;-73.058145;7.121077;3093.08447265625
68;SANTANDER;68276;FLORIDABLANCA;68276012;MONTEARROYO CONDOMINIO;CP;-73.07043;7.048226;3091.06689453125
68;SANTANDER;68276;FLORIDABLANCA;68276013;RUITOQUE COUNTRY CLUB CONDOMINIO;CP;-73.084993;7.030123;3090.941650390625
68;SANTANDER;68276;FLORIDABLANCA;68276014;VALLE DE RUITOQUE;CP;-73.119915;7.03679;3089.71337890625
68;SANTANDER;68276;FLORIDABLANCA;68276016;VILLAS DE GUADALQUIVIR;CP;-73.06909;7.06491;3092.000732421875
68;SANTANDER;68276;FLORIDABLANCA;68276018;ALTOS DE ORIENTE;CP;-73.071529;7.05312;3091.575439453125
68;SANTANDER;68276;FLORIDABLANCA;68276019;BELLAVISTA;CP;-73.083841;7.105776;3094.15625
68;SANTANDER;68276;FLORIDABLANCA;68276020;KM 14;CP;-73.074824;7.117604;3094.17919921875
68;SANTANDER;68276;FLORIDABLANCA;68276021;LA CIDRA;CP;-73.07983;7.051012;3091.94580078125
68;SANTANDER;68276;FLORIDABLANCA;68276022;TRINITARIOS;CP;-73.110553;7.045058;3090.6943359375
68;SANTANDER;68276;FLORIDABLANCA;68276023;CALATRAVA;CP;-73.074727;7.041261;3091
68;SANTANDER;68296;GALÁN;68296000;GALÁN;CM;-73.287765;6.638415;3073.333740234375
68;SANTANDER;68298;GÁMBITA;68298000;GÁMBITA;CM;-73.344184;5.945981;3019.39013671875
68;SANTANDER;68298;GÁMBITA;68298002;LA PALMA;CP;-73.384859;5.867423;3006.490478515625
68;SANTANDER;68307;GIRÓN;68307000;GIRÓN;CM;-73.168257;7.072749;3094.307373046875
68;SANTANDER;68307;GIRÓN;68307002;BOCAS;CP;-73.159693;7.213519;3102.122802734375
68;SANTANDER;68307;GIRÓN;68307003;MARTA;CP;-73.422585;7.113951;3109.926513671875
68;SANTANDER;68307;GIRÓN;68307007;ACAPULCO;CP;-73.132462;7.009645;3087.988525390625
68;SANTANDER;68307;GIRÓN;68307011;BARBOSA;CP;-73.1551;7.03714;3090.90087890625
68;SANTANDER;68307;GIRÓN;68307018;CHOCOITA;CP;-73.16767;6.986394;3088.530517578125
68;SANTANDER;68307;GIRÓN;68307020;EL LAGUITO;CP;-73.158495;7.04844;3092.032470703125
68;SANTANDER;68307;GIRÓN;68307021;PUEBLITO VIEJO;CP;-73.149768;7.073482;3093.232421875
68;SANTANDER;68307;GIRÓN;68307022;RIO DE ORO;CP;-73.153821;7.147201;3098.484619140625
68;SANTANDER;68307;GIRÓN;68307023;LLANADAS;CP;-73.15295;7.04344;3091.126220703125
68;SANTANDER;68307;GIRÓN;68307024;VIENTOS DE LLANADA;CP;-73.16625;7.03705;3091.8310546875
68;SANTANDER;68318;GUACA;68318000;GUACA;CM;-72.856322;6.876563;3076.97509765625
68;SANTANDER;68318;GUACA;68318001;BARAYA;CP;-72.816108;6.97952;3068.694091796875
68;SANTANDER;68320;GUADALUPE;68320000;GUADALUPE;CM;-73.419292;6.245847;3037.458984375
68;SANTANDER;68320;GUADALUPE;68320005;EL TIRANO;CP;-73.404037;6.214792;3039.1328125
68;SANTANDER;68322;GUAPOTÁ;68322000;GUAPOTÁ;CM;-73.320699;6.308588;3052.83056640625
68;SANTANDER;68324;GUAVATÁ;68324000;GUAVATÁ;CM;-73.700906;5.954348;3028.62744140625
68;SANTANDER;68327;GÜEPSA;68327000;GÜEPSA;CM;-73.575146;6.025013;3036.692626953125
68;SANTANDER;68344;HATO;68344000;HATO;CM;-73.308399;6.543957;3065.142822265625
68;SANTANDER;68368;JESÚS MARÍA;68368000;JESÚS MARÍA;CM;-73.783396;5.876497;3028.0068359375
68;SANTANDER;68370;JORDÁN;68370000;JORDÁN SUBE;CM;-73.096053;6.732727;3074.042724609375
68;SANTANDER;68377;LA BELLEZA;68377000;LA BELLEZA;CM;-73.965494;5.85925;3041.970458984375
68;SANTANDER;68377;LA BELLEZA;68377001;LA QUITAZ;CP;-74.011435;5.934403;3046.462890625
68;SANTANDER;68377;LA BELLEZA;68377003;EL RUBÍ;CP;-74.057025;5.890461;3056.90869140625
68;SANTANDER;68377;LA BELLEZA;68377005;LOS VALLES;CP;-74.076048;5.902779;3049.121337890625
68;SANTANDER;68385;LANDÁZURI;68385000;LANDÁZURI;CM;-73.811296;6.218866;3053.306884765625
68;SANTANDER;68385;LANDÁZURI;68385001;BAJO JORDÁN;CP;-73.750466;6.215075;3061.3837890625
68;SANTANDER;68385;LANDÁZURI;68385005;PLAN DE ARMAS;CP;-73.752436;6.374568;3070.885009765625
68;SANTANDER;68385;LANDÁZURI;68385006;SAN IGNACIO DEL OPÓN;CP;-73.685311;6.411263;3063.7392578125
68;SANTANDER;68385;LANDÁZURI;68385007;MIRALINDO;CP;-73.753713;6.313918;3071.980712890625
68;SANTANDER;68385;LANDÁZURI;68385008;KILÓMETRO 15;CP;-73.863069;6.256877;3070.208251953125
68;SANTANDER;68385;LANDÁZURI;68385009;LA INDIA;CP;-74.087034;6.19554;3079.387939453125
68;SANTANDER;68385;LANDÁZURI;68385014;RÍO BLANCO;CP;-73.789704;6.468417;3093.073486328125
68;SANTANDER;68397;LA PAZ;68397000;LA PAZ;CM;-73.58959;6.178509;3045.000244140625
68;SANTANDER;68397;LA PAZ;68397001;EL HATO;CP;-73.590862;6.113466;3042.407958984375
68;SANTANDER;68397;LA PAZ;68397002;LA LOMA;CP;-73.606071;6.132743;3043.0576171875
68;SANTANDER;68397;LA PAZ;68397005;TROCHAL;CP;-73.677999;6.330308;3055.345458984375
68;SANTANDER;68406;LEBRIJA;68406000;LEBRIJA;CM;-73.219524;7.113351;3098
68;SANTANDER;68406;LEBRIJA;68406003;EL CONCHAL;CP;-73.262319;7.282247;3107.118408203125
68;SANTANDER;68406;LEBRIJA;68406009;PORTUGAL;CP;-73.281332;7.157114;3100
68;SANTANDER;68406;LEBRIJA;68406013;URIBE URIBE;CP;-73.360425;7.248453;3107.72021484375
68;SANTANDER;68406;LEBRIJA;68406014;VANEGAS;CP;-73.298248;7.351652;3111.039794921875
68;SANTANDER;68406;LEBRIJA;68406026;CONDOMINIO VILLAS DE PALO NEGRO;CP;-73.186135;7.140637;3100.004638671875
68;SANTANDER;68418;LOS SANTOS;68418000;LOS SANTOS;CM;-73.102746;6.755208;3075
68;SANTANDER;68418;LOS SANTOS;68418006;MAJADAL ALTO;CP;-73.084578;6.848713;3080.1767578125
68;SANTANDER;68425;MACARAVITA;68425000;MACARAVITA;CM;-72.593105;6.50658;3055.634521484375
68;SANTANDER;68425;MACARAVITA;68425003;LA BRICHA;CP;-72.556172;6.513178;3039.669677734375
68;SANTANDER;68432;MÁLAGA;68432000;MÁLAGA;CM;-72.732089;6.703081;3067.018798828125
68;SANTANDER;68432;MÁLAGA;68432009;ASODEMA;CP;-72.740167;6.703203;3066.8291015625
68;SANTANDER;68444;MATANZA;68444000;MATANZA;CM;-73.015566;7.323175;3089.248779296875
68;SANTANDER;68444;MATANZA;68444006;SANTA CRUZ DE LA COLINA;CP;-73.094573;7.371744;3101.2294921875
68;SANTANDER;68464;MOGOTES;68464000;MOGOTES;CM;-72.969807;6.475246;3063.9638671875
68;SANTANDER;68464;MOGOTES;68464002;PITIGUAO;CP;-72.963495;6.585472;3072.993896484375
68;SANTANDER;68464;MOGOTES;68464016;LOS CAUCHOS;CP;-72.908072;6.581837;3079.457763671875
68;SANTANDER;68468;MOLAGAVITA;68468000;MOLAGAVITA;CM;-72.809177;6.674326;3077.5439453125
68;SANTANDER;68468;MOLAGAVITA;68468002;EL JUNCO;CP;-72.801677;6.639378;3076.678466796875
68;SANTANDER;68498;OCAMONTE;68498000;OCAMONTE;CM;-73.122563;6.339988;3050.9716796875
68;SANTANDER;68500;OIBA;68500000;OIBA;CM;-73.299786;6.265175;3048.373046875
68;SANTANDER;68500;OIBA;68500006;PUENTE LLANO;CP;-73.331844;6.180536;3040.168212890625
68;SANTANDER;68502;ONZAGA;68502000;ONZAGA;CM;-72.816766;6.344104;3067.209716796875
68;SANTANDER;68502;ONZAGA;68502001;PADUA;CP;-72.772073;6.46974;3077.063720703125
68;SANTANDER;68502;ONZAGA;68502002;SUSA;CP;-72.832818;6.197473;3058.940185546875
68;SANTANDER;68502;ONZAGA;68502004;EL CARMEN;CP;-72.799205;6.487619;3076.8515625
68;SANTANDER;68522;PALMAR;68522000;PALMAR;CM;-73.29109;6.537789;3065.887939453125
68;SANTANDER;68524;PALMAS DEL SOCORRO;68524000;PALMAS DEL SOCORRO;CM;-73.287764;6.406139;3059.285888671875
68;SANTANDER;68533;PÁRAMO;68533000;PÁRAMO;CM;-73.170394;6.416465;3057.70849609375
68;SANTANDER;68547;PIEDECUESTA;68547000;PIEDECUESTA;CM;-73.054493;6.997272;3090
68;SANTANDER;68547;PIEDECUESTA;68547003;SEVILLA;CP;-72.996838;7.015813;3088
68;SANTANDER;68547;PIEDECUESTA;68547007;UMPALÁ;CP;-72.976959;6.845711;3082.668701171875
68;SANTANDER;68547;PIEDECUESTA;68547008;PESCADERO;CP;-72.997029;6.825644;3081.911376953125
68;SANTANDER;68547;PIEDECUESTA;68547010;LA COLINA;CP;-73.09667;7.017372;3090
68;SANTANDER;68547;PIEDECUESTA;68547011;LOS CUROS;CP;-73.007511;6.918233;3087.968505859375
68;SANTANDER;68547;PIEDECUESTA;68547016;CONDOMINIO RUITOQUE COUNTRY CLUB;CP;-73.08528;7.023063;3090.297607421875
68;SANTANDER;68547;PIEDECUESTA;68547017;LA ESPERANZA;CP;-73.113438;7.012856;3088.936767578125
68;SANTANDER;68547;PIEDECUESTA;68547018;BUENOS AIRES MESA RUITOQUE;CP;-73.105959;7.007936;3089.027099609375
68;SANTANDER;68547;PIEDECUESTA;68547019;LA VEGA;CP;-73.081577;6.99531;3089
68;SANTANDER;68547;PIEDECUESTA;68547020;LA DIVA;CP;-73.083125;6.990802;3089
68;SANTANDER;68547;PIEDECUESTA;68547021;ALTAMIRA;CP;-73.026582;6.90467;3086.818359375
68;SANTANDER;68547;PIEDECUESTA;68547022;CAMPO CAMPIÑA;CP;-73.018305;6.88089;3085.576171875
68;SANTANDER;68547;PIEDECUESTA;68547023;CIUDAD TEYUNA;CP;-73.038984;6.953697;3088.998779296875
68;SANTANDER;68547;PIEDECUESTA;68547024;EDEN;CP;-73.079578;6.997337;3089.003173828125
68;SANTANDER;68547;PIEDECUESTA;68547025;MIRADOR DEL LAGO;CP;-73.030516;6.854937;3083.0244140625
68;SANTANDER;68547;PIEDECUESTA;68547026;NUEVA COLOMBIA;CP;-73.087948;6.993815;3089
68;SANTANDER;68547;PIEDECUESTA;68547028;PARAMITO;CP;-73.031114;6.955243;3089
68;SANTANDER;68549;PINCHOTE;68549000;PINCHOTE;CM;-73.174699;6.531745;3065.488037109375
68;SANTANDER;68549;PINCHOTE;68549003;BARRIO PORTAL DEL CONDE;CP;-73.15524;6.55132;3066.77734375
68;SANTANDER;68572;PUENTE NACIONAL;68572000;PUENTE NACIONAL;CM;-73.677554;5.87836;3031.5859375
68;SANTANDER;68572;PUENTE NACIONAL;68572002;CAPILLA;CP;-73.658052;5.864369;3028.989990234375
68;SANTANDER;68572;PUENTE NACIONAL;68572003;PROVIDENCIA;CP;-73.662441;5.827241;3026.218505859375
68;SANTANDER;68572;PUENTE NACIONAL;68572004;QUEBRADA NEGRA;CP;-73.659811;5.8032;3023.840576171875
68;SANTANDER;68572;PUENTE NACIONAL;68572012;PEÑA BLANCA;CP;-73.657522;5.743742;3018.2255859375
68;SANTANDER;68573;PUERTO PARRA;68573000;PUERTO PARRA;CM;-74.056129;6.650785;3107.1015625
68;SANTANDER;68573;PUERTO PARRA;68573001;CAMPO CAPOTE;CP;-73.918496;6.619381;3093.86083984375
68;SANTANDER;68573;PUERTO PARRA;68573002;LAS MONTOYAS;CP;-74.034927;6.755056;3116
68;SANTANDER;68573;PUERTO PARRA;68573003;BOCAS DE CARARE O CARARE VIEJO;CP;-74.099955;6.780686;3115.278564453125
68;SANTANDER;68573;PUERTO PARRA;68573005;EL CRUCE;CP;-73.950406;6.647769;3088.906982421875
68;SANTANDER;68575;PUERTO WILCHES;68575000;PUERTO WILCHES;CM;-73.899068;7.349039;3137.096923828125
68;SANTANDER;68575;PUERTO WILCHES;68575001;BADILLO;CP;-73.854379;7.97471;3171
68;SANTANDER;68575;PUERTO WILCHES;68575003;BOCAS ROSARIO;CP;-73.797247;7.738034;3155.129638671875
68;SANTANDER;68575;PUERTO WILCHES;68575004;CARPINTERO;CP;-73.842675;8.078683;3174
68;SANTANDER;68575;PUERTO WILCHES;68575005;CHINGALE;CP;-73.801525;7.685936;3154.994873046875
68;SANTANDER;68575;PUERTO WILCHES;68575006;EL GUAYABO;CP;-73.834184;7.947726;3170.0068359375
68;SANTANDER;68575;PUERTO WILCHES;68575007;EL PEDRAL;CP;-73.845322;7.227041;3123.802734375
68;SANTANDER;68575;PUERTO WILCHES;68575011;KILOMETRO 20 - COMUNEROS;CP;-73.736069;7.325011;3128.85400390625
68;SANTANDER;68575;PUERTO WILCHES;68575013;PATURIA;CP;-73.82532;7.585643;3153.479248046875
68;SANTANDER;68575;PUERTO WILCHES;68575014;PRADILLA;CP;-73.67941;7.349033;3125.348388671875
68;SANTANDER;68575;PUERTO WILCHES;68575015;PUENTE SOGAMOSO;CP;-73.78594;7.246473;3129.670654296875
68;SANTANDER;68575;PUERTO WILCHES;68575018;VIJAGUAL;CP;-73.816002;7.850508;3162.104736328125
68;SANTANDER;68575;PUERTO WILCHES;68575019;PUERTO CAYUMBA;CP;-73.679611;7.249359;3116.197265625
68;SANTANDER;68575;PUERTO WILCHES;68575022;SITIO NUEVO;CP;-73.801148;7.78529;3157.18896484375
68;SANTANDER;68575;PUERTO WILCHES;68575023;KILÓMETRO OCHO;CP;-73.839879;7.328437;3131.585693359375
68;SANTANDER;68575;PUERTO WILCHES;68575024;SAN CLAVER;CP;-73.776838;7.324597;3134.9990234375
68;SANTANDER;68575;PUERTO WILCHES;68575025;GARCÍA CADENA;CP;-73.793038;7.311757;3133.217041015625
68;SANTANDER;68575;PUERTO WILCHES;68575026;CAMPO ALEGRE;CP;-73.804752;7.623736;3153.11767578125
68;SANTANDER;68575;PUERTO WILCHES;68575027;CAMPO DURO;CP;-73.778345;7.420764;3138.99951171875
68;SANTANDER;68575;PUERTO WILCHES;68575028;CURUMITA;CP;-73.905292;7.464049;3147.5458984375
68;SANTANDER;68575;PUERTO WILCHES;68575029;SANTA TERESA;CP;-73.888546;7.412971;3144.1435546875
68;SANTANDER;68575;PUERTO WILCHES;68575030;TALADRO II;CP;-73.698302;7.283775;3120.702392578125
68;SANTANDER;68575;PUERTO WILCHES;68575031;INVASIÓN LA INDEPENDENCIA;CP;-73.88327;7.32254;3134.21044921875
68;SANTANDER;68615;RIONEGRO;68615000;RIONEGRO;CM;-73.150147;7.26501;3103.010498046875
68;SANTANDER;68615;RIONEGRO;68615002;CUESTA RICA;CP;-73.275755;7.40662;3113.99755859375
68;SANTANDER;68615;RIONEGRO;68615009;LA CEIBA;CP;-73.185584;7.412184;3111.369873046875
68;SANTANDER;68615;RIONEGRO;68615011;LLANO DE PALMAS;CP;-73.197201;7.238453;3103.054931640625
68;SANTANDER;68615;RIONEGRO;68615012;MISIJUAY;CP;-73.135965;7.399376;3106.996826171875
68;SANTANDER;68615;RIONEGRO;68615013;PAPAYAL;CP;-73.639989;7.611605;3140.011962890625
68;SANTANDER;68615;RIONEGRO;68615017;VEINTE DE JULIO;CP;-73.528654;7.646649;3134.038330078125
68;SANTANDER;68615;RIONEGRO;68615027;LOS CHORROS (SAN JOSÉ);CP;-73.758808;7.694662;3150.94189453125
68;SANTANDER;68615;RIONEGRO;68615031;SAN RAFAEL;CP;-73.5763;7.607649;3137.403564453125
68;SANTANDER;68615;RIONEGRO;68615036;EL BAMBÚ;CP;-73.176913;7.377285;3109.01904296875
68;SANTANDER;68655;SABANA DE TORRES;68655000;SABANA DE TORRES;CM;-73.49906;7.391919;3116.230224609375
68;SANTANDER;68655;SABANA DE TORRES;68655001;LA GÓMEZ;CP;-73.553562;7.388309;3127.73876953125
68;SANTANDER;68655;SABANA DE TORRES;68655002;SABANETA;CP;-73.646342;7.351186;3126.74365234375
68;SANTANDER;68655;SABANA DE TORRES;68655004;PROVINCIA;CP;-73.438637;7.415175;3119.017333984375
68;SANTANDER;68655;SABANA DE TORRES;68655006;VERACRUZ KILÓMETRO 80;CP;-73.676753;7.490253;3135.884033203125
68;SANTANDER;68655;SABANA DE TORRES;68655007;SAN LUIS DE MAGARA;CP;-73.680199;7.595465;3142.353515625
68;SANTANDER;68655;SABANA DE TORRES;68655008;PAYOA CINCO;CP;-73.490589;7.269878;3114.837158203125
68;SANTANDER;68655;SABANA DE TORRES;68655009;PUERTO SANTOS;CP;-73.398572;7.39414;3121.050048828125
68;SANTANDER;68655;SABANA DE TORRES;68655011;CERRITO;CP;-73.772012;7.497191;3141.597900390625
68;SANTANDER;68655;SABANA DE TORRES;68655013;KILÓMETRO 36;CP;-73.607036;7.360671;3129.103515625
68;SANTANDER;68655;SABANA DE TORRES;68655014;LA PAMPA;CP;-73.548762;7.327198;3120.274169921875
68;SANTANDER;68655;SABANA DE TORRES;68655015;SAN LUIS DE RIO SUCIO;CP;-73.555569;7.169428;3115
68;SANTANDER;68669;SAN ANDRÉS;68669000;SAN ANDRÉS;CM;-72.848696;6.812318;3080.619384765625
68;SANTANDER;68669;SAN ANDRÉS;68669005;LAGUNA DE ORTICES;CP;-72.874401;6.702486;3083
68;SANTANDER;68669;SAN ANDRÉS;68669007;PANGOTE;CP;-72.784525;6.768723;3055.873291015625
68;SANTANDER;68673;SAN BENITO;68673000;SAN BENITO;CM;-73.50907;6.126656;3032.935791015625
68;SANTANDER;68673;SAN BENITO;68673003;SAN BENITO NUEVO;CP;-73.494591;6.119263;3030.63671875
68;SANTANDER;68673;SAN BENITO;68673004;LA CARRERA;CP;-73.536327;6.085938;3035.28759765625
68;SANTANDER;68673;SAN BENITO;68673005;LAS CASITAS;CP;-73.544606;6.079505;3036.2744140625
68;SANTANDER;68679;SAN GIL;68679000;SAN GIL;CM;-73.136284;6.556081;3066.89990234375
68;SANTANDER;68682;SAN JOAQUÍN;68682000;SAN JOAQUÍN;CM;-72.867638;6.427548;3065.920166015625
68;SANTANDER;68682;SAN JOAQUÍN;68682001;RICAURTE;CP;-72.831428;6.55098;3084
68;SANTANDER;68684;SAN JOSÉ DE MIRANDA;68684000;SAN JOSÉ DE MIRANDA;CM;-72.733616;6.658995;3070.08642578125
68;SANTANDER;68684;SAN JOSÉ DE MIRANDA;68684009;VILLA JARDÍN;CP;-72.732205;6.689369;3068.04150390625
68;SANTANDER;68686;SAN MIGUEL;68686000;SAN MIGUEL;CM;-72.644123;6.575315;3077.88232421875
68;SANTANDER;68689;SAN VICENTE DE CHUCURÍ;68689000;SAN VICENTE DE CHUCURÍ;CM;-73.411024;6.880383;3093.730224609375
68;SANTANDER;68689;SAN VICENTE DE CHUCURÍ;68689001;ALBANIA;CP;-73.628837;6.908282;3092.830322265625
68;SANTANDER;68689;SAN VICENTE DE CHUCURÍ;68689012;YARIMA;CP;-73.712482;6.830828;3101.197998046875
68;SANTANDER;68689;SAN VICENTE DE CHUCURÍ;68689028;LAS ACACIAS;CP;-73.551789;7.118874;3114.71142578125
68;SANTANDER;68705;SANTA BÁRBARA;68705000;SANTA BÁRBARA;CM;-72.907445;6.990996;3080.9296875
68;SANTANDER;68720;SANTA HELENA DEL OPÓN;68720000;SANTA HELENA DEL OPÓN;CM;-73.616716;6.339565;3051.342041015625
68;SANTANDER;68720;SANTA HELENA DEL OPÓN;68720001;LA ARAGUA;CP;-73.647298;6.467141;3064.245849609375
68;SANTANDER;68720;SANTA HELENA DEL OPÓN;68720002;CACHIPAY;CP;-73.649687;6.297444;3048.575927734375
68;SANTANDER;68720;SANTA HELENA DEL OPÓN;68720004;PLAN DE ALVAREZ;CP;-73.539767;6.454015;3055.001220703125
68;SANTANDER;68720;SANTA HELENA DEL OPÓN;68720005;SAN JUAN BOSCO DE LA VERDE;CP;-73.625942;6.523322;3065.602783203125
68;SANTANDER;68745;SIMACOTA;68745000;SIMACOTA;CM;-73.337368;6.443471;3058.97802734375
68;SANTANDER;68745;SIMACOTA;68745006;LA LLANITA;CP;-73.341073;6.419192;3057.226318359375
68;SANTANDER;68745;SIMACOTA;68745009;LA ROCHELA;CP;-73.87807;6.739537;3099.992431640625
68;SANTANDER;68745;SIMACOTA;68745011;EL GUAMO;CP;-73.704533;6.547961;3072.85107421875
68;SANTANDER;68745;SIMACOTA;68745012;PUERTO NUEVO;CP;-73.868966;6.728971;3101.02392578125
68;SANTANDER;68755;SOCORRO;68755000;SOCORRO;CM;-73.261198;6.46387;3059.72314453125
68;SANTANDER;68755;SOCORRO;68755002;BERLÍN;CP;-73.238026;6.500334;3061.2431640625
68;SANTANDER;68770;SUAITA;68770000;SUAITA;CM;-73.438416;6.103542;3028.217041015625
68;SANTANDER;68770;SUAITA;68770001;OLIVAL;CP;-73.339376;6.152226;3037.162841796875
68;SANTANDER;68770;SUAITA;68770002;SAN JOSÉ DE SUAITA;CP;-73.448411;6.158489;3029.02587890625
68;SANTANDER;68770;SUAITA;68770003;VADO REAL;CP;-73.412844;6.06876;3032.028076171875
68;SANTANDER;68770;SUAITA;68770008;TOLOTÁ;CP;-73.366275;6.120728;3035.7451171875
68;SANTANDER;68773;SUCRE;68773000;SUCRE;CM;-73.790975;5.918743;3028.761962890625
68;SANTANDER;68773;SUCRE;68773001;LA GRANJA;CP;-73.92008;5.925902;3047.15283203125
68;SANTANDER;68773;SUCRE;68773002;LA PRADERA;CP;-73.905619;5.868028;3037.8916015625
68;SANTANDER;68773;SUCRE;68773003;SABANA GRANDE;CP;-73.912728;5.990481;3052.387939453125
68;SANTANDER;68773;SUCRE;68773014;SAN ISIDRO;CP;-73.919116;5.959471;3050.335205078125
68;SANTANDER;68773;SUCRE;68773015;EL LÍBANO;CP;-73.955411;5.940032;3044.59423828125
68;SANTANDER;68780;SURATÁ;68780000;SURATÁ;CM;-72.984232;7.36658;3082.706298828125
68;SANTANDER;68780;SURATÁ;68780001;CACHIRÍ;CP;-72.989839;7.469438;3082.0615234375
68;SANTANDER;68780;SURATÁ;68780008;TURBAY;CP;-73.045893;7.514383;3092.580078125
68;SANTANDER;68820;TONA;68820000;TONA;CM;-72.966018;7.202725;3079.352783203125
68;SANTANDER;68820;TONA;68820001;BERLÍN;CP;-72.878203;7.18625;3067.439453125
68;SANTANDER;68820;TONA;68820002;LA CORCOVA;CP;-73.022945;7.140831;3089.9619140625
68;SANTANDER;68820;TONA;68820007;VILLAVERDE;CP;-73.022181;7.171937;3089.95751953125
68;SANTANDER;68855;VALLE DE SAN JOSÉ;68855000;VALLE DE SAN JOSÉ;CM;-73.143507;6.448028;3060.174560546875
68;SANTANDER;68861;VÉLEZ;68861000;VÉLEZ;CM;-73.666299;6.010953;3029.40966796875
68;SANTANDER;68861;VÉLEZ;68861001;ALTO JORDÁN;CP;-73.749764;6.204678;3059.193603515625
68;SANTANDER;68861;VÉLEZ;68861002;GUALILO;CP;-73.717369;6.18376;3045.06005859375
68;SANTANDER;68861;VÉLEZ;68861017;EL LIMÓN;CP;-73.664288;5.993135;3031.46728515625
68;SANTANDER;68861;VÉLEZ;68861022;LOMALTA;CP;-73.644034;6.020844;3035.9306640625
68;SANTANDER;68861;VÉLEZ;68861024;LOS GUAYABOS;CP;-73.660332;5.980732;3033.892822265625
68;SANTANDER;68861;VÉLEZ;68861025;LA VICINIA;CP;-73.714184;6.084809;3029.27685546875
68;SANTANDER;68861;VÉLEZ;68861026;PENA BLANCA;CP;-73.653084;5.977936;3035
68;SANTANDER;68867;VETAS;68867000;VETAS;CM;-72.871041;7.30981;3055
68;SANTANDER;68872;VILLANUEVA;68872000;VILLANUEVA;CM;-73.174307;6.670078;3070.766357421875
68;SANTANDER;68895;ZAPATOCA;68895000;ZAPATOCA;CM;-73.268034;6.814387;3084.986328125
68;SANTANDER;68895;ZAPATOCA;68895001;LA FUENTE;CP;-73.280988;6.706914;3080.0380859375
70;SUCRE;70001;SINCELEJO;70001000;SINCELEJO;CM;-75.395445;9.302322;3258.7919921875
70;SUCRE;70001;SINCELEJO;70001001;BUENAVISTA;CP;-75.477397;9.251805;3259.388916015625
70;SUCRE;70001;SINCELEJO;70001002;CRUZ DEL BEQUE;CP;-75.452504;9.309113;3262.007080078125
70;SUCRE;70001;SINCELEJO;70001003;CHOCHO;CP;-75.342273;9.247723;3261.0771484375
70;SUCRE;70001;SINCELEJO;70001004;CERRITO DE LA PALMA;CP;-75.451839;9.334007;3263.36669921875
70;SUCRE;70001;SINCELEJO;70001005;LA ARENA;CP;-75.484972;9.371689;3264.08935546875
70;SUCRE;70001;SINCELEJO;70001006;LA CHIVERA;CP;-75.44559;9.355785;3264.459228515625
70;SUCRE;70001;SINCELEJO;70001007;LA GALLERA;CP;-75.418946;9.238305;3254.801025390625
70;SUCRE;70001;SINCELEJO;70001009;LAGUNA FLOR;CP;-75.468254;9.334017;3263.531982421875
70;SUCRE;70001;SINCELEJO;70001011;LAS MAJAGUAS;CP;-75.435252;9.36755;3264.856201171875
70;SUCRE;70001;SINCELEJO;70001013;SABANAS DEL POTRERO;CP;-75.433074;9.255726;3255.41162109375
70;SUCRE;70001;SINCELEJO;70001014;SAN ANTONIO;CP;-75.458594;9.281846;3260.9853515625
70;SUCRE;70001;SINCELEJO;70001015;SAN MARTÍN;CP;-75.434805;9.244729;3255.244384765625
70;SUCRE;70001;SINCELEJO;70001016;SAN RAFAEL;CP;-75.506152;9.399015;3262.963623046875
70;SUCRE;70001;SINCELEJO;70001017;BUENAVISTICA;CP;-75.485288;9.266876;3259.685302734375
70;SUCRE;70001;SINCELEJO;70001020;POLICARPA;CP;-75.396124;9.264578;3257.43017578125
70;SUCRE;70001;SINCELEJO;70001021;SAN JACINTO;CP;-75.450365;9.248259;3258.343505859375
70;SUCRE;70001;SINCELEJO;70001022;SAN NICOLAS;CP;-75.423376;9.264719;3255.123779296875
70;SUCRE;70001;SINCELEJO;70001023;VILLA ROSITA;CP;-75.422868;9.250308;3255
70;SUCRE;70001;SINCELEJO;70001027;CERRO DEL NARANJO;CP;-75.458883;9.262521;3259.917236328125
70;SUCRE;70110;BUENAVISTA;70110000;BUENAVISTA;CM;-74.972827;9.319794;3282.718994140625
70;SUCRE;70110;BUENAVISTA;70110004;LAS CHICHAS;CP;-74.957006;9.360349;3284.984619140625
70;SUCRE;70110;BUENAVISTA;70110005;LOS ANONES;CP;-74.950234;9.368008;3286
70;SUCRE;70110;BUENAVISTA;70110006;PROVIDENCIA;CP;-74.951466;9.34971;3286
70;SUCRE;70110;BUENAVISTA;70110007;COSTA RICA;CP;-74.943209;9.418705;3286.827392578125
70;SUCRE;70124;CAIMITO;70124000;CAIMITO;CM;-75.117141;8.789324;3258.39404296875
70;SUCRE;70124;CAIMITO;70124001;EL MAMÓN;CP;-75.055859;8.754796;3259.963134765625
70;SUCRE;70124;CAIMITO;70124002;SIETE PALMAS;CP;-75.193514;8.749713;3260.929931640625
70;SUCRE;70124;CAIMITO;70124004;LOS CAYITOS;CP;-75.133614;8.858545;3262.169921875
70;SUCRE;70124;CAIMITO;70124006;LA SOLERA;CP;-75.090587;8.769983;3255.182373046875
70;SUCRE;70124;CAIMITO;70124007;TOFEME;CP;-75.142143;8.786228;3259.3857421875
70;SUCRE;70124;CAIMITO;70124008;CEDEÑO;CP;-75.243772;8.847581;3260.15771484375
70;SUCRE;70124;CAIMITO;70124009;MOLINERO;CP;-75.213516;8.842392;3262.9443359375
70;SUCRE;70124;CAIMITO;70124010;NUEVA ESTACIÓN;CP;-75.192225;8.830679;3261.634033203125
70;SUCRE;70124;CAIMITO;70124011;LA MEJÍA;CP;-75.136649;8.779451;3259.896484375
70;SUCRE;70124;CAIMITO;70124012;LAS PAVITAS;CP;-75.125443;8.720478;3247.927734375
70;SUCRE;70124;CAIMITO;70124013;NUEVA ESTRELLA;CP;-75.075659;8.831764;3261.6044921875
70;SUCRE;70124;CAIMITO;70124014;NUEVA FE;CP;-75.075946;8.829875;3261.444091796875
70;SUCRE;70124;CAIMITO;70124015;POMPUMA;CP;-75.031532;8.76964;3265.069580078125
70;SUCRE;70124;CAIMITO;70124016;AGUILAR;CP;-75.129022;8.772301;3258.138427734375
70;SUCRE;70124;CAIMITO;70124017;LOS OSSAS;CP;-75.055465;8.748316;3259.64697265625
70;SUCRE;70124;CAIMITO;70124018;PUEBLO BUHO;CP;-75.03815;8.716349;3262.160400390625
70;SUCRE;70124;CAIMITO;70124020;PUNTA ALFEREZ;CP;-75.07226;8.846317;3262.4580078125
70;SUCRE;70124;CAIMITO;70124021;TANGA SOLA;CP;-75.194374;8.776124;3261.1337890625
70;SUCRE;70204;COLOSÓ;70204000;RICAURTE (COLOSÓ);CM;-75.353256;9.494192;3272.0849609375
70;SUCRE;70204;COLOSÓ;70204002;CHINULITO;CP;-75.402455;9.593978;3281.014892578125
70;SUCRE;70204;COLOSÓ;70204005;BAJO DON JUAN;CP;-75.368357;9.461793;3269.904296875
70;SUCRE;70204;COLOSÓ;70204006;EL OJITO;CP;-75.331713;9.496596;3272.9287109375
70;SUCRE;70204;COLOSÓ;70204008;CALLE LARGA;CP;-75.329957;9.479933;3272.10498046875
70;SUCRE;70204;COLOSÓ;70204009;CORAZA;CP;-75.383409;9.46236;3270.021728515625
70;SUCRE;70204;COLOSÓ;70204010;DESBARRANCADO;CP;-75.325941;9.492197;3273.105712890625
70;SUCRE;70204;COLOSÓ;70204011;EL PARAISO;CP;-75.368505;9.480063;3271.015869140625
70;SUCRE;70204;COLOSÓ;70204012;LA CEIBA;CP;-75.374073;9.467577;3270.340087890625
70;SUCRE;70204;COLOSÓ;70204013;LA ESTACION;CP;-75.354318;9.506034;3272.99072265625
70;SUCRE;70204;COLOSÓ;70204014;MARATHON;CP;-75.326389;9.50801;3273.9501953125
70;SUCRE;70204;COLOSÓ;70204015;PUEBLO NUEVO;CP;-75.397634;9.617444;3282
70;SUCRE;70215;COROZAL;70215000;COROZAL;CM;-75.293067;9.31875;3266.877197265625
70;SUCRE;70215;COROZAL;70215001;CANTAGALLO;CP;-75.316551;9.250239;3262.002197265625
70;SUCRE;70215;COROZAL;70215004;CHAPINERO;CP;-75.278489;9.221877;3263.93505859375
70;SUCRE;70215;COROZAL;70215005;DON ALONSO;CP;-75.329808;9.220064;3260.26123046875
70;SUCRE;70215;COROZAL;70215006;EL MAMÓN;CP;-75.318531;9.260063;3262.673095703125
70;SUCRE;70215;COROZAL;70215009;HATO NUEVO;CP;-75.191711;9.17605;3270.9306640625
70;SUCRE;70215;COROZAL;70215010;LAS LLANADAS;CP;-75.28102;9.152461;3262.001220703125
70;SUCRE;70215;COROZAL;70215011;LAS TINAS;CP;-75.325023;9.289551;3263.957763671875
70;SUCRE;70215;COROZAL;70215014;SAN JOSE DE PILETA;CP;-75.313721;9.269927;3263.50341796875
70;SUCRE;70215;COROZAL;70215016;EL RINCON DE LAS FLORES;CP;-75.308355;9.267533;3263.636474609375
70;SUCRE;70215;COROZAL;70215018;LAS PEÑAS;CP;-75.27313;9.226881;3264.642822265625
70;SUCRE;70215;COROZAL;70215019;CALLE NUEVA;CP;-75.301172;9.182911;3260.86083984375
70;SUCRE;70215;COROZAL;70215021;LAS BRUJAS;CP;-75.279105;9.339557;3268.291748046875
70;SUCRE;70215;COROZAL;70215022;VILLA NUEVA;CP;-75.211253;9.185696;3269.86279296875
70;SUCRE;70215;COROZAL;70215023;MILAN;CP;-75.337567;9.203185;3259.265869140625
70;SUCRE;70215;COROZAL;70215024;PALMA SOLA;CP;-75.235534;9.198324;3268.400146484375
70;SUCRE;70215;COROZAL;70215025;LAS PALMAS;CP;-75.335294;9.269198;3262.502197265625
70;SUCRE;70215;COROZAL;70215026;HATO VIEJO;CP;-75.220052;9.202672;3269.8466796875
70;SUCRE;70221;COVEÑAS;70221000;COVEÑAS;CM;-75.691867;9.402463;3246.80078125
70;SUCRE;70221;COVEÑAS;70221001;BOCA DE LA CIÉNAGA;CP;-75.614491;9.454608;3251.90771484375
70;SUCRE;70221;COVEÑAS;70221002;EL REPARO;CP;-75.682678;9.367707;3244.739501953125
70;SUCRE;70221;COVEÑAS;70221004;PUNTA SECA;CP;-75.681364;9.380804;3245.711669921875
70;SUCRE;70221;COVEÑAS;70221005;EL MAMEY;CP;-75.683349;9.356266;3243.7099609375
70;SUCRE;70221;COVEÑAS;70221006;BELLAVISTA;CP;-75.694672;9.374816;3244.70068359375
70;SUCRE;70230;CHALÁN;70230000;CHALÁN;CM;-75.312697;9.545352;3277.3515625
70;SUCRE;70230;CHALÁN;70230001;LA CEIBA;CP;-75.303156;9.573855;3280.706787109375
70;SUCRE;70230;CHALÁN;70230003;NUEVO MANZANARES;CP;-75.315791;9.531717;3276.375
70;SUCRE;70230;CHALÁN;70230004;DESBARRANCADO;CP;-75.306699;9.500543;3275.7470703125
70;SUCRE;70230;CHALÁN;70230006;MONTEBELLO;CP;-75.314717;9.510168;3275.10546875
70;SUCRE;70233;EL ROBLE;70233000;EL ROBLE;CM;-75.198831;9.099532;3268
70;SUCRE;70233;EL ROBLE;70233001;CALLEJÓN;CP;-75.075852;9.048466;3278.049560546875
70;SUCRE;70233;EL ROBLE;70233002;CAYO DE PALMA;CP;-75.14351;9.143423;3276.062744140625
70;SUCRE;70233;EL ROBLE;70233003;CORNETA;CP;-75.270061;9.135927;3262.809814453125
70;SUCRE;70233;EL ROBLE;70233004;EL SITIO;CP;-75.086456;9.097681;3279
70;SUCRE;70233;EL ROBLE;70233005;LAS TABLITAS;CP;-75.175426;9.015367;3266.193115234375
70;SUCRE;70233;EL ROBLE;70233006;PALMITAL;CP;-75.074131;9.023155;3277.482177734375
70;SUCRE;70233;EL ROBLE;70233007;PATILLAL;CP;-75.081571;9.076142;3278.89599609375
70;SUCRE;70233;EL ROBLE;70233008;GRILLO ALEGRE;CP;-75.086262;9.036011;3279
70;SUCRE;70233;EL ROBLE;70233009;RANCHO DE LA CRUZ;CP;-75.102115;9.101293;3279
70;SUCRE;70233;EL ROBLE;70233010;SAN FRANCISCO;CP;-75.153636;9.149917;3275.57958984375
70;SUCRE;70233;EL ROBLE;70233011;SANTA ROSA;CP;-75.123579;9.056435;3276.787109375
70;SUCRE;70233;EL ROBLE;70233012;TIERRA SANTA;CP;-75.052377;9.066031;3276.110595703125
70;SUCRE;70233;EL ROBLE;70233013;VILLAVICENCIO;CP;-75.119252;9.09841;3277.4560546875
70;SUCRE;70235;GALERAS;70235000;GALERAS;CM;-75.048576;9.159583;3275.73095703125
70;SUCRE;70235;GALERAS;70235001;BARAYA;CP;-74.98423;9.074641;3274
70;SUCRE;70235;GALERAS;70235002;SAN ANDRÉS DE PALOMO;CP;-75.002693;9.11356;3275.001220703125
70;SUCRE;70235;GALERAS;70235003;SAN JOSÉ DE RIVERA;CP;-74.894077;9.126506;3279.46435546875
70;SUCRE;70235;GALERAS;70235007;PUEBLO NUEVO II;CP;-74.877899;9.108821;3278.3486328125
70;SUCRE;70235;GALERAS;70235009;PUEBLO NUEVO I (JUNÍN);CP;-74.950739;9.104522;3276
70;SUCRE;70235;GALERAS;70235011;PUERTO FRANCO;CP;-74.878686;9.100849;3277.5244140625
70;SUCRE;70235;GALERAS;70235012;ABRE EL OJO;CP;-74.939947;9.152867;3278.25
70;SUCRE;70235;GALERAS;70235013;MATA DE GUASIMO;CP;-74.956389;9.166641;3278.896484375
70;SUCRE;70265;GUARANDA;70265000;GUARANDA;CM;-74.538345;8.464847;3241.844970703125
70;SUCRE;70265;GUARANDA;70265002;DIAZGRANADOS;CP;-74.707387;8.306013;3236.574951171875
70;SUCRE;70265;GUARANDA;70265004;GAVALDA;CP;-74.779737;8.351824;3236
70;SUCRE;70265;GUARANDA;70265006;LA CONCORDIA;CP;-74.73552;8.334353;3237
70;SUCRE;70265;GUARANDA;70265008;PALMARITICO;CP;-74.599224;8.475734;3240.028564453125
70;SUCRE;70265;GUARANDA;70265009;PUERTO LÓPEZ;CP;-74.616899;8.409006;3235.138916015625
70;SUCRE;70265;GUARANDA;70265010;LA CEJA;CP;-74.645207;8.439061;3241.986572265625
70;SUCRE;70265;GUARANDA;70265011;LAS PAVAS;CP;-74.573647;8.470467;3238.035400390625
70;SUCRE;70265;GUARANDA;70265012;NUEVA ESPERANZA;CP;-74.805178;8.393819;3237.776123046875
70;SUCRE;70265;GUARANDA;70265013;TIERRA SANTA;CP;-74.630865;8.4635;3241.9853515625
70;SUCRE;70400;LA UNIÓN;70400000;LA UNIÓN;CM;-75.276056;8.853975;3257.963623046875
70;SUCRE;70400;LA UNIÓN;70400001;CAYO DELGADO;CP;-75.274913;8.802112;3257.003173828125
70;SUCRE;70400;LA UNIÓN;70400002;PAJARITO;CP;-75.349179;8.789837;3244.9912109375
70;SUCRE;70400;LA UNIÓN;70400004;LAS PALMITAS;CP;-75.33291;8.841216;3248.4921875
70;SUCRE;70400;LA UNIÓN;70400005;SABANETA;CP;-75.262916;8.777056;3257.131103515625
70;SUCRE;70400;LA UNIÓN;70400006;BOCA NEGRA;CP;-75.268484;8.754251;3255.771728515625
70;SUCRE;70400;LA UNIÓN;70400007;CONGUITOS;CP;-75.269961;8.790176;3257.0048828125
70;SUCRE;70400;LA UNIÓN;70400008;LA GLORIA;CP;-75.259501;8.84733;3258.957763671875
70;SUCRE;70400;LA UNIÓN;70400009;VILLA FÁTIMA;CP;-75.283307;8.756373;3254.928466796875
70;SUCRE;70400;LA UNIÓN;70400010;LA CONCEPCION;CP;-75.212493;8.893007;3263.138671875
70;SUCRE;70418;LOS PALMITOS;70418000;LOS PALMITOS;CM;-75.268716;9.380269;3271.428955078125
70;SUCRE;70418;LOS PALMITOS;70418001;EL COLEY;CP;-75.279115;9.355295;3269.43701171875
70;SUCRE;70418;LOS PALMITOS;70418002;EL PIÑAL;CP;-75.214;9.463809;3279.119873046875
70;SUCRE;70418;LOS PALMITOS;70418003;PALMAS DE VINO;CP;-75.169069;9.407746;3286.929931640625
70;SUCRE;70418;LOS PALMITOS;70418004;SABANAS DE BELTRÁN;CP;-75.115682;9.419659;3290.7021484375
70;SUCRE;70418;LOS PALMITOS;70418005;SABANAS DE PEDRO;CP;-75.208164;9.360479;3277.63232421875
70;SUCRE;70418;LOS PALMITOS;70418006;EL HATILLO;CP;-75.163911;9.428398;3288.76611328125
70;SUCRE;70418;LOS PALMITOS;70418010;CHARCON;CP;-75.145396;9.408505;3289.84228515625
70;SUCRE;70418;LOS PALMITOS;70418011;PALMITO;CP;-75.155347;9.448949;3290.6640625
70;SUCRE;70418;LOS PALMITOS;70418012;SAN JAIME;CP;-75.142509;9.440386;3291.54931640625
70;SUCRE;70429;MAJAGUAL;70429000;MAJAGUAL;CM;-74.628077;8.541163;3245.134033203125
70;SUCRE;70429;MAJAGUAL;70429002;EL NARANJO;CP;-74.765401;8.603368;3250.22314453125
70;SUCRE;70429;MAJAGUAL;70429005;LA SIERPE;CP;-74.869636;8.473593;3245.0439453125
70;SUCRE;70429;MAJAGUAL;70429006;LAS PALMITAS;CP;-74.715892;8.472283;3239.037353515625
70;SUCRE;70429;MAJAGUAL;70429008;PIZA;CP;-74.70539;8.665707;3249.01318359375
70;SUCRE;70429;MAJAGUAL;70429009;PUEBLONUEVO;CP;-74.626579;8.60225;3246.992431640625
70;SUCRE;70429;MAJAGUAL;70429010;SAN ROQUE;CP;-74.6534;8.522168;3244
70;SUCRE;70429;MAJAGUAL;70429011;SANTANDER;CP;-74.631978;8.625447;3246.8671875
70;SUCRE;70429;MAJAGUAL;70429013;ZAPATA;CP;-74.694672;8.599851;3244
70;SUCRE;70429;MAJAGUAL;70429014;SINCELEJITO;CP;-74.826532;8.431987;3241.1435546875
70;SUCRE;70429;MAJAGUAL;70429016;LEÓN BLANCO;CP;-74.693471;8.644291;3246.451904296875
70;SUCRE;70429;MAJAGUAL;70429023;LOS PATOS;CP;-74.701392;8.416776;3239
70;SUCRE;70429;MAJAGUAL;70429025;PALMARITO;CP;-74.724546;8.715075;3255.54296875
70;SUCRE;70429;MAJAGUAL;70429026;BOCA DE LAS MUJERES;CP;-74.853639;8.423393;3243.007568359375
70;SUCRE;70429;MAJAGUAL;70429027;EL INDIO NUEVO;CP;-74.844658;8.473589;3245
70;SUCRE;70429;MAJAGUAL;70429028;EL PALOMAR;CP;-74.573141;8.527956;3240.58935546875
70;SUCRE;70429;MAJAGUAL;70429029;RIO FRIO;CP;-74.681515;8.438542;3241.589599609375
70;SUCRE;70429;MAJAGUAL;70429031;CORONCORO;CP;-74.592546;8.611843;3247
70;SUCRE;70473;MORROA;70473000;MORROA;CM;-75.305949;9.331395;3266.655517578125
70;SUCRE;70473;MORROA;70473002;EL RINCÓN;CP;-75.275544;9.362726;3270.052490234375
70;SUCRE;70473;MORROA;70473003;EL YESO;CP;-75.362354;9.402055;3266.396728515625
70;SUCRE;70473;MORROA;70473004;LAS FLORES;CP;-75.336979;9.329393;3265.003662109375
70;SUCRE;70473;MORROA;70473005;SABANETA;CP;-75.303644;9.452562;3273.703857421875
70;SUCRE;70473;MORROA;70473006;TUMBATORO;CP;-75.367052;9.374122;3264.923583984375
70;SUCRE;70473;MORROA;70473009;SABANAS DE CALI;CP;-75.286984;9.350569;3268.885498046875
70;SUCRE;70473;MORROA;70473011;BREMEN;CP;-75.343629;9.314876;3264
70;SUCRE;70473;MORROA;70473012;EL RECREO;CP;-75.3514;9.319618;3263.84765625
70;SUCRE;70473;MORROA;70473013;EL TOLIMA;CP;-75.377887;9.394662;3265.854736328125
70;SUCRE;70473;MORROA;70473014;LA VICTORIA;CP;-75.364531;9.352859;3264.00439453125
70;SUCRE;70473;MORROA;70473015;PICHILIN;CP;-75.327193;9.455831;3271.082275390625
70;SUCRE;70508;OVEJAS;70508000;OVEJAS;CM;-75.229037;9.527176;3282.1904296875
70;SUCRE;70508;OVEJAS;70508001;ALMAGRA;CP;-75.272628;9.553753;3284.584716796875
70;SUCRE;70508;OVEJAS;70508002;CANUTAL;CP;-75.066453;9.485836;3289.568115234375
70;SUCRE;70508;OVEJAS;70508003;CANUTALITO;CP;-75.039062;9.497968;3292.8837890625
70;SUCRE;70508;OVEJAS;70508004;CHENGUE;CP;-75.300429;9.65176;3285.679931640625
70;SUCRE;70508;OVEJAS;70508005;DAMASCO;CP;-75.190597;9.583542;3291.154296875
70;SUCRE;70508;OVEJAS;70508006;DON GABRIEL;CP;-75.293051;9.623491;3286.226318359375
70;SUCRE;70508;OVEJAS;70508007;EL FLORAL;CP;-75.178249;9.535183;3290.93212890625
70;SUCRE;70508;OVEJAS;70508009;FLOR DEL MONTE;CP;-75.144847;9.50077;3294.050048828125
70;SUCRE;70508;OVEJAS;70508011;LA PEÑA;CP;-75.185483;9.521971;3289.05810546875
70;SUCRE;70508;OVEJAS;70508012;OSOS;CP;-75.16937;9.574198;3293.623779296875
70;SUCRE;70508;OVEJAS;70508013;PIJIGUAY;CP;-75.247263;9.609128;3290.95947265625
70;SUCRE;70508;OVEJAS;70508014;SAN RAFAEL;CP;-75.171411;9.484524;3290.0673828125
70;SUCRE;70508;OVEJAS;70508015;SALITRAL;CP;-75.283767;9.648189;3289.797607421875
70;SUCRE;70508;OVEJAS;70508018;SAN RAFAEL ALTO;CP;-75.171644;9.489928;3290.31201171875
70;SUCRE;70508;OVEJAS;70508026;PEDREGAL;CP;-75.206928;9.571646;3288.85546875
70;SUCRE;70508;OVEJAS;70508027;SAN FRANCISCO;CP;-75.162127;9.590599;3294.89306640625
70;SUCRE;70508;OVEJAS;70508031;ZAPATO # 2 PIJIGUAY;CP;-75.257285;9.592337;3289.23046875
70;SUCRE;70508;OVEJAS;70508033;BUENOS AIRES;CP;-75.2939;9.597356;3284.31787109375
70;SUCRE;70508;OVEJAS;70508034;ALEMANIA;CP;-75.284089;9.521015;3280.900634765625
70;SUCRE;70523;PALMITO;70523000;PALMITO;CM;-75.541264;9.333157;3258.714599609375
70;SUCRE;70523;PALMITO;70523001;ALGODONCILLO;CP;-75.548196;9.267794;3255.873046875
70;SUCRE;70523;PALMITO;70523003;GUAMI;CP;-75.533512;9.299299;3257.135498046875
70;SUCRE;70523;PALMITO;70523006;CHUMPUNDÚN;CP;-75.530319;9.277132;3256.95556640625
70;SUCRE;70523;PALMITO;70523007;EL MARTILLO;CP;-75.546141;9.263226;3255.848388671875
70;SUCRE;70523;PALMITO;70523008;EL PALMAR BRILLANTE;CP;-75.585059;9.289733;3253.180908203125
70;SUCRE;70523;PALMITO;70523010;LOS CASTILLOS;CP;-75.528485;9.266416;3256.121826171875
70;SUCRE;70523;PALMITO;70523011;MEDIA SOMBRA;CP;-75.533473;9.288332;3257.0009765625
70;SUCRE;70523;PALMITO;70523012;PUEBLECITO;CP;-75.552705;9.286195;3256.00341796875
70;SUCRE;70523;PALMITO;70523013;PUEBLO NUEVO;CP;-75.511348;9.265195;3257.140869140625
70;SUCRE;70523;PALMITO;70523014;SAN MIGUEL;CP;-75.54835;9.302631;3257.000244140625
70;SUCRE;70523;PALMITO;70523017;LA GRANVIA;CP;-75.547111;9.274681;3256.003662109375
70;SUCRE;70523;PALMITO;70523018;LOS OLIVOS;CP;-75.525506;9.275904;3256.9912109375
70;SUCRE;70523;PALMITO;70523019;SAN MARTÍN;CP;-75.547244;9.286273;3256.203125
70;SUCRE;70523;PALMITO;70523020;LAS HUERTAS;CP;-75.498212;9.288247;3258.998779296875
70;SUCRE;70670;SAMPUÉS;70670000;SAMPUÉS;CM;-75.380119;9.183271;3258.218017578125
70;SUCRE;70670;SAMPUÉS;70670001;BOSSA NAVARRO;CP;-75.446982;9.238855;3257.205078125
70;SUCRE;70670;SAMPUÉS;70670002;CEJA DEL MANGO;CP;-75.248302;9.075528;3264.720458984375
70;SUCRE;70670;SAMPUÉS;70670003;ESCOBAR ABAJO;CP;-75.442734;9.168699;3256.1337890625
70;SUCRE;70670;SAMPUÉS;70670004;ESCOBAR ARRIBA;CP;-75.448621;9.196244;3257.047119140625
70;SUCRE;70670;SAMPUÉS;70670007;MATEO PÉREZ;CP;-75.385136;9.21453;3258.995361328125
70;SUCRE;70670;SAMPUÉS;70670008;SANTA INÉS DE PALITO;CP;-75.308002;9.16742;3259.701416015625
70;SUCRE;70670;SAMPUÉS;70670009;PIEDRAS BLANCAS;CP;-75.390339;9.162718;3257.43310546875
70;SUCRE;70670;SAMPUÉS;70670010;SABANALARGA;CP;-75.330972;9.161639;3257.999755859375
70;SUCRE;70670;SAMPUÉS;70670011;SAN LUIS;CP;-75.288543;9.11553;3260.054931640625
70;SUCRE;70670;SAMPUÉS;70670012;SEGOVIA;CP;-75.373228;9.235346;3260.009033203125
70;SUCRE;70670;SAMPUÉS;70670013;ACHIOTE ARRIBA;CP;-75.398207;9.170066;3256.824951171875
70;SUCRE;70670;SAMPUÉS;70670018;MATA DE CAÑA;CP;-75.406806;9.220277;3255.478515625
70;SUCRE;70670;SAMPUÉS;70670023;ACHIOTE ABAJO;CP;-75.415742;9.160866;3255.000244140625
70;SUCRE;70670;SAMPUÉS;70670024;SANTA TERESA;CP;-75.427048;9.156009;3255
70;SUCRE;70678;SAN BENITO ABAD;70678000;SAN BENITO ABAD;CM;-75.031089;8.930108;3268.696533203125
70;SUCRE;70678;SAN BENITO ABAD;70678002;CUIVA;CP;-74.972718;8.668723;3259.99072265625
70;SUCRE;70678;SAN BENITO ABAD;70678003;JEGUA;CP;-74.968049;8.90571;3268.999755859375
70;SUCRE;70678;SAN BENITO ABAD;70678004;LA CEIBA;CP;-74.983984;8.932935;3269.3134765625
70;SUCRE;70678;SAN BENITO ABAD;70678007;PUNTA DE BLANCO;CP;-74.889985;9.078512;3276.002685546875
70;SUCRE;70678;SAN BENITO ABAD;70678009;SAN ROQUE;CP;-75.022028;8.983003;3270.4580078125
70;SUCRE;70678;SAN BENITO ABAD;70678010;SANTIAGO APOSTOL;CP;-74.927685;9.006753;3272.021484375
70;SUCRE;70678;SAN BENITO ABAD;70678011;DOÑA ANA;CP;-74.870513;9.094038;3276.861572265625
70;SUCRE;70678;SAN BENITO ABAD;70678012;GUAYABAL;CP;-75.002236;8.778314;3266.55712890625
70;SUCRE;70678;SAN BENITO ABAD;70678013;EL LIMÓN;CP;-75.027556;8.80243;3266.77099609375
70;SUCRE;70678;SAN BENITO ABAD;70678015;LA VENTURA;CP;-75.050834;9.021661;3275.98095703125
70;SUCRE;70678;SAN BENITO ABAD;70678019;HONDURAS;CP;-75.136068;8.988281;3270.598876953125
70;SUCRE;70678;SAN BENITO ABAD;70678020;PUNTA NUEVA;CP;-74.885494;9.096705;3277.11328125
70;SUCRE;70678;SAN BENITO ABAD;70678025;CISPATACA;CP;-75.104322;8.880049;3267.484375
70;SUCRE;70678;SAN BENITO ABAD;70678026;SAN ISIDRO;CP;-75.148509;8.992814;3268.419921875
70;SUCRE;70678;SAN BENITO ABAD;70678027;VILLA NUEVA;CP;-75.071852;8.851634;3263.111328125
70;SUCRE;70678;SAN BENITO ABAD;70678028;CORRAL VIEJO - LOS ANGELES;CP;-75.108589;8.97439;3275.55810546875
70;SUCRE;70678;SAN BENITO ABAD;70678032;LA MOLINA;CP;-75.056349;8.876557;3265.88134765625
70;SUCRE;70678;SAN BENITO ABAD;70678033;LAS CHISPAS;CP;-74.948448;8.559998;3256.3876953125
70;SUCRE;70678;SAN BENITO ABAD;70678034;RANCHO LA TÍA;CP;-75.080045;8.962791;3274.700439453125
70;SUCRE;70678;SAN BENITO ABAD;70678035;CALLE NUEVA;CP;-75.011071;8.64879;3258.697265625
70;SUCRE;70678;SAN BENITO ABAD;70678036;EMPRESA COLOMBIA;CP;-75.052747;9.000743;3275.012451171875
70;SUCRE;70678;SAN BENITO ABAD;70678037;LA PLAZA;CP;-74.929381;8.547357;3255.011962890625
70;SUCRE;70678;SAN BENITO ABAD;70678038;LAS POZAS;CP;-74.978963;8.629109;3257.9990234375
70;SUCRE;70678;SAN BENITO ABAD;70678039;REMOLINO;CP;-74.87012;8.502209;3246.56494140625
70;SUCRE;70702;SAN JUAN DE BETULIA;70702000;BETULIA;CM;-75.243565;9.273066;3269.133056640625
70;SUCRE;70702;SAN JUAN DE BETULIA;70702001;ALBANIA;CP;-75.224992;9.237265;3270.0830078125
70;SUCRE;70702;SAN JUAN DE BETULIA;70702004;SABANETA;CP;-75.197493;9.28572;3274.259765625
70;SUCRE;70702;SAN JUAN DE BETULIA;70702005;VILLA LÓPEZ;CP;-75.22844;9.303069;3271.960693359375
70;SUCRE;70702;SAN JUAN DE BETULIA;70702006;LAS CRUCES;CP;-75.225172;9.277641;3271.485107421875
70;SUCRE;70702;SAN JUAN DE BETULIA;70702007;LOMA ALTA;CP;-75.262578;9.249032;3266.16015625
70;SUCRE;70702;SAN JUAN DE BETULIA;70702008;SANTO TOMÁS;CP;-75.209278;9.358127;3277.33447265625
70;SUCRE;70702;SAN JUAN DE BETULIA;70702009;EL SOCORRO;CP;-75.208645;9.261491;3272.088134765625
70;SUCRE;70702;SAN JUAN DE BETULIA;70702010;GARRAPATERO;CP;-75.249172;9.240821;3267.693603515625
70;SUCRE;70702;SAN JUAN DE BETULIA;70702011;LOMA DEL LATIGO;CP;-75.229444;9.219179;3269.357666015625
70;SUCRE;70708;SAN MARCOS;70708000;SAN MARCOS;CM;-75.132078;8.664585;3243.436767578125
70;SUCRE;70708;SAN MARCOS;70708001;BELÉN;CP;-75.12746;8.70085;3245.66943359375
70;SUCRE;70708;SAN MARCOS;70708002;BUENAVISTA;CP;-75.254756;8.681567;3252.727294921875
70;SUCRE;70708;SAN MARCOS;70708003;CANDELARIA;CP;-75.208484;8.665102;3255.9072265625
70;SUCRE;70708;SAN MARCOS;70708004;CAÑO PRIETO;CP;-75.316266;8.574847;3234.182861328125
70;SUCRE;70708;SAN MARCOS;70708005;CUENCA;CP;-75.25109;8.523066;3241.35986328125
70;SUCRE;70708;SAN MARCOS;70708006;EL LIMÓN;CP;-75.213062;8.630378;3251.461181640625
70;SUCRE;70708;SAN MARCOS;70708007;EL TABLÓN;CP;-75.32439;8.657188;3241.44189453125
70;SUCRE;70708;SAN MARCOS;70708009;LAS FLORES;CP;-75.201438;8.532251;3242.024658203125
70;SUCRE;70708;SAN MARCOS;70708010;MONTEGRANDE;CP;-75.237962;8.686413;3255.453125
70;SUCRE;70708;SAN MARCOS;70708011;PALO ALTO;CP;-75.13762;8.700544;3249.51806640625
70;SUCRE;70708;SAN MARCOS;70708012;EL PITAL;CP;-75.165146;8.576161;3244.88232421875
70;SUCRE;70708;SAN MARCOS;70708013;SANTA INÉS;CP;-75.2211;8.710713;3259.084716796875
70;SUCRE;70708;SAN MARCOS;70708014;LA QUEBRADA;CP;-75.319963;8.595097;3235.641357421875
70;SUCRE;70708;SAN MARCOS;70708015;EL LLANO;CP;-75.231607;8.642074;3252.512939453125
70;SUCRE;70708;SAN MARCOS;70708017;NEIVA;CP;-75.318904;8.69777;3246.08349609375
70;SUCRE;70708;SAN MARCOS;70708018;BUENOS AIRES;CP;-75.313475;8.617261;3237.33056640625
70;SUCRE;70708;SAN MARCOS;70708020;CASTILLERA;CP;-75.336312;8.696262;3243.848876953125
70;SUCRE;70708;SAN MARCOS;70708021;CAYO DE LA CRUZ;CP;-75.174068;8.697969;3257.98095703125
70;SUCRE;70708;SAN MARCOS;70708024;EL OASIS;CP;-75.137724;8.693631;3248.467529296875
70;SUCRE;70708;SAN MARCOS;70708025;LA COSTERA;CP;-75.245953;8.518299;3241.2001953125
70;SUCRE;70708;SAN MARCOS;70708027;RINCÓN GUERRANO;CP;-75.262675;8.722174;3254.44677734375
70;SUCRE;70708;SAN MARCOS;70708028;SAN FELIPE;CP;-75.232893;8.717678;3258.013671875
70;SUCRE;70708;SAN MARCOS;70708029;SEHEBE;CP;-75.052768;8.465484;3243.989501953125
70;SUCRE;70708;SAN MARCOS;70708030;CAIMITICO;CP;-75.179883;8.718628;3259.294921875
70;SUCRE;70708;SAN MARCOS;70708031;CAÑO CARATE;CP;-75.138947;8.573846;3241.369140625
70;SUCRE;70708;SAN MARCOS;70708032;CEJA LARGA;CP;-75.144676;8.59375;3241.292236328125
70;SUCRE;70708;SAN MARCOS;70708033;EL REPARO;CP;-75.139651;8.582006;3241.009033203125
70;SUCRE;70708;SAN MARCOS;70708034;MEDIA TAPA;CP;-75.211971;8.546;3242.90625
70;SUCRE;70708;SAN MARCOS;70708035;NUEVA ESPERANZA;CP;-75.234042;8.680077;3255.65185546875
70;SUCRE;70708;SAN MARCOS;70708036;PAJONAL;CP;-75.218273;8.551406;3243.12060546875
70;SUCRE;70713;SAN ONOFRE;70713000;SAN ONOFRE;CM;-75.522398;9.736955;3272
70;SUCRE;70713;SAN ONOFRE;70713001;AGUACATE;CP;-75.398943;9.632776;3282.827392578125
70;SUCRE;70713;SAN ONOFRE;70713002;BERLÍN;CP;-75.525968;9.676853;3269.930419921875
70;SUCRE;70713;SAN ONOFRE;70713003;BERRUGAS;CP;-75.614492;9.69834;3271.1484375
70;SUCRE;70713;SAN ONOFRE;70713005;LABARCÉS;CP;-75.541441;9.984317;3280.6962890625
70;SUCRE;70713;SAN ONOFRE;70713006;LIBERTAD;CP;-75.573399;9.897193;3275.919189453125
70;SUCRE;70713;SAN ONOFRE;70713007;PAJONAL;CP;-75.479241;9.83846;3276.99658203125
70;SUCRE;70713;SAN ONOFRE;70713008;PALO ALTO;CP;-75.430575;9.825109;3281.124267578125
70;SUCRE;70713;SAN ONOFRE;70713009;PLANPAREJO;CP;-75.539814;9.831267;3271
70;SUCRE;70713;SAN ONOFRE;70713010;RINCÓN DEL MAR;CP;-75.639514;9.763544;3269.10693359375
70;SUCRE;70713;SAN ONOFRE;70713011;SABANAS DE MUCACAL;CP;-75.426351;9.885062;3280.97119140625
70;SUCRE;70713;SAN ONOFRE;70713012;SAN ANTONIO;CP;-75.514511;10.013891;3283.90771484375
70;SUCRE;70713;SAN ONOFRE;70713014;HIGUERÓN;CP;-75.587425;9.788294;3275
70;SUCRE;70713;SAN ONOFRE;70713015;EL CHICHO;CP;-75.47536;9.674211;3272.7646484375
70;SUCRE;70713;SAN ONOFRE;70713016;BARRANCAS;CP;-75.537906;9.907386;3273.988525390625
70;SUCRE;70713;SAN ONOFRE;70713017;CERRO DE LAS CASAS;CP;-75.50767;9.876151;3275.4091796875
70;SUCRE;70713;SAN ONOFRE;70713018;PAJONALITO;CP;-75.39328;9.691985;3284
70;SUCRE;70713;SAN ONOFRE;70713019;EL PUEBLITO;CP;-75.455206;9.640697;3276.114013671875
70;SUCRE;70713;SAN ONOFRE;70713020;AGUAS NEGRAS;CP;-75.490327;9.691541;3270.947021484375
70;SUCRE;70713;SAN ONOFRE;70713021;PALACIOS;CP;-75.498217;9.923204;3278.913330078125
70;SUCRE;70713;SAN ONOFRE;70713022;BOCACERRADA;CP;-75.571327;10.059337;3277.09814453125
70;SUCRE;70713;SAN ONOFRE;70713023;PALMIRA;CP;-75.417841;9.712956;3282.071533203125
70;SUCRE;70713;SAN ONOFRE;70713024;ALTOS DE JULIO;CP;-75.620451;9.825631;3270.500244140625
70;SUCRE;70713;SAN ONOFRE;70713025;ARROYO SECO;CP;-75.580018;9.880166;3275
70;SUCRE;70713;SAN ONOFRE;70713026;LAS BRISAS;CP;-75.594851;9.834921;3273.95556640625
70;SUCRE;70713;SAN ONOFRE;70713027;PISISI;CP;-75.534994;9.890317;3273.000244140625
70;SUCRE;70713;SAN ONOFRE;70713028;SABANAS DE RINCÓN;CP;-75.62589;9.745821;3270.293212890625
70;SUCRE;70713;SAN ONOFRE;70713029;SABANETICA;CP;-75.595134;9.907895;3273.69873046875
70;SUCRE;70713;SAN ONOFRE;70713030;BUENAVENTURA;CP;-75.496915;9.86146;3276.293701171875
70;SUCRE;70713;SAN ONOFRE;70713031;EL CAMPAMENTO;CP;-75.459121;9.819239;3278.983642578125
70;SUCRE;70713;SAN ONOFRE;70713032;EMBOCADA H PAJONAL;CP;-75.47069;9.819537;3277.538330078125
70;SUCRE;70717;SAN PEDRO;70717000;SAN PEDRO;CM;-75.063652;9.396284;3286.624755859375
70;SUCRE;70717;SAN PEDRO;70717001;SAN MATEO;CP;-75.032021;9.34794;3279.803955078125
70;SUCRE;70717;SAN PEDRO;70717002;ROVIRA;CP;-75.07212;9.346565;3284.920166015625
70;SUCRE;70717;SAN PEDRO;70717003;NUMANCIA;CP;-74.963104;9.363916;3284.26513671875
70;SUCRE;70717;SAN PEDRO;70717004;EL BAJO DE LA ALEGRÍA;CP;-75.098474;9.413448;3289.991455078125
70;SUCRE;70717;SAN PEDRO;70717006;CALABOZO;CP;-75.102244;9.3868;3289.009765625
70;SUCRE;70717;SAN PEDRO;70717007;EL CARMEN;CP;-74.981132;9.3768;3281.973388671875
70;SUCRE;70717;SAN PEDRO;70717008;LOS CHIJETES;CP;-75.076983;9.401773;3288.87939453125
70;SUCRE;70717;SAN PEDRO;70717009;MANIZALES;CP;-75.102735;9.366706;3288.145263671875
70;SUCRE;70717;SAN PEDRO;70717011;SAN FRANCISCO;CP;-75.110077;9.387973;3289.244384765625
70;SUCRE;70742;SAN LUIS DE SINCÉ;70742000;SINCÉ;CM;-75.145995;9.244307;3280.554931640625
70;SUCRE;70742;SAN LUIS DE SINCÉ;70742002;BAZÁN;CP;-75.109815;9.331427;3286.936767578125
70;SUCRE;70742;SAN LUIS DE SINCÉ;70742004;COCOROTE;CP;-75.008933;9.219178;3277
70;SUCRE;70742;SAN LUIS DE SINCÉ;70742005;GRANADA;CP;-75.049218;9.316913;3279.16064453125
70;SUCRE;70742;SAN LUIS DE SINCÉ;70742008;LOS LIMONES;CP;-75.196616;9.189794;3270.736083984375
70;SUCRE;70742;SAN LUIS DE SINCÉ;70742010;VALENCIA;CP;-75.113582;9.134698;3277.999267578125
70;SUCRE;70742;SAN LUIS DE SINCÉ;70742011;VÉLEZ;CP;-75.09334;9.107007;3279
70;SUCRE;70742;SAN LUIS DE SINCÉ;70742013;LA VIVIENDA;CP;-74.999405;9.234158;3277.977783203125
70;SUCRE;70742;SAN LUIS DE SINCÉ;70742014;PERENDENGUE;CP;-75.107615;9.372588;3288.88330078125
70;SUCRE;70742;SAN LUIS DE SINCÉ;70742015;GALÁPAGO;CP;-75.091217;9.31412;3285.14404296875
70;SUCRE;70742;SAN LUIS DE SINCÉ;70742016;MORALITO;CP;-75.132673;9.391787;3289.636962890625
70;SUCRE;70742;SAN LUIS DE SINCÉ;70742017;PORVENIR;CP;-75.124069;9.391684;3289.96923828125
70;SUCRE;70771;SUCRE;70771000;SUCRE;CM;-74.723175;8.811737;3260.9951171875
70;SUCRE;70771;SUCRE;70771001;ARBOLEDA;CP;-74.626716;8.81517;3253.734619140625
70;SUCRE;70771;SUCRE;70771005;CAMPO ALEGRE;CP;-74.711109;8.922927;3263.953125
70;SUCRE;70771;SUCRE;70771006;CÓRDOBA;CP;-74.615938;8.801217;3253.031982421875
70;SUCRE;70771;SUCRE;70771008;EL CONGRESO;CP;-74.765802;8.947;3267.183837890625
70;SUCRE;70771;SUCRE;70771012;LA VENTURA;CP;-74.757325;8.753754;3259.111083984375
70;SUCRE;70771;SUCRE;70771013;MONTERÍA;CP;-74.864508;8.787664;3258.991943359375
70;SUCRE;70771;SUCRE;70771015;NARANJAL;CP;-74.637105;8.821647;3253.883544921875
70;SUCRE;70771;SUCRE;70771016;NARIÑO;CP;-74.666029;8.828066;3256.872314453125
70;SUCRE;70771;SUCRE;70771017;OREJERO;CP;-74.712776;8.979007;3265.193359375
70;SUCRE;70771;SUCRE;70771018;SAN LUIS;CP;-74.707274;8.880947;3263.018310546875
70;SUCRE;70771;SUCRE;70771019;TRAVESÍA;CP;-74.612262;8.770929;3250.595947265625
70;SUCRE;70771;SUCRE;70771020;HATO NUEVO;CP;-74.756567;8.791971;3260.47607421875
70;SUCRE;70771;SUCRE;70771021;PAMPANILLA;CP;-74.68668;8.843929;3260.103271484375
70;SUCRE;70771;SUCRE;70771024;LA PALMA;CP;-74.778942;8.694922;3256.99267578125
70;SUCRE;70771;SUCRE;70771027;SAN MATEO;CP;-74.70995;8.903842;3263.98046875
70;SUCRE;70771;SUCRE;70771053;TOTUMAL;CP;-74.736113;8.741237;3258.029296875
70;SUCRE;70820;SANTIAGO DE TOLÚ;70820000;SANTIAGO DE TOLÚ;CM;-75.581284;9.525454;3258.982666015625
70;SUCRE;70820;SANTIAGO DE TOLÚ;70820003;NUEVA ERA;CP;-75.516906;9.490959;3264.66455078125
70;SUCRE;70820;SANTIAGO DE TOLÚ;70820007;PITA EN MEDIO;CP;-75.49547;9.647651;3268.9990234375
70;SUCRE;70820;SANTIAGO DE TOLÚ;70820008;PUERTO VIEJO;CP;-75.584512;9.451092;3255.77099609375
70;SUCRE;70820;SANTIAGO DE TOLÚ;70820010;PITA ABAJO;CP;-75.51292;9.630011;3267.76416015625
70;SUCRE;70820;SANTIAGO DE TOLÚ;70820013;SANTA LUCÍA;CP;-75.531061;9.471713;3263.647705078125
70;SUCRE;70823;SAN JOSÉ DE TOLUVIEJO;70823000;TOLUVIEJO;CM;-75.44085;9.451819;3270.902587890625
70;SUCRE;70823;SAN JOSÉ DE TOLUVIEJO;70823001;CARACOL;CP;-75.397452;9.417849;3266.993896484375
70;SUCRE;70823;SAN JOSÉ DE TOLUVIEJO;70823002;LAS PIEDRAS;CP;-75.377299;9.437513;3268.112060546875
70;SUCRE;70823;SAN JOSÉ DE TOLUVIEJO;70823003;MACAJÁN;CP;-75.418234;9.539756;3277.95947265625
70;SUCRE;70823;SAN JOSÉ DE TOLUVIEJO;70823004;PALMIRA;CP;-75.43417;9.389826;3266.122802734375
70;SUCRE;70823;SAN JOSÉ DE TOLUVIEJO;70823005;VARSOVIA;CP;-75.49355;9.406897;3264.327880859375
70;SUCRE;70823;SAN JOSÉ DE TOLUVIEJO;70823006;LA PICHE;CP;-75.411966;9.512709;3275.91552734375
70;SUCRE;70823;SAN JOSÉ DE TOLUVIEJO;70823007;CIENAGUITA;CP;-75.416675;9.519409;3276.560302734375
70;SUCRE;70823;SAN JOSÉ DE TOLUVIEJO;70823009;MOQUEN;CP;-75.465124;9.386011;3266.08203125
70;SUCRE;70823;SAN JOSÉ DE TOLUVIEJO;70823010;GUALÓN;CP;-75.46697;9.400783;3267.051025390625
70;SUCRE;70823;SAN JOSÉ DE TOLUVIEJO;70823011;CAÑITO;CP;-75.425093;9.611252;3280.317138671875
70;SUCRE;70823;SAN JOSÉ DE TOLUVIEJO;70823012;LA SIRIA;CP;-75.411012;9.442508;3269.12060546875
70;SUCRE;70823;SAN JOSÉ DE TOLUVIEJO;70823013;LA FLORESTA;CP;-75.446071;9.411792;3268.072265625
70;SUCRE;70823;SAN JOSÉ DE TOLUVIEJO;70823014;LOS ALTOS;CP;-75.41489;9.398864;3266.08935546875
70;SUCRE;70823;SAN JOSÉ DE TOLUVIEJO;70823015;NUEVA ESPERANZA;CP;-75.462074;9.433589;3269.005126953125
73;TOLIMA;73001;IBAGUÉ;73001000;IBAGUÉ;CM;-75.193715;4.439609;3050.072265625
73;TOLIMA;73001;IBAGUÉ;73001001;BUENOS AIRES;CP;-75.076322;4.325757;3045.898193359375
73;TOLIMA;73001;IBAGUÉ;73001004;DANTAS;CP;-75.394304;4.348732;3038.002197265625
73;TOLIMA;73001;IBAGUÉ;73001006;JUNTAS;CP;-75.321373;4.556652;3050.5595703125
73;TOLIMA;73001;IBAGUÉ;73001007;LAURELES;CP;-75.364195;4.369984;3042.11328125
73;TOLIMA;73001;IBAGUÉ;73001009;SAN BERNARDO;CP;-75.074741;4.496133;3055.447265625
73;TOLIMA;73001;IBAGUÉ;73001010;SAN JUAN DE LA CHINA;CP;-75.076448;4.540785;3058.46533203125
73;TOLIMA;73001;IBAGUÉ;73001011;TAPIAS;CP;-75.350497;4.453404;3045.4072265625
73;TOLIMA;73001;IBAGUÉ;73001012;TOCHE;CP;-75.409379;4.51975;3056.947998046875
73;TOLIMA;73001;IBAGUÉ;73001013;VILLARESTREPO;CP;-75.310625;4.523573;3051.01611328125
73;TOLIMA;73001;IBAGUÉ;73001014;LLANITOS;CP;-75.286886;4.490906;3054.003173828125
73;TOLIMA;73001;IBAGUÉ;73001015;EL TOTUMO;CP;-75.182801;4.382404;3050.58056640625
73;TOLIMA;73001;IBAGUÉ;73001016;LLANO DEL COMBEIMA;CP;-75.16254;4.335184;3046.38671875
73;TOLIMA;73001;IBAGUÉ;73001017;CARMEN DE BULIRA;CP;-75.200839;4.30413;3048
73;TOLIMA;73001;IBAGUÉ;73001018;EL RODEO;CP;-75.189924;4.360782;3050
73;TOLIMA;73001;IBAGUÉ;73001020;COELLO - COCORA;CP;-75.290514;4.400237;3052.96533203125
73;TOLIMA;73001;IBAGUÉ;73001024;SANTA TERESA;CP;-75.261563;4.444521;3054.767333984375
73;TOLIMA;73001;IBAGUÉ;73001025;PASTALES VIEJO;CP;-75.298746;4.508349;3053.069580078125
73;TOLIMA;73001;IBAGUÉ;73001027;PASTALES NUEVO;CP;-75.299089;4.509824;3053.064208984375
73;TOLIMA;73001;IBAGUÉ;73001028;LA FLOR;CP;-75.099435;4.483008;3057.214111328125
73;TOLIMA;73001;IBAGUÉ;73001030;EL CAY;CP;-75.257687;4.468552;3057.794189453125
73;TOLIMA;73001;IBAGUÉ;73001032;ALTO DE GUALANDAY;CP;-75.048291;4.29961;3038.221923828125
73;TOLIMA;73001;IBAGUÉ;73001034;APARCO;CP;-75.16031;4.367;3047.6884765625
73;TOLIMA;73001;IBAGUÉ;73001036;BRICEÑO;CP;-75.034408;4.290322;3033.873291015625
73;TOLIMA;73001;IBAGUÉ;73001038;CHEMBE;CP;-75.165959;4.475463;3052.8369140625
73;TOLIMA;73001;IBAGUÉ;73001039;CHUCUNÍ;CP;-75.056337;4.46634;3050.994384765625
73;TOLIMA;73001;IBAGUÉ;73001047;LA HELENA;CP;-75.110261;4.477234;3057.0009765625
73;TOLIMA;73001;IBAGUÉ;73001049;LA MIEL;CP;-75.110994;4.366947;3052.011962890625
73;TOLIMA;73001;IBAGUÉ;73001050;LA PALMILLA;CP;-75.154956;4.458137;3052.735107421875
73;TOLIMA;73001;IBAGUÉ;73001057;LOS TÚNELES;CP;-75.279552;4.418338;3053.0234375
73;TOLIMA;73001;IBAGUÉ;73001058;PICO DE ORO;CP;-75.304062;4.513123;3052.54736328125
73;TOLIMA;73001;IBAGUÉ;73001059;TRES ESQUINAS;CP;-75.285035;4.477285;3053.9560546875
73;TOLIMA;73001;IBAGUÉ;73001065;INVASION BELLA ISLA DE LLANITOS;CP;-75.291912;4.499079;3053.572998046875
73;TOLIMA;73001;IBAGUÉ;73001066;SALITRE;CP;-75.191494;4.354965;3050
73;TOLIMA;73024;ALPUJARRA;73024000;ALPUJARRA;CM;-74.9329;3.391548;2982.940673828125
73;TOLIMA;73024;ALPUJARRA;73024001;LA ARADA;CP;-74.884601;3.455037;2971.371337890625
73;TOLIMA;73024;ALPUJARRA;73024002;EL CARMEN;CP;-74.857335;3.478041;2972
73;TOLIMA;73024;ALPUJARRA;73024003;AMESES;CP;-74.873226;3.489914;2972
73;TOLIMA;73026;ALVARADO;73026000;ALVARADO;CM;-74.953418;4.567356;3043.998291015625
73;TOLIMA;73026;ALVARADO;73026001;CALDAS VIEJO;CP;-74.929058;4.608813;3044
73;TOLIMA;73026;ALVARADO;73026004;RINCÓN CHIPALO;CP;-74.885789;4.615052;3044
73;TOLIMA;73026;ALVARADO;73026005;VERACRUZ;CP;-75.005463;4.67249;3050.509033203125
73;TOLIMA;73026;ALVARADO;73026008;LA TEBAIDA;CP;-75.04844;4.503166;3051.8515625
73;TOLIMA;73026;ALVARADO;73026011;TOTARITO;CP;-75.018229;4.669107;3053.0341796875
73;TOLIMA;73030;AMBALEMA;73030000;AMBALEMA;CM;-74.764429;4.782682;3041.97607421875
73;TOLIMA;73030;AMBALEMA;73030002;CHORRILLO;CP;-74.804738;4.84132;3046.93359375
73;TOLIMA;73030;AMBALEMA;73030004;PAJONALES;CP;-74.829244;4.758693;3044.598876953125
73;TOLIMA;73030;AMBALEMA;73030006;LA ALDEA EL DANUBIO;CP;-74.768318;4.881497;3044.115234375
73;TOLIMA;73030;AMBALEMA;73030007;BOQUERÓN;CP;-74.863756;4.805562;3051.822998046875
73;TOLIMA;73043;ANZOÁTEGUI;73043000;ANZOÁTEGUI;CM;-75.096451;4.627474;3064.9990234375
73;TOLIMA;73043;ANZOÁTEGUI;73043001;LISBOA;CP;-75.094379;4.579844;3062.26953125
73;TOLIMA;73043;ANZOÁTEGUI;73043002;PALOMAR;CP;-75.175841;4.60002;3057.5595703125
73;TOLIMA;73043;ANZOÁTEGUI;73043003;SANTA BÁRBARA;CP;-75.033425;4.685646;3060.48486328125
73;TOLIMA;73055;ARMERO;73055000;GUAYABAL;CM;-74.884438;5.030744;3061.69384765625
73;TOLIMA;73055;ARMERO;73055002;MÉNDEZ;CP;-74.745097;5.046669;3044.268798828125
73;TOLIMA;73055;ARMERO;73055003;SAN PEDRO;CP;-74.993766;4.989019;3076.292724609375
73;TOLIMA;73055;ARMERO;73055004;SAN FELIPE;CP;-74.899313;5.125929;3067.090087890625
73;TOLIMA;73055;ARMERO;73055006;FUNDADORES;CP;-74.884031;5.098203;3066.021240234375
73;TOLIMA;73055;ARMERO;73055007;NUEVO HORIZONTE;CP;-74.876747;5.07123;3065.140869140625
73;TOLIMA;73067;ATACO;73067000;ATACO;CM;-75.382545;3.590591;3005.3505859375
73;TOLIMA;73067;ATACO;73067001;CAMPOHERMOSO;CP;-75.649485;3.399061;2982.150390625
73;TOLIMA;73067;ATACO;73067003;CASA DE ZINC;CP;-75.587192;3.286702;2988.398681640625
73;TOLIMA;73067;ATACO;73067005;MESA DE POLE;CP;-75.536592;3.456438;2993.253662109375
73;TOLIMA;73067;ATACO;73067006;POLECITO;CP;-75.578557;3.345971;2992.017333984375
73;TOLIMA;73067;ATACO;73067007;SANTIAGO PÉREZ;CP;-75.60688;3.397816;2988.75537109375
73;TOLIMA;73067;ATACO;73067012;MONTELORO;CP;-75.624892;3.324222;2980.796875
73;TOLIMA;73067;ATACO;73067014;EL PAUJIL;CP;-75.659509;3.337806;2980.0009765625
73;TOLIMA;73067;ATACO;73067016;CÓNDOR;CP;-75.61244;3.323622;2983.6328125
73;TOLIMA;73067;ATACO;73067020;EL BALSO;CP;-75.584716;3.3589;2991.875244140625
73;TOLIMA;73067;ATACO;73067021;LA LAGUNA;CP;-75.576148;3.381977;2993.954345703125
73;TOLIMA;73067;ATACO;73067022;LA ESTRELLA;CP;-75.663702;3.281089;2977.343994140625
73;TOLIMA;73124;CAJAMARCA;73124000;CAJAMARCA;CM;-75.435748;4.436595;3042.190185546875
73;TOLIMA;73124;CAJAMARCA;73124001;ANAIME;CP;-75.444779;4.397336;3039.011962890625
73;TOLIMA;73124;CAJAMARCA;73124005;EL ROSAL;CP;-75.434243;4.404527;3039.992431640625
73;TOLIMA;73148;CARMEN DE APICALÁ;73148000;CARMEN DE APICALÁ;CM;-74.716169;4.147912;2978.796142578125
73;TOLIMA;73152;CASABIANCA;73152000;CASABIANCA;CM;-75.120966;5.078465;3092.944091796875
73;TOLIMA;73152;CASABIANCA;73152002;SAN JERÓNIMO;CP;-75.055063;5.104396;3090.005859375
73;TOLIMA;73168;CHAPARRAL;73168000;CHAPARRAL;CM;-75.480765;3.722918;3006.51953125
73;TOLIMA;73168;CHAPARRAL;73168004;EL LIMÓN;CP;-75.584911;3.64968;2997.06640625
73;TOLIMA;73168;CHAPARRAL;73168005;LA MARINA;CP;-75.640245;3.727877;2996.832275390625
73;TOLIMA;73168;CHAPARRAL;73168006;LA PROFUNDA;CP;-75.626036;3.581423;2993.004150390625
73;TOLIMA;73168;CHAPARRAL;73168007;SAN JOSÉ DE LAS HERMOSAS;CP;-75.695904;3.904871;3004.9833984375
73;TOLIMA;73200;COELLO;73200000;COELLO;CM;-74.898464;4.287276;3035.598388671875
73;TOLIMA;73200;COELLO;73200001;GUALANDAY;CP;-75.025357;4.281421;3031.383056640625
73;TOLIMA;73200;COELLO;73200002;LA BARRIALOSA;CP;-74.804602;4.474619;3026.3125
73;TOLIMA;73200;COELLO;73200003;LLANO DE LA VIRGEN;CP;-74.918512;4.253417;3035.9423828125
73;TOLIMA;73200;COELLO;73200004;POTRERILLO;CP;-74.982905;4.251601;3039.6357421875
73;TOLIMA;73200;COELLO;73200005;VEGA LOS PADRES;CP;-74.833541;4.428773;3024.346923828125
73;TOLIMA;73200;COELLO;73200016;VINDI;CP;-74.835522;4.447694;3026.14013671875
73;TOLIMA;73200;COELLO;73200017;CALABOZO;CP;-75.014727;4.282587;3031.71923828125
73;TOLIMA;73217;COYAIMA;73217000;COYAIMA;CM;-75.193862;3.798036;3022.50341796875
73;TOLIMA;73217;COYAIMA;73217001;CASTILLA;CP;-75.061825;3.819751;3013.985107421875
73;TOLIMA;73217;COYAIMA;73217005;TOTARCO DINDE;CP;-75.190058;3.723735;3016.17919921875
73;TOLIMA;73217;COYAIMA;73217011;GUAYAQUIL;CP;-75.021843;3.691857;3012.896728515625
73;TOLIMA;73217;COYAIMA;73217012;MESA DE INCA;CP;-75.000383;3.718643;3008.484130859375
73;TOLIMA;73217;COYAIMA;73217013;SAN MIGUEL;CP;-75.0715;3.766484;3012
73;TOLIMA;73226;CUNDAY;73226000;CUNDAY;CM;-74.692227;4.059259;2978
73;TOLIMA;73226;CUNDAY;73226001;LA AURORA;CP;-74.581621;4.014337;2956.610107421875
73;TOLIMA;73226;CUNDAY;73226002;SAN PABLO;CP;-74.671502;3.931538;2973.1630859375
73;TOLIMA;73226;CUNDAY;73226003;TRES ESQUINAS;CP;-74.707671;3.866358;2984.8828125
73;TOLIMA;73226;CUNDAY;73226004;VALENCIA;CP;-74.742363;3.922988;2987.667236328125
73;TOLIMA;73226;CUNDAY;73226005;VARSOVIA;CP;-74.598997;4.077449;2963.993408203125
73;TOLIMA;73226;CUNDAY;73226008;EL REVÉS;CP;-74.725535;4.024335;2983.263671875
73;TOLIMA;73236;DOLORES;73236000;DOLORES;CM;-74.896754;3.539073;2978.61669921875
73;TOLIMA;73236;DOLORES;73236004;RIONEGRO;CP;-74.811769;3.644779;2976.797119140625
73;TOLIMA;73236;DOLORES;73236005;SAN ANDRÉS;CP;-74.831851;3.609176;2975.39208984375
73;TOLIMA;73236;DOLORES;73236007;LOS LLANITOS;CP;-74.800573;3.620776;2970.316162109375
73;TOLIMA;73236;DOLORES;73236010;LA SOLEDAD;CP;-74.761859;3.672539;2959.0029296875
73;TOLIMA;73236;DOLORES;73236011;SAN PEDRO;CP;-74.768243;3.636121;2958.1279296875
73;TOLIMA;73268;ESPINAL;73268000;EL ESPINAL;CM;-74.885446;4.151314;3013.180908203125
73;TOLIMA;73268;ESPINAL;73268001;CHICORAL;CP;-74.980639;4.21252;3037.295166015625
73;TOLIMA;73268;ESPINAL;73268003;SAN FRANCISCO;CP;-74.978953;4.186812;3035.11767578125
73;TOLIMA;73270;FALAN;73270000;FALAN;CM;-74.953007;5.123104;3075.261962890625
73;TOLIMA;73270;FALAN;73270001;FRÍAS;CP;-75.01401;5.031597;3081.478271484375
73;TOLIMA;73270;FALAN;73270004;PIEDECUESTA;CP;-74.967049;5.12349;3077.447509765625
73;TOLIMA;73275;FLANDES;73275000;FLANDES;CM;-74.818754;4.276387;3022.40625
73;TOLIMA;73275;FLANDES;73275001;EL COLEGIO;CP;-74.83069;4.217059;3022.962890625
73;TOLIMA;73275;FLANDES;73275005;PARADERO I;CP;-74.828457;4.223349;3023.171875
73;TOLIMA;73275;FLANDES;73275009;CONDOMINIO SANTA ANA Y PALMA REAL;CP;-74.855901;4.210622;3021.967041015625
73;TOLIMA;73275;FLANDES;73275010;CONDOMINIO VILLA ESPERANZA;CP;-74.838503;4.248082;3026.06982421875
73;TOLIMA;73283;FRESNO;73283000;FRESNO;CM;-75.035722;5.153576;3089.959228515625
73;TOLIMA;73283;FRESNO;73283001;BETANIA;CP;-75.010226;5.280668;3093.79345703125
73;TOLIMA;73283;FRESNO;73283003;EL TABLAZO;CP;-75.082179;5.193843;3095.428466796875
73;TOLIMA;73283;FRESNO;73283004;LA AGUADITA;CP;-75.11455;5.143993;3095.889404296875
73;TOLIMA;73283;FRESNO;73283008;SAN BERNARDO;CP;-75.076468;5.212872;3096.703369140625
73;TOLIMA;73283;FRESNO;73283013;PARTIDAS;CP;-75.09677;5.160681;3095.010986328125
73;TOLIMA;73319;GUAMO;73319000;GUAMO;CM;-74.968135;4.030992;3024.056396484375
73;TOLIMA;73319;GUAMO;73319002;LA CHAMBA;CP;-74.867818;4.025362;2994.0859375
73;TOLIMA;73319;GUAMO;73319004;RINCÓN SANTO CENTRO;CP;-74.901114;4.003706;2997.321044921875
73;TOLIMA;73319;GUAMO;73319005;CHIPUELO ORIENTE;CP;-74.885941;4.010346;2994.003173828125
73;TOLIMA;73319;GUAMO;73319009;LA TROJA;CP;-74.885997;4.000562;2994
73;TOLIMA;73319;GUAMO;73319010;LOMA DE LUISA;CP;-75.010719;4.086935;3022.13037109375
73;TOLIMA;73319;GUAMO;73319013;CAÑADA EL RODEO;CP;-74.986691;4.120977;3027.755859375
73;TOLIMA;73319;GUAMO;73319015;PUEBLO NUEVO;CP;-74.95775;4.092933;3028.124267578125
73;TOLIMA;73319;GUAMO;73319016;CEREZUELA LAS GARZAS;CP;-74.927071;4.092626;3026.02880859375
73;TOLIMA;73347;HERVEO;73347000;HERVEO;CM;-75.177151;5.080228;3108.922607421875
73;TOLIMA;73347;HERVEO;73347001;BRASIL;CP;-75.283356;5.138948;3101.181396484375
73;TOLIMA;73347;HERVEO;73347003;LETRAS;CP;-75.331653;5.044409;3100.03369140625
73;TOLIMA;73347;HERVEO;73347004;MESONES;CP;-75.19346;5.133954;3108
73;TOLIMA;73347;HERVEO;73347005;PADUA;CP;-75.142901;5.133631;3100.10400390625
73;TOLIMA;73349;HONDA;73349000;HONDA;CM;-74.741367;5.201633;3054.907470703125
73;TOLIMA;73349;HONDA;73349001;PERICO;CP;-74.733723;5.282728;3059.530517578125
73;TOLIMA;73352;ICONONZO;73352000;ICONONZO;CM;-74.531969;4.176487;2963.674560546875
73;TOLIMA;73352;ICONONZO;73352001;BALCONCITOS;CP;-74.520541;4.072172;2965.080078125
73;TOLIMA;73352;ICONONZO;73352002;BOQUERÓN;CP;-74.54834;4.256989;2973.272705078125
73;TOLIMA;73352;ICONONZO;73352003;MUNDO NUEVO;CP;-74.530558;4.023847;2964.66455078125
73;TOLIMA;73352;ICONONZO;73352005;PATECUINDE;CP;-74.587539;4.093695;2961.893310546875
73;TOLIMA;73352;ICONONZO;73352007;EL TRIUNFO;CP;-74.548556;4.084936;2957.97998046875
73;TOLIMA;73408;LÉRIDA;73408000;LÉRIDA;CM;-74.910716;4.862046;3054.0849609375
73;TOLIMA;73408;LÉRIDA;73408001;DELICIAS;CP;-75.002821;4.831297;3073.697021484375
73;TOLIMA;73408;LÉRIDA;73408002;SAN FRANCISCO DE LA SIERRA;CP;-74.936422;4.79985;3052.9912109375
73;TOLIMA;73408;LÉRIDA;73408003;PADILLA;CP;-74.965412;4.953302;3069.97216796875
73;TOLIMA;73408;LÉRIDA;73408005;IGUASITOS;CP;-74.859704;4.84451;3054.17919921875
73;TOLIMA;73411;LÍBANO;73411000;LÍBANO;CM;-75.063421;4.923442;3081.298583984375
73;TOLIMA;73411;LÍBANO;73411002;CONVENIO;CP;-74.994413;4.949394;3075.720458984375
73;TOLIMA;73411;LÍBANO;73411006;SAN FERNANDO;CP;-75.084237;4.829505;3072.568115234375
73;TOLIMA;73411;LÍBANO;73411007;SANTA TERESA;CP;-75.051585;4.797759;3077.900634765625
73;TOLIMA;73411;LÍBANO;73411008;TIERRADENTRO;CP;-75.008784;4.860603;3077.403076171875
73;TOLIMA;73411;LÍBANO;73411009;CAMPO ALEGRE;CP;-75.039794;4.909987;3082.962158203125
73;TOLIMA;73443;SAN SEBASTIÁN DE MARIQUITA;73443000;SAN SEBASTIÁN DE MARIQUITA;CM;-74.889276;5.199708;3070.365234375
73;TOLIMA;73443;SAN SEBASTIÁN DE MARIQUITA;73443001;EL HATILLO;CP;-74.993918;5.228029;3086.456298828125
73;TOLIMA;73443;SAN SEBASTIÁN DE MARIQUITA;73443002;LA CABAÑA;CP;-74.972563;5.2644;3085.5625
73;TOLIMA;73443;SAN SEBASTIÁN DE MARIQUITA;73443003;PITALITO;CP;-75.005489;5.261381;3091.114501953125
73;TOLIMA;73443;SAN SEBASTIÁN DE MARIQUITA;73443004;LA ALBANIA;CP;-74.911327;5.300785;3081.60546875
73;TOLIMA;73443;SAN SEBASTIÁN DE MARIQUITA;73443006;CAMELIAS;CP;-74.995009;5.246143;3088.081787109375
73;TOLIMA;73443;SAN SEBASTIÁN DE MARIQUITA;73443008;LA PARROQUIA;CP;-74.940703;5.194633;3077.2802734375
73;TOLIMA;73443;SAN SEBASTIÁN DE MARIQUITA;73443009;LAS MARÍAS;CP;-75.008929;5.238253;3090.1689453125
73;TOLIMA;73449;MELGAR;73449000;MELGAR;CM;-74.630057;4.208233;2984.271240234375
73;TOLIMA;73449;MELGAR;73449001;CUALAMANÁ;CP;-74.580431;4.188781;2974.522216796875
73;TOLIMA;73449;MELGAR;73449004;ÁGUILA;CP;-74.589489;4.163959;2976.72314453125
73;TOLIMA;73449;MELGAR;73449006;BALCONES DEL SUMAPAZ;CP;-74.617367;4.248866;2990.07666015625
73;TOLIMA;73449;MELGAR;73449008;EL RUBY;CP;-74.695788;4.174026;2974
73;TOLIMA;73449;MELGAR;73449009;LA ESTANCIA;CP;-74.68696;4.191247;2974.0263671875
73;TOLIMA;73449;MELGAR;73449012;QUEBRADITAS 1;CP;-74.603197;4.211551;2986.81103515625
73;TOLIMA;73449;MELGAR;73449014;SAN JOSÉ DE LA COLORADA;CP;-74.624799;4.224456;2986.607421875
73;TOLIMA;73449;MELGAR;73449016;CUALAMANÁ 2;CP;-74.586789;4.186901;2978.228271484375
73;TOLIMA;73449;MELGAR;73449017;EL PALMAR;CP;-74.609548;4.249136;2990.848876953125
73;TOLIMA;73449;MELGAR;73449018;PEDRO GOMEZ;CP;-74.693246;4.201259;2974
73;TOLIMA;73461;MURILLO;73461000;MURILLO;CM;-75.170787;4.875071;3087.8408203125
73;TOLIMA;73461;MURILLO;73461001;EL BOSQUE;CP;-75.12973;4.762725;3071.765869140625
73;TOLIMA;73483;NATAGAIMA;73483000;NATAGAIMA;CM;-75.093182;3.624324;3013.699462890625
73;TOLIMA;73483;NATAGAIMA;73483001;LA PALMITA;CP;-75.191051;3.403212;3003.7802734375
73;TOLIMA;73483;NATAGAIMA;73483002;VELÚ;CP;-75.104845;3.530417;3009.7314453125
73;TOLIMA;73483;NATAGAIMA;73483008;RINCÓN ANCHIQUE;CP;-75.100237;3.582406;3010.704833984375
73;TOLIMA;73483;NATAGAIMA;73483012;LAS BRISAS;CP;-75.197553;3.411261;3004.1416015625
73;TOLIMA;73504;ORTEGA;73504000;ORTEGA;CM;-75.222601;3.934916;3030.991943359375
73;TOLIMA;73504;ORTEGA;73504003;GUAIPA;CP;-75.227458;3.779144;3022.796142578125
73;TOLIMA;73504;ORTEGA;73504004;HATO DE IGLESIA;CP;-75.096097;3.967778;3023.849853515625
73;TOLIMA;73504;ORTEGA;73504007;LA MESA DE ORTEGA;CP;-75.273462;4.001157;3034.858154296875
73;TOLIMA;73504;ORTEGA;73504008;OLAYA HERRERA;CP;-75.331412;3.811884;3022.197265625
73;TOLIMA;73504;ORTEGA;73504009;EL VERGEL;CP;-75.313678;3.960985;3031.002685546875
73;TOLIMA;73504;ORTEGA;73504017;LOS GUAYABOS;CP;-75.381934;3.87275;3028.402587890625
73;TOLIMA;73520;PALOCABILDO;73520000;PALOCABILDO;CM;-75.022198;5.120972;3085.929931640625
73;TOLIMA;73520;PALOCABILDO;73520001;ASTURIAS;CP;-75.015324;5.088363;3083.667236328125
73;TOLIMA;73520;PALOCABILDO;73520002;BUENOS AIRES;CP;-75.012904;5.067727;3082.510009765625
73;TOLIMA;73520;PALOCABILDO;73520003;GUADUALITO;CP;-75.006505;5.119599;3082.907470703125
73;TOLIMA;73547;PIEDRAS;73547000;PIEDRAS;CM;-74.878074;4.543908;3041.961669921875
73;TOLIMA;73547;PIEDRAS;73547001;CHICALÁ;CP;-74.856212;4.56123;3040.45166015625
73;TOLIMA;73547;PIEDRAS;73547002;DOIMA;CP;-74.975448;4.427963;3042
73;TOLIMA;73547;PIEDRAS;73547003;GUATAQUISITO;CP;-74.794138;4.516406;3030.124755859375
73;TOLIMA;73547;PIEDRAS;73547005;PARADERO CHIPALO;CP;-74.976642;4.480431;3042.04443359375
73;TOLIMA;73555;PLANADAS;73555000;PLANADAS;CM;-75.644163;3.197911;2970.794189453125
73;TOLIMA;73555;PLANADAS;73555001;BILBAO;CP;-75.746925;3.275246;2961.45166015625
73;TOLIMA;73555;PLANADAS;73555002;GAITANIA;CP;-75.671717;3.09156;2968.675537109375
73;TOLIMA;73555;PLANADAS;73555004;SUR DE ATA;CP;-75.64567;3.170518;2969.18896484375
73;TOLIMA;73555;PLANADAS;73555006;BRUSELAS;CP;-75.612194;3.2709;2980.457763671875
73;TOLIMA;73555;PLANADAS;73555007;SAN MIGUEL;CP;-75.741831;3.032003;2952.5107421875
73;TOLIMA;73563;PRADO;73563000;PRADO;CM;-74.927447;3.750939;3001.133544921875
73;TOLIMA;73563;PRADO;73563001;ACO;CP;-74.812308;3.745654;2983.998779296875
73;TOLIMA;73563;PRADO;73563004;MONTOSO;CP;-74.750494;3.741247;2961.78466796875
73;TOLIMA;73585;PURIFICACIÓN;73585000;PURIFICACIÓN;CM;-74.936989;3.853147;3000.697509765625
73;TOLIMA;73585;PURIFICACIÓN;73585001;CHENCHE ASOLEADO;CP;-74.965934;3.865183;3012.239990234375
73;TOLIMA;73585;PURIFICACIÓN;73585002;LOZANIA;CP;-74.772271;3.895057;2986.673095703125
73;TOLIMA;73585;PURIFICACIÓN;73585006;VILLA ESPERANZA;CP;-74.723741;3.806544;2977.219970703125
73;TOLIMA;73585;PURIFICACIÓN;73585007;VILLA COLOMBIA;CP;-74.994362;3.88294;3019.083251953125
73;TOLIMA;73585;PURIFICACIÓN;73585009;EL BAURA;CP;-74.929471;3.882657;2999.69189453125
73;TOLIMA;73585;PURIFICACIÓN;73585013;LA MATA;CP;-74.9165;3.820806;2999
73;TOLIMA;73585;PURIFICACIÓN;73585015;BUENAVISTA;CP;-74.913398;3.836339;2998.4794921875
73;TOLIMA;73585;PURIFICACIÓN;73585018;CHENCHE UNO;CP;-74.975255;3.882273;3016.4970703125
73;TOLIMA;73616;RIOBLANCO;73616000;RIOBLANCO;CM;-75.644718;3.529842;2989.295166015625
73;TOLIMA;73616;RIOBLANCO;73616001;HERRERA;CP;-75.818652;3.285629;2965.0302734375
73;TOLIMA;73616;RIOBLANCO;73616002;PUERTO SALDAÑA;CP;-75.710197;3.38333;2976.634521484375
73;TOLIMA;73616;RIOBLANCO;73616004;PALONEGRO;CP;-75.794089;3.302023;2962.076416015625
73;TOLIMA;73616;RIOBLANCO;73616005;GAITÁN;CP;-75.742978;3.576761;2982.79443359375
73;TOLIMA;73616;RIOBLANCO;73616006;MARACAIBO;CP;-75.784688;3.412223;2963.028076171875
73;TOLIMA;73616;RIOBLANCO;73616009;JUNTAS;CP;-75.763451;3.34114;2960.220703125
73;TOLIMA;73622;RONCESVALLES;73622000;RONCESVALLES;CM;-75.606561;4.012888;3024.486083984375
73;TOLIMA;73622;RONCESVALLES;73622001;SANTA ELENA;CP;-75.497704;4.124183;3033.8037109375
73;TOLIMA;73622;RONCESVALLES;73622002;EL CEDRO;CP;-75.458496;4.06804;3029.88818359375
73;TOLIMA;73624;ROVIRA;73624000;ROVIRA;CM;-75.240648;4.239019;3042.058837890625
73;TOLIMA;73624;ROVIRA;73624001;EL CORAZÓN;CP;-75.272902;4.121031;3038.0537109375
73;TOLIMA;73624;ROVIRA;73624003;LOS ANDES - LA BELLA;CP;-75.264805;4.297689;3048.5947265625
73;TOLIMA;73624;ROVIRA;73624004;RIOMANSO;CP;-75.416872;4.206454;3032
73;TOLIMA;73624;ROVIRA;73624005;SAN PEDRO;CP;-75.347624;4.059613;3037.024169921875
73;TOLIMA;73624;ROVIRA;73624007;GUADUALITO;CP;-75.408264;4.057568;3029.1240234375
73;TOLIMA;73624;ROVIRA;73624008;LA FLORIDA;CP;-75.348051;4.198281;3045.6572265625
73;TOLIMA;73624;ROVIRA;73624010;LA SELVA;CP;-75.364087;4.160388;3039.607421875
73;TOLIMA;73624;ROVIRA;73624012;LA LUISA;CP;-75.298566;4.250381;3048.98681640625
73;TOLIMA;73671;SALDAÑA;73671000;SALDAÑA;CM;-75.016153;3.926909;3020
73;TOLIMA;73671;SALDAÑA;73671001;JABALCÓN;CP;-75.015735;3.857082;3019
73;TOLIMA;73671;SALDAÑA;73671002;SANTA INÉS;CP;-74.962886;3.927872;3017.003173828125
73;TOLIMA;73671;SALDAÑA;73671008;LA ESPERANZA;CP;-75.029951;3.923148;3020.00390625
73;TOLIMA;73671;SALDAÑA;73671009;NORMANDÍA;CP;-74.950844;3.928836;3011.56201171875
73;TOLIMA;73675;SAN ANTONIO;73675000;SAN ANTONIO;CM;-75.481072;3.913072;3028.040283203125
73;TOLIMA;73675;SAN ANTONIO;73675001;LA FLORIDA;CP;-75.445793;4.030898;3029
73;TOLIMA;73675;SAN ANTONIO;73675002;PLAYARRICA;CP;-75.410234;4.056029;3029.117919921875
73;TOLIMA;73675;SAN ANTONIO;73675004;VILLA HERMOSA;CP;-75.456616;3.998202;3029
73;TOLIMA;73678;SAN LUIS;73678000;SAN LUIS;CM;-75.095804;4.133721;3028.294189453125
73;TOLIMA;73678;SAN LUIS;73678004;PAYANDÉ;CP;-75.09808;4.298009;3046.87255859375
73;TOLIMA;73686;SANTA ISABEL;73686000;SANTA ISABEL;CM;-75.097934;4.713606;3069.083984375
73;TOLIMA;73686;SANTA ISABEL;73686001;COLÓN;CP;-75.073085;4.74283;3072.985595703125
73;TOLIMA;73686;SANTA ISABEL;73686003;SAN RAFAEL;CP;-75.030472;4.763761;3071.397216796875
73;TOLIMA;73770;SUÁREZ;73770000;SUÁREZ;CM;-74.831885;4.048891;3002.544677734375
73;TOLIMA;73770;SUÁREZ;73770001;HATO VIEJO;CP;-74.809344;4.12852;3007.003662109375
73;TOLIMA;73770;SUÁREZ;73770003;CAÑAVERALES;CP;-74.798692;4.194058;3009.208251953125
73;TOLIMA;73770;SUÁREZ;73770005;AGUA BLANCA;CP;-74.84831;3.96873;2999.16796875
73;TOLIMA;73854;VALLE DE SAN JUAN;73854000;VALLE DE SAN JUAN;CM;-75.115669;4.197494;3037.511962890625
73;TOLIMA;73861;VENADILLO;73861000;VENADILLO;CM;-74.929177;4.717976;3049.16162109375
73;TOLIMA;73861;VENADILLO;73861001;JUNÍN;CP;-75.015587;4.772326;3070.6572265625
73;TOLIMA;73861;VENADILLO;73861002;LA SIERRITA;CP;-74.957123;4.778462;3053.950439453125
73;TOLIMA;73861;VENADILLO;73861003;MALABAR;CP;-75.019271;4.709051;3059.749755859375
73;TOLIMA;73861;VENADILLO;73861004;PALMAROSA;CP;-74.885732;4.671326;3045.10888671875
73;TOLIMA;73870;VILLAHERMOSA;73870000;VILLAHERMOSA;CM;-75.117729;5.030452;3091.00244140625
73;TOLIMA;73873;VILLARRICA;73873000;VILLARRICA;CM;-74.600341;3.936729;2952.033447265625
73;TOLIMA;73873;VILLARRICA;73873002;LA COLONIA;CP;-74.564708;3.880775;2947.90576171875
73;TOLIMA;73873;VILLARRICA;73873003;LOS ALPES;CP;-74.620818;3.957344;2956.648681640625
73;TOLIMA;73873;VILLARRICA;73873004;PUERTO LLERAS;CP;-74.688571;3.838826;2980.45166015625
76;VALLE DEL CAUCA;76001;SANTIAGO DE CALI;76001000;SANTIAGO DE CALI. DISTRITO ESPECIAL. DEPORTIVO. CULTURAL. TURÍSTICO. EMPRESARIAL Y DE SERVICIOS;CM;-76.521469;3.414162;2885.30322265625
76;VALLE DEL CAUCA;76001;SANTIAGO DE CALI;76001001;EL SALADITO;CP;-76.606098;3.482235;2885.848388671875
76;VALLE DEL CAUCA;76001;SANTIAGO DE CALI;76001002;FELIDIA;CP;-76.630584;3.468481;2879.57470703125
76;VALLE DEL CAUCA;76001;SANTIAGO DE CALI;76001003;GOLONDRINAS;CP;-76.550246;3.49817;2891.104736328125
76;VALLE DEL CAUCA;76001;SANTIAGO DE CALI;76001004;EL HORMIGUERO;CP;-76.477156;3.311473;2884.784912109375
76;VALLE DEL CAUCA;76001;SANTIAGO DE CALI;76001005;LA BUITRERA;CP;-76.561512;3.364863;2885.91796875
76;VALLE DEL CAUCA;76001;SANTIAGO DE CALI;76001006;LA CASTILLA;CP;-76.575937;3.49364;2888.00537109375
76;VALLE DEL CAUCA;76001;SANTIAGO DE CALI;76001007;LA ELVIRA;CP;-76.606214;3.518742;2886.809326171875
76;VALLE DEL CAUCA;76001;SANTIAGO DE CALI;76001008;LA LEONERA;CP;-76.636083;3.455074;2877.71533203125
76;VALLE DEL CAUCA;76001;SANTIAGO DE CALI;76001009;LA PAZ;CP;-76.568318;3.519885;2888.9326171875
76;VALLE DEL CAUCA;76001;SANTIAGO DE CALI;76001010;LOS ANDES;CP;-76.584226;3.410795;2886.1201171875
76;VALLE DEL CAUCA;76001;SANTIAGO DE CALI;76001012;NAVARRO;CP;-76.468191;3.380608;2889.02783203125
76;VALLE DEL CAUCA;76001;SANTIAGO DE CALI;76001013;PANCE;CP;-76.633654;3.328525;2868.894775390625
76;VALLE DEL CAUCA;76001;SANTIAGO DE CALI;76001014;PICHINDE;CP;-76.615261;3.438145;2882.2822265625
76;VALLE DEL CAUCA;76001;SANTIAGO DE CALI;76001016;MONTEBELLO;CP;-76.549606;3.485934;2891.55810546875
76;VALLE DEL CAUCA;76001;SANTIAGO DE CALI;76001019;CASCAJAL II;CP;-76.503978;3.315859;2880.221923828125
76;VALLE DEL CAUCA;76001;SANTIAGO DE CALI;76001020;VILLACARMELO;CP;-76.61653;3.378497;2878.36962890625
76;VALLE DEL CAUCA;76001;SANTIAGO DE CALI;76001022;BRISAS DE MONTEBELLO;CP;-76.544829;3.48467;2892
76;VALLE DEL CAUCA;76001;SANTIAGO DE CALI;76001023;CAMPO ALEGRE;CP;-76.554817;3.471496;2891.04638671875
76;VALLE DEL CAUCA;76001;SANTIAGO DE CALI;76001024;CASCAJAL I;CP;-76.509285;3.316413;2880
76;VALLE DEL CAUCA;76001;SANTIAGO DE CALI;76001025;CRUCERO ALTO DE LOS MANGOS;CP;-76.577741;3.399866;2886.608642578125
76;VALLE DEL CAUCA;76001;SANTIAGO DE CALI;76001026;EL FILO;CP;-76.547599;3.498475;2891.3291015625
76;VALLE DEL CAUCA;76001;SANTIAGO DE CALI;76001027;EL PORTENTO;CP;-76.56151;3.369203;2886.35791015625
76;VALLE DEL CAUCA;76001;SANTIAGO DE CALI;76001028;LA FRAGUA;CP;-76.550234;3.501173;2891.084228515625
76;VALLE DEL CAUCA;76001;SANTIAGO DE CALI;76001029;LA VORÁGINE;CP;-76.592107;3.343146;2878.55029296875
76;VALLE DEL CAUCA;76001;SANTIAGO DE CALI;76001030;LAS PALMAS;CP;-76.564409;3.370527;2886.03662109375
76;VALLE DEL CAUCA;76001;SANTIAGO DE CALI;76001031;LOS CERROS;CP;-76.5651;3.368366;2885.822509765625
76;VALLE DEL CAUCA;76001;SANTIAGO DE CALI;76001032;MONTAÑITAS;CP;-76.579148;3.460534;2887.9990234375
76;VALLE DEL CAUCA;76001;SANTIAGO DE CALI;76001034;PIZAMOS;CP;-76.488289;3.314721;2882.908935546875
76;VALLE DEL CAUCA;76001;SANTIAGO DE CALI;76001035;PUEBLO NUEVO;CP;-76.577448;3.381106;2885.36767578125
76;VALLE DEL CAUCA;76001;SANTIAGO DE CALI;76001036;SAN FRANCISCO;CP;-76.618935;3.326413;2873.087646484375
76;VALLE DEL CAUCA;76001;SANTIAGO DE CALI;76001037;SAN ISIDRO;CP;-76.548741;3.501267;2891.207275390625
76;VALLE DEL CAUCA;76001;SANTIAGO DE CALI;76001038;VILLA FLAMENCO;CP;-76.498321;3.317382;2880.9677734375
76;VALLE DEL CAUCA;76001;SANTIAGO DE CALI;76001041;CASCAJAL III;CP;-76.493138;3.316958;2881.991943359375
76;VALLE DEL CAUCA;76001;SANTIAGO DE CALI;76001042;EL ESTERO;CP;-76.482347;3.361769;2886.61328125
76;VALLE DEL CAUCA;76001;SANTIAGO DE CALI;76001043;LA LUISA;CP;-76.569084;3.400451;2887.87890625
76;VALLE DEL CAUCA;76001;SANTIAGO DE CALI;76001044;LA SIRENA;CP;-76.57513;3.406092;2887.3427734375
76;VALLE DEL CAUCA;76001;SANTIAGO DE CALI;76001045;LAS PALMAS - LA CASTILLA;CP;-76.556255;3.477582;2890.916748046875
76;VALLE DEL CAUCA;76001;SANTIAGO DE CALI;76001046;SILOE;CP;-76.635921;3.33273;2868.4931640625
76;VALLE DEL CAUCA;76001;SANTIAGO DE CALI;76001048;LOS LIMONES;CP;-76.560173;3.470365;2890.57861328125
76;VALLE DEL CAUCA;76001;SANTIAGO DE CALI;76001050;CAUCA VIEJO;CP;-76.484153;3.307003;2883.35791015625
76;VALLE DEL CAUCA;76001;SANTIAGO DE CALI;76001051;CONDOMINIO MARAÑON;CP;-76.510083;3.329293;2880.284912109375
76;VALLE DEL CAUCA;76001;SANTIAGO DE CALI;76001052;CHORRO DE PLATA;CP;-76.594287;3.345355;2878.352783203125
76;VALLE DEL CAUCA;76001;SANTIAGO DE CALI;76001053;PARCELACION CANTACLARO 1;CP;-76.584482;3.389109;2884.4990234375
76;VALLE DEL CAUCA;76001;SANTIAGO DE CALI;76001054;PARCELACION CANTACLARO 2;CP;-76.584248;3.393861;2885.029052734375
76;VALLE DEL CAUCA;76001;SANTIAGO DE CALI;76001055;PARCELACION LA TRINIDAD;CP;-76.56983;3.395669;2887.443115234375
76;VALLE DEL CAUCA;76001;SANTIAGO DE CALI;76001056;PIAMONTE;CP;-76.553308;3.478001;2891.0234375
76;VALLE DEL CAUCA;76001;SANTIAGO DE CALI;76001057;CALLEJON TABARES;CP;-76.571883;3.38144;2885.95751953125
76;VALLE DEL CAUCA;76001;SANTIAGO DE CALI;76001058;DUQUELANDIA;CP;-76.56821;3.375671;2886.00048828125
76;VALLE DEL CAUCA;76001;SANTIAGO DE CALI;76001059;LA COLINA;CP;-76.572187;3.383659;2886.114501953125
76;VALLE DEL CAUCA;76001;SANTIAGO DE CALI;76001060;LOS GIRASOLES;CP;-76.56618;3.379073;2886.50146484375
76;VALLE DEL CAUCA;76001;SANTIAGO DE CALI;76001061;PILAS DEL CABUYAL;CP;-76.573733;3.446699;2888.726806640625
76;VALLE DEL CAUCA;76001;SANTIAGO DE CALI;76001062;VILLA DEL ROSARIO;CP;-76.565606;3.508909;2889.06689453125
76;VALLE DEL CAUCA;76020;ALCALÁ;76020000;ALCALÁ;CM;-75.779792;4.674994;3029.75341796875
76;VALLE DEL CAUCA;76020;ALCALÁ;76020006;LA FLORESTA;CP;-75.764476;4.679535;3028.56201171875
76;VALLE DEL CAUCA;76020;ALCALÁ;76020007;LA POLONIA;CP;-75.744269;4.668124;3030.072998046875
76;VALLE DEL CAUCA;76036;ANDALUCÍA;76036000;ANDALUCÍA;CM;-76.167925;4.171713;2964.803955078125
76;VALLE DEL CAUCA;76036;ANDALUCÍA;76036002;CAMPOALEGRE;CP;-76.207694;4.177914;2965.59130859375
76;VALLE DEL CAUCA;76036;ANDALUCÍA;76036003;EL SALTO;CP;-76.234013;4.163615;2964
76;VALLE DEL CAUCA;76036;ANDALUCÍA;76036006;TAMBORAL;CP;-76.186033;4.167166;2965.00146484375
76;VALLE DEL CAUCA;76036;ANDALUCÍA;76036007;ZANJÓN DE PIEDRA;CP;-76.219096;4.16647;2965
76;VALLE DEL CAUCA;76036;ANDALUCÍA;76036009;MONTE HERMOSO;CP;-76.196345;4.171183;2965.83740234375
76;VALLE DEL CAUCA;76036;ANDALUCÍA;76036010;MADRE VIEJA;CP;-76.214738;4.188909;2965
76;VALLE DEL CAUCA;76036;ANDALUCÍA;76036011;LA PAZ;CP;-76.176137;4.177097;2965
76;VALLE DEL CAUCA;76041;ANSERMANUEVO;76041000;ANSERMANUEVO;CM;-75.992003;4.794984;3015.6826171875
76;VALLE DEL CAUCA;76041;ANSERMANUEVO;76041001;ANACARO;CP;-75.969539;4.785287;3019.324951171875
76;VALLE DEL CAUCA;76041;ANSERMANUEVO;76041003;EL BILLAR;CP;-76.090765;4.818637;3007.832275390625
76;VALLE DEL CAUCA;76041;ANSERMANUEVO;76041006;EL VERGEL;CP;-75.998694;4.861854;3026.707275390625
76;VALLE DEL CAUCA;76041;ANSERMANUEVO;76041013;GRAMALOTE;CP;-75.98781;4.784334;3014.896240234375
76;VALLE DEL CAUCA;76041;ANSERMANUEVO;76041021;SALAZAR;CP;-75.998866;4.790861;3014.818603515625
76;VALLE DEL CAUCA;76054;ARGELIA;76054000;ARGELIA;CM;-76.119905;4.726945;2996.296630859375
76;VALLE DEL CAUCA;76054;ARGELIA;76054004;EL RAIZAL;CP;-76.147302;4.733854;2994.158203125
76;VALLE DEL CAUCA;76054;ARGELIA;76054005;LA AURORA;CP;-76.154574;4.725189;2993.146728515625
76;VALLE DEL CAUCA;76100;BOLÍVAR;76100000;BOLÍVAR;CM;-76.183583;4.337846;2970.40234375
76;VALLE DEL CAUCA;76100;BOLÍVAR;76100001;BETANIA;CP;-76.309315;4.43713;2971.8388671875
76;VALLE DEL CAUCA;76100;BOLÍVAR;76100002;CERRO AZUL;CP;-76.282929;4.277724;2969.423828125
76;VALLE DEL CAUCA;76100;BOLÍVAR;76100006;LA HERRADURA;CP;-76.215084;4.276798;2966.568115234375
76;VALLE DEL CAUCA;76100;BOLÍVAR;76100007;LA TULIA;CP;-76.244188;4.383028;2971.10107421875
76;VALLE DEL CAUCA;76100;BOLÍVAR;76100008;NARANJAL;CP;-76.354341;4.357377;2949.48046875
76;VALLE DEL CAUCA;76100;BOLÍVAR;76100009;PRIMAVERA;CP;-76.264883;4.352822;2973
76;VALLE DEL CAUCA;76100;BOLÍVAR;76100010;RICAURTE;CP;-76.207676;4.308281;2967.61865234375
76;VALLE DEL CAUCA;76100;BOLÍVAR;76100012;AGUAS LINDAS;CP;-76.324816;4.412444;2965.464111328125
76;VALLE DEL CAUCA;76100;BOLÍVAR;76100014;SAN FERNANDO;CP;-76.166291;4.340657;2971.921875
76;VALLE DEL CAUCA;76109;BUENAVENTURA;76109000;BUENAVENTURA. DISTRITO ESPECIAL. INDUSTRIAL. PORTUARIO. BIODIVERSO Y ECOTURÍSTICO;CM;-77.01074;3.875708;2835.998046875
76;VALLE DEL CAUCA;76109;BUENAVENTURA;76109001;AGUACLARA;CP;-76.948145;3.673047;2834.102294921875
76;VALLE DEL CAUCA;76109;BUENAVENTURA;76109002;BARCO;CP;-77.132336;3.380725;2788.4228515625
76;VALLE DEL CAUCA;76109;BUENAVENTURA;76109003;LA BOCANA;CP;-77.182289;3.832133;2801.721435546875
76;VALLE DEL CAUCA;76109;BUENAVENTURA;76109006;BAJO CALIMA;CP;-76.975193;3.998362;2847.480224609375
76;VALLE DEL CAUCA;76109;BUENAVENTURA;76109009;CÓRDOBA;CP;-76.927142;3.874687;2843.43603515625
76;VALLE DEL CAUCA;76109;BUENAVENTURA;76109012;PITAL;CP;-77.228866;3.572989;2774.93701171875
76;VALLE DEL CAUCA;76109;BUENAVENTURA;76109017;TRIANA;CP;-76.805783;3.858177;2877.73828125
76;VALLE DEL CAUCA;76109;BUENAVENTURA;76109018;CONCEPCIÓN;CP;-77.134309;3.166362;2779.912841796875
76;VALLE DEL CAUCA;76109;BUENAVENTURA;76109019;LA PLATA;CP;-77.228831;4.035932;2799.58056640625
76;VALLE DEL CAUCA;76109;BUENAVENTURA;76109021;LADRILLEROS;CP;-77.364255;3.939476;2779.119140625
76;VALLE DEL CAUCA;76109;BUENAVENTURA;76109022;LLANO BAJO;CP;-76.9567;3.699426;2834.67626953125
76;VALLE DEL CAUCA;76109;BUENAVENTURA;76109024;BOCAS DE MAYORQUIN;CP;-77.195896;3.604408;2778.310546875
76;VALLE DEL CAUCA;76109;BUENAVENTURA;76109028;PUERTO MERIZALDE;CP;-77.417256;3.253722;2728.87939453125
76;VALLE DEL CAUCA;76109;BUENAVENTURA;76109030;PUNTA SOLDADO;CP;-77.170084;3.770633;2802.952880859375
76;VALLE DEL CAUCA;76109;BUENAVENTURA;76109031;SAN ANTONIO (YURUMANGUÍ);CP;-77.259173;3.261042;2754.315673828125
76;VALLE DEL CAUCA;76109;BUENAVENTURA;76109032;SAN FRANCISCO DE NAYA;CP;-77.286115;3.138829;2744.833984375
76;VALLE DEL CAUCA;76109;BUENAVENTURA;76109033;SAN FRANCISCO JAVIER;CP;-77.024495;3.66331;2815.85107421875
76;VALLE DEL CAUCA;76109;BUENAVENTURA;76109034;SAN ISIDRO;CP;-77.06279;4.047177;2837.413818359375
76;VALLE DEL CAUCA;76109;BUENAVENTURA;76109036;SAN LORENZO;CP;-77.18382;3.15056;2768.5634765625
76;VALLE DEL CAUCA;76109;BUENAVENTURA;76109037;SAN PEDRO;CP;-77.442748;3.249696;2723.189697265625
76;VALLE DEL CAUCA;76109;BUENAVENTURA;76109038;SILVA;CP;-77.208256;3.479919;2769.785400390625
76;VALLE DEL CAUCA;76109;BUENAVENTURA;76109039;TAPARAL;CP;-77.089028;3.774212;2808.3544921875
76;VALLE DEL CAUCA;76109;BUENAVENTURA;76109040;VENERAL;CP;-77.329715;3.318817;2749.743896484375
76;VALLE DEL CAUCA;76109;BUENAVENTURA;76109041;SAN JOSÉ;CP;-77.207376;3.279936;2766.87744140625
76;VALLE DEL CAUCA;76109;BUENAVENTURA;76109042;SABALETAS;CP;-76.96587;3.742373;2834.86669921875
76;VALLE DEL CAUCA;76109;BUENAVENTURA;76109043;ZACARÍAS;CP;-77.000787;3.817858;2830.976318359375
76;VALLE DEL CAUCA;76109;BUENAVENTURA;76109044;CABECERA RÍO SAN JUAN;CP;-77.272087;4.225592;2802.11572265625
76;VALLE DEL CAUCA;76109;BUENAVENTURA;76109045;LA BARRA;CP;-77.378438;3.963291;2777.79296875
76;VALLE DEL CAUCA;76109;BUENAVENTURA;76109046;JUANCHACO;CP;-77.355963;3.93033;2779.9130859375
76;VALLE DEL CAUCA;76109;BUENAVENTURA;76109047;PIANGUITA;CP;-77.197784;3.839649;2800.166259765625
76;VALLE DEL CAUCA;76109;BUENAVENTURA;76109053;CHAMUSCADO;CP;-77.423491;3.342133;2732.703369140625
76;VALLE DEL CAUCA;76109;BUENAVENTURA;76109058;EL BARRANCO;CP;-77.356608;3.366688;2751.62109375
76;VALLE DEL CAUCA;76109;BUENAVENTURA;76109061;GUAIMIA;CP;-76.960311;3.728442;2835.09716796875
76;VALLE DEL CAUCA;76109;BUENAVENTURA;76109062;JUNTAS;CP;-77.110206;3.249901;2790.0791015625
76;VALLE DEL CAUCA;76109;BUENAVENTURA;76109064;BARTOLA;CP;-77.267306;3.133901;2749.28125
76;VALLE DEL CAUCA;76109;BUENAVENTURA;76109065;LA BREA;CP;-76.964788;3.926046;2845.91943359375
76;VALLE DEL CAUCA;76109;BUENAVENTURA;76109069;PAPAYAL;CP;-77.182669;3.631695;2785.29248046875
76;VALLE DEL CAUCA;76109;BUENAVENTURA;76109071;SAN CIPRIANO;CP;-76.899872;3.841458;2850.281005859375
76;VALLE DEL CAUCA;76109;BUENAVENTURA;76109074;SAN JOSÉ DE NAYA;CP;-77.412443;3.280016;2732.611083984375
76;VALLE DEL CAUCA;76109;BUENAVENTURA;76109076;SAN MARCOS;CP;-76.961385;3.714171;2834.66162109375
76;VALLE DEL CAUCA;76109;BUENAVENTURA;76109077;SANTA CRUZ;CP;-77.396056;3.331147;2741.339111328125
76;VALLE DEL CAUCA;76109;BUENAVENTURA;76109078;ZARAGOZA;CP;-76.855551;3.860532;2861.3193359375
76;VALLE DEL CAUCA;76109;BUENAVENTURA;76109079;AGUAMANSA;CP;-77.387299;3.212061;2732.56103515625
76;VALLE DEL CAUCA;76109;BUENAVENTURA;76109080;CASCAJITA;CP;-77.136672;3.170581;2779.8076171875
76;VALLE DEL CAUCA;76109;BUENAVENTURA;76109081;PUNTA BONITA;CP;-77.297215;3.561358;2765.77197265625
76;VALLE DEL CAUCA;76109;BUENAVENTURA;76109082;HORIZONTE;CP;-77.147416;3.714061;2801.56689453125
76;VALLE DEL CAUCA;76109;BUENAVENTURA;76109083;BENDICIONES;CP;-76.817999;3.86748;2871.318359375
76;VALLE DEL CAUCA;76109;BUENAVENTURA;76109084;EL CACAO;CP;-77.153616;3.641643;2793.53466796875
76;VALLE DEL CAUCA;76109;BUENAVENTURA;76109085;CALLE LARGA - AEROPUERTO;CP;-76.98417;3.821285;2835.622802734375
76;VALLE DEL CAUCA;76109;BUENAVENTURA;76109086;CAMINO VIEJO - KM 40;CP;-76.829256;3.864731;2866.43798828125
76;VALLE DEL CAUCA;76109;BUENAVENTURA;76109087;CAMPO HERMOSO;CP;-77.032611;3.818485;2825.206298828125
76;VALLE DEL CAUCA;76109;BUENAVENTURA;76109088;EL CRUCERO;CP;-76.979884;3.936192;2844.382080078125
76;VALLE DEL CAUCA;76109;BUENAVENTURA;76109089;EL ENCANTO;CP;-77.326607;3.449538;2758.333984375
76;VALLE DEL CAUCA;76109;BUENAVENTURA;76109090;EL LLANO;CP;-77.006234;3.731817;2823.017333984375
76;VALLE DEL CAUCA;76109;BUENAVENTURA;76109091;EL SALTO;CP;-76.793221;3.837845;2882.9619140625
76;VALLE DEL CAUCA;76109;BUENAVENTURA;76109092;GUADUALITO;CP;-77.081531;3.693513;2802.761474609375
76;VALLE DEL CAUCA;76109;BUENAVENTURA;76109093;JOAQUINCITO RESGUARDO INDIGENA;CP;-77.406156;3.298513;2735.71826171875
76;VALLE DEL CAUCA;76109;BUENAVENTURA;76109095;LA BALASTRERA;CP;-76.995166;3.816727;2832.302490234375
76;VALLE DEL CAUCA;76109;BUENAVENTURA;76109096;LA COMBA;CP;-77.160874;3.644014;2792.58056640625
76;VALLE DEL CAUCA;76109;BUENAVENTURA;76109097;LA CONTRA;CP;-77.146588;3.775286;2806.121337890625
76;VALLE DEL CAUCA;76109;BUENAVENTURA;76109098;LA FRAGUA;CP;-77.228575;3.492727;2767.252197265625
76;VALLE DEL CAUCA;76109;BUENAVENTURA;76109099;PRIMAVERA;CP;-77.402921;3.216627;2729.24560546875
76;VALLE DEL CAUCA;76109;BUENAVENTURA;76109100;LA VUELTA;CP;-77.453618;3.241423;2722.07568359375
76;VALLE DEL CAUCA;76109;BUENAVENTURA;76109102;LIMONES;CP;-76.964707;3.735222;2834.85107421875
76;VALLE DEL CAUCA;76109;BUENAVENTURA;76109104;PAPAYAL 2;CP;-77.180264;3.633456;2786.3193359375
76;VALLE DEL CAUCA;76109;BUENAVENTURA;76109106;SAGRADA FAMILIA;CP;-77.365768;3.154227;2734.536865234375
76;VALLE DEL CAUCA;76109;BUENAVENTURA;76109107;SAN ANTONIO;CP;-77.295137;3.160051;2743.831298828125
76;VALLE DEL CAUCA;76109;BUENAVENTURA;76109108;SAN ANTOÑITO (YURUMANGUI);CP;-77.155334;3.263665;2780.93115234375
76;VALLE DEL CAUCA;76109;BUENAVENTURA;76109109;SAN ISIDRO (CAJAMBRE);CP;-77.169811;3.434231;2780.168701171875
76;VALLE DEL CAUCA;76109;BUENAVENTURA;76109110;SANTA MARÍA;CP;-77.361013;3.145497;2734.896484375
76;VALLE DEL CAUCA;76109;BUENAVENTURA;76109111;SECADERO;CP;-77.164624;3.644392;2791.96240234375
76;VALLE DEL CAUCA;76109;BUENAVENTURA;76109112;UMANE;CP;-77.166539;3.743406;2802.042236328125
76;VALLE DEL CAUCA;76109;BUENAVENTURA;76109113;VILLA ESTELA;CP;-76.956793;3.896604;2844.899658203125
76;VALLE DEL CAUCA;76109;BUENAVENTURA;76109115;ALTO ZARAGOZA;CP;-76.855766;3.870386;2862.538330078125
76;VALLE DEL CAUCA;76109;BUENAVENTURA;76109116;BARRIO BUENOS AIRES;CP;-77.003516;3.831538;2832.203857421875
76;VALLE DEL CAUCA;76109;BUENAVENTURA;76109118;BRISAS;CP;-76.993466;3.957164;2843.951904296875
76;VALLE DEL CAUCA;76109;BUENAVENTURA;76109121;EL PALITO;CP;-76.839117;3.862707;2863.5185546875
76;VALLE DEL CAUCA;76109;BUENAVENTURA;76109122;JUAQUINCITO;CP;-77.403414;3.28945;2735.4365234375
76;VALLE DEL CAUCA;76109;BUENAVENTURA;76109123;LA BOCANA (VISTA HERMOSA);CP;-77.191696;3.837609;2800.885498046875
76;VALLE DEL CAUCA;76109;BUENAVENTURA;76109124;LA CAUCANA;CP;-76.961362;3.884563;2843.7978515625
76;VALLE DEL CAUCA;76109;BUENAVENTURA;76109125;LA LAGUNA;CP;-76.833434;3.860084;2865.026611328125
76;VALLE DEL CAUCA;76109;BUENAVENTURA;76109127;SAN ANTONIO 1;CP;-77.004834;3.847254;2833.965576171875
76;VALLE DEL CAUCA;76109;BUENAVENTURA;76109128;SAN ANTONIO 2;CP;-77.005088;3.842238;2833.3486328125
76;VALLE DEL CAUCA;76109;BUENAVENTURA;76109129;ZARAGOZA ALTO 1;CP;-76.857911;3.874024;2862.825927734375
76;VALLE DEL CAUCA;76109;BUENAVENTURA;76109130;ZARAGOZA PUENTE SAN MARTIN 1;CP;-76.850839;3.856595;2861.327880859375
76;VALLE DEL CAUCA;76109;BUENAVENTURA;76109131;ZARAGOZA PUENTE SAN MARTIN 2;CP;-76.852168;3.858087;2861.18701171875
76;VALLE DEL CAUCA;76111;GUADALAJARA DE BUGA;76111000;GUADALAJARA DE BUGA;CM;-76.298979;3.900736;2938.369140625
76;VALLE DEL CAUCA;76111;GUADALAJARA DE BUGA;76111001;LA CAMPIÑA;CP;-76.2825;3.945246;2954.453369140625
76;VALLE DEL CAUCA;76111;GUADALAJARA DE BUGA;76111002;EL PLACER;CP;-76.098682;3.879641;2956
76;VALLE DEL CAUCA;76111;GUADALAJARA DE BUGA;76111005;EL VINCULO;CP;-76.306321;3.816388;2928.266357421875
76;VALLE DEL CAUCA;76111;GUADALAJARA DE BUGA;76111006;LA HABANA;CP;-76.192305;3.880678;2957.330810546875
76;VALLE DEL CAUCA;76111;GUADALAJARA DE BUGA;76111007;LA MARÍA;CP;-76.212376;3.900693;2959.163330078125
76;VALLE DEL CAUCA;76111;GUADALAJARA DE BUGA;76111012;QUEBRADASECA;CP;-76.293595;3.862743;2941.36865234375
76;VALLE DEL CAUCA;76111;GUADALAJARA DE BUGA;76111014;ZANJÓN HONDO;CP;-76.296041;3.84717;2938.479736328125
76;VALLE DEL CAUCA;76111;GUADALAJARA DE BUGA;76111016;EL PORVENIR;CP;-76.342839;3.891501;2924.91162109375
76;VALLE DEL CAUCA;76111;GUADALAJARA DE BUGA;76111018;PUEBLO NUEVO;CP;-76.260309;3.959383;2960.240478515625
76;VALLE DEL CAUCA;76111;GUADALAJARA DE BUGA;76111020;LA MAGDALENA;CP;-76.203459;3.881251;2957.955078125
76;VALLE DEL CAUCA;76111;GUADALAJARA DE BUGA;76111021;EL MANANTIAL;CP;-76.291935;3.864047;2942.906982421875
76;VALLE DEL CAUCA;76111;GUADALAJARA DE BUGA;76111022;ALASKA;CP;-76.181711;3.891957;2957.998046875
76;VALLE DEL CAUCA;76111;GUADALAJARA DE BUGA;76111024;LA PALOMERA;CP;-76.338366;3.897511;2924.73193359375
76;VALLE DEL CAUCA;76111;GUADALAJARA DE BUGA;76111025;LA UNIDAD;CP;-76.295718;3.853398;2939.21875
76;VALLE DEL CAUCA;76111;GUADALAJARA DE BUGA;76111026;PUERTO BERTIN;CP;-76.349481;3.888974;2925.992919921875
76;VALLE DEL CAUCA;76111;GUADALAJARA DE BUGA;76111027;SAN ANTONIO;CP;-76.271919;3.957742;2958.703125
76;VALLE DEL CAUCA;76111;GUADALAJARA DE BUGA;76111029;GUADUALEJO;CP;-76.266565;3.888014;2956.246337890625
76;VALLE DEL CAUCA;76111;GUADALAJARA DE BUGA;76111030;LA GRANJITA;CP;-76.274359;3.888276;2954.079833984375
76;VALLE DEL CAUCA;76113;BUGALAGRANDE;76113000;BUGALAGRANDE;CM;-76.15682;4.208358;2964.935791015625
76;VALLE DEL CAUCA;76113;BUGALAGRANDE;76113001;CEILÁN;CP;-76.040863;4.109988;2976.8662109375
76;VALLE DEL CAUCA;76113;BUGALAGRANDE;76113004;EL OVERO (SECTOR POBLADO);CP;-76.133678;4.243654;2964.553955078125
76;VALLE DEL CAUCA;76113;BUGALAGRANDE;76113008;GALICIA;CP;-76.057261;4.173092;2976.725830078125
76;VALLE DEL CAUCA;76113;BUGALAGRANDE;76113010;MESTIZAL;CP;-76.16219;4.229005;2966.734130859375
76;VALLE DEL CAUCA;76113;BUGALAGRANDE;76113011;PAILA ARRIBA;CP;-76.038114;4.236153;2983.61474609375
76;VALLE DEL CAUCA;76113;BUGALAGRANDE;76113013;URÍBE URÍBE;CP;-76.115786;4.257129;2966.087158203125
76;VALLE DEL CAUCA;76113;BUGALAGRANDE;76113016;EL OVERO (SECTOR LA MARÍA);CP;-76.12866;4.244266;2964.786376953125
76;VALLE DEL CAUCA;76122;CAICEDONIA;76122000;CAICEDONIA;CM;-75.830594;4.334808;3010.268798828125
76;VALLE DEL CAUCA;76122;CAICEDONIA;76122006;SAMARIA;CP;-75.876109;4.26991;3003.318115234375
76;VALLE DEL CAUCA;76122;CAICEDONIA;76122009;BARRAGÁN;CP;-75.793739;4.336783;3018.218017578125
76;VALLE DEL CAUCA;76122;CAICEDONIA;76122010;LAS DELICIAS;CP;-75.825155;4.317988;3011.40087890625
76;VALLE DEL CAUCA;76122;CAICEDONIA;76122011;VILLA AURES;CP;-75.831108;4.237391;3007.102783203125
76;VALLE DEL CAUCA;76126;CALIMA;76126000;DARIÉN;CM;-76.484132;3.933664;2916.292236328125
76;VALLE DEL CAUCA;76126;CALIMA;76126007;LA GAVIOTA;CP;-76.43501;3.9779;2920.221923828125
76;VALLE DEL CAUCA;76126;CALIMA;76126018;LA PLAYA;CP;-76.456406;3.964461;2917.49755859375
76;VALLE DEL CAUCA;76130;CANDELARIA;76130000;CANDELARIA;CM;-76.346663;3.407761;2898.6826171875
76;VALLE DEL CAUCA;76130;CANDELARIA;76130001;BUCHITOLO;CP;-76.378536;3.380865;2889.80419921875
76;VALLE DEL CAUCA;76130;CANDELARIA;76130002;EL ARENAL;CP;-76.357246;3.388561;2894.322021484375
76;VALLE DEL CAUCA;76130;CANDELARIA;76130003;EL CABUYAL;CP;-76.349048;3.3251;2891.70703125
76;VALLE DEL CAUCA;76130;CANDELARIA;76130004;EL CARMELO;CP;-76.41644;3.402607;2888.447265625
76;VALLE DEL CAUCA;76130;CANDELARIA;76130005;EL LAURO;CP;-76.342634;3.446029;2902.739013671875
76;VALLE DEL CAUCA;76130;CANDELARIA;76130006;EL TIPLE;CP;-76.42655;3.349762;2884.005859375
76;VALLE DEL CAUCA;76130;CANDELARIA;76130007;JUANCHITO;CP;-76.472648;3.447948;2892.49951171875
76;VALLE DEL CAUCA;76130;CANDELARIA;76130008;VILLA GORGONA;CP;-76.387367;3.39659;2890.364990234375
76;VALLE DEL CAUCA;76130;CANDELARIA;76130009;LA REGINA;CP;-76.327557;3.376727;2901.376220703125
76;VALLE DEL CAUCA;76130;CANDELARIA;76130011;MADRE VIEJA;CP;-76.299381;3.465965;2913.12646484375
76;VALLE DEL CAUCA;76130;CANDELARIA;76130012;SAN JOAQUÍN;CP;-76.413738;3.384224;2886.987548828125
76;VALLE DEL CAUCA;76130;CANDELARIA;76130014;EL OTOÑO;CP;-76.317359;3.402613;2905.379150390625
76;VALLE DEL CAUCA;76130;CANDELARIA;76130015;EL GUALÍ;CP;-76.377142;3.434042;2895.79736328125
76;VALLE DEL CAUCA;76130;CANDELARIA;76130016;EL POBLADO CAMPESTRE;CP;-76.455764;3.410919;2890.923583984375
76;VALLE DEL CAUCA;76130;CANDELARIA;76130017;BRISAS DEL FRAILE;CP;-76.34619;3.379194;2896.544189453125
76;VALLE DEL CAUCA;76130;CANDELARIA;76130018;CANTALOMOTA;CP;-76.424317;3.39777;2887.5732421875
76;VALLE DEL CAUCA;76130;CANDELARIA;76130019;CAUCASECO;CP;-76.45987;3.442331;2892.92578125
76;VALLE DEL CAUCA;76130;CANDELARIA;76130020;DOMINGO LARGO;CP;-76.459485;3.424329;2891.798828125
76;VALLE DEL CAUCA;76130;CANDELARIA;76130021;LA ALBANIA;CP;-76.345371;3.318479;2892.217529296875
76;VALLE DEL CAUCA;76130;CANDELARIA;76130022;LA GLORIA;CP;-76.416297;3.393098;2887.292236328125
76;VALLE DEL CAUCA;76130;CANDELARIA;76130023;TRES TUSAS;CP;-76.34569;3.331306;2893.31591796875
76;VALLE DEL CAUCA;76130;CANDELARIA;76130027;EL SILENCIO;CP;-76.456225;3.450304;2893.30029296875
76;VALLE DEL CAUCA;76130;CANDELARIA;76130038;PATIO BONITO;CP;-76.412305;3.381187;2886.821533203125
76;VALLE DEL CAUCA;76130;CANDELARIA;76130039;SAN ANDRESITO;CP;-76.459346;3.454775;2893.76416015625
76;VALLE DEL CAUCA;76147;CARTAGO;76147000;CARTAGO;CM;-75.942264;4.758755;3033.554931640625
76;VALLE DEL CAUCA;76147;CARTAGO;76147005;MODÍN;CP;-75.889117;4.681622;3018.791259765625
76;VALLE DEL CAUCA;76147;CARTAGO;76147006;PIEDRA DE MOLER;CP;-75.857889;4.709979;3025.44140625
76;VALLE DEL CAUCA;76147;CARTAGO;76147012;GUANABANO;CP;-75.968017;4.763712;3017.509521484375
76;VALLE DEL CAUCA;76147;CARTAGO;76147013;GUAYABITO;CP;-75.989276;4.721248;3007.9990234375
76;VALLE DEL CAUCA;76147;CARTAGO;76147014;ZANJÓN CAUCA;CP;-75.998184;4.720595;3006.99755859375
76;VALLE DEL CAUCA;76233;DAGUA;76233000;DAGUA;CM;-76.68886;3.657318;2886.739013671875
76;VALLE DEL CAUCA;76233;DAGUA;76233001;ATUNCELA;CP;-76.675596;3.73684;2892.5302734375
76;VALLE DEL CAUCA;76233;DAGUA;76233002;BORRERO AYERBE;CP;-76.646492;3.57229;2888.00244140625
76;VALLE DEL CAUCA;76233;DAGUA;76233004;CISNEROS;CP;-76.75928;3.780295;2882.054931640625
76;VALLE DEL CAUCA;76233;DAGUA;76233005;EL CARMEN;CP;-76.651965;3.552709;2886.0625
76;VALLE DEL CAUCA;76233;DAGUA;76233007;EL LIMONAR;CP;-76.710978;3.609171;2881.6748046875
76;VALLE DEL CAUCA;76233;DAGUA;76233008;EL NARANJO;CP;-76.716785;3.780741;2886.998291015625
76;VALLE DEL CAUCA;76233;DAGUA;76233009;EL PALMAR;CP;-76.648107;3.602289;2890.225341796875
76;VALLE DEL CAUCA;76233;DAGUA;76233010;EL PIÑAL;CP;-76.659978;3.688334;2893.11328125
76;VALLE DEL CAUCA;76233;DAGUA;76233011;EL QUEREMAL;CP;-76.713178;3.525199;2878.3935546875
76;VALLE DEL CAUCA;76233;DAGUA;76233012;EL SALADO;CP;-76.714594;3.56069;2879.69140625
76;VALLE DEL CAUCA;76233;DAGUA;76233017;LOBO GUERRERO;CP;-76.665945;3.762049;2895.0390625
76;VALLE DEL CAUCA;76233;DAGUA;76233019;SAN BERNARDO;CP;-76.651172;3.489221;2879.752685546875
76;VALLE DEL CAUCA;76233;DAGUA;76233020;SAN VICENTE;CP;-76.676911;3.65532;2888.8583984375
76;VALLE DEL CAUCA;76233;DAGUA;76233021;SANTA MARÍA;CP;-76.715285;3.632575;2881.98828125
76;VALLE DEL CAUCA;76233;DAGUA;76233023;TOCOTÁ;CP;-76.647507;3.507234;2881.95068359375
76;VALLE DEL CAUCA;76233;DAGUA;76233025;ZABALETAS;CP;-76.622862;3.80884;2899
76;VALLE DEL CAUCA;76233;DAGUA;76233027;JUNTAS;CP;-76.761357;3.778975;2882.103515625
76;VALLE DEL CAUCA;76233;DAGUA;76233033;PUEBLO NUEVO;CP;-76.628324;3.58126;2888.94384765625
76;VALLE DEL CAUCA;76233;DAGUA;76233035;EL CHILCAL;CP;-76.712498;3.58082;2880.281494140625
76;VALLE DEL CAUCA;76233;DAGUA;76233036;KILÓMETRO 26;CP;-76.610885;3.56169;2887.34033203125
76;VALLE DEL CAUCA;76233;DAGUA;76233039;LA VIRGEN;CP;-76.638919;3.590121;2889.93310546875
76;VALLE DEL CAUCA;76233;DAGUA;76233041;LAS CAMELIAS;CP;-76.714308;3.543446;2879.067138671875
76;VALLE DEL CAUCA;76233;DAGUA;76233044;VERGEL;CP;-76.619895;3.576638;2888.020751953125
76;VALLE DEL CAUCA;76233;DAGUA;76233045;EL GALPÓN;CP;-76.653037;3.561953;2886.947265625
76;VALLE DEL CAUCA;76233;DAGUA;76233046;EL RODEO;CP;-76.707479;3.594871;2881.21337890625
76;VALLE DEL CAUCA;76233;DAGUA;76233047;KATANGA;CP;-76.798981;3.852897;2881.0712890625
76;VALLE DEL CAUCA;76233;DAGUA;76233048;EL CEDRO;CP;-76.763607;3.78673;2882.887451171875
76;VALLE DEL CAUCA;76233;DAGUA;76233049;LA DELFINA;CP;-76.781438;3.816812;2884.47021484375
76;VALLE DEL CAUCA;76233;DAGUA;76233050;EL EDEN;CP;-76.779377;3.814339;2884.6083984375
76;VALLE DEL CAUCA;76233;DAGUA;76233051;PLAYA LARGA;CP;-76.779068;3.811075;2884.504638671875
76;VALLE DEL CAUCA;76243;EL ÁGUILA;76243000;EL ÁGUILA;CM;-76.041317;4.909568;3026.462646484375
76;VALLE DEL CAUCA;76243;EL ÁGUILA;76243002;LA ESPARTA;CP;-75.988643;4.911537;3037.405029296875
76;VALLE DEL CAUCA;76243;EL ÁGUILA;76243005;LA MARÍA - QUEBRADAGRANDE;CP;-76.083137;4.868174;3014.115478515625
76;VALLE DEL CAUCA;76243;EL ÁGUILA;76243006;SAN JOSÉ;CP;-76.047702;4.950404;3029.60009765625
76;VALLE DEL CAUCA;76243;EL ÁGUILA;76243008;CAÑAVERAL - VILLANUEVA;CP;-76.038645;4.969671;3033.306396484375
76;VALLE DEL CAUCA;76243;EL ÁGUILA;76243030;LA QUIEBRA DE SAN PABLO;CP;-76.060753;4.859779;3016.961669921875
76;VALLE DEL CAUCA;76243;EL ÁGUILA;76243031;EL GUAYABO;CP;-76.048338;4.931254;3027.2421875
76;VALLE DEL CAUCA;76246;EL CAIRO;76246000;EL CAIRO;CM;-76.221611;4.760874;2992.34912109375
76;VALLE DEL CAUCA;76246;EL CAIRO;76246001;ALBÁN;CP;-76.173166;4.782472;2996.979248046875
76;VALLE DEL CAUCA;76248;EL CERRITO;76248000;EL CERRITO;CM;-76.311909;3.684272;2916.76318359375
76;VALLE DEL CAUCA;76248;EL CERRITO;76248003;EL CASTILLO;CP;-76.192281;3.665086;2942.177001953125
76;VALLE DEL CAUCA;76248;EL CERRITO;76248005;EL PLACER;CP;-76.271869;3.612063;2925.25146484375
76;VALLE DEL CAUCA;76248;EL CERRITO;76248006;EL POMO;CP;-76.185159;3.638858;2941.041259765625
76;VALLE DEL CAUCA;76248;EL CERRITO;76248008;SAN ANTONIO;CP;-76.353338;3.686414;2910.772216796875
76;VALLE DEL CAUCA;76248;EL CERRITO;76248009;SANTA ELENA;CP;-76.232865;3.652731;2933.887451171875
76;VALLE DEL CAUCA;76248;EL CERRITO;76248010;SANTA LUISA;CP;-76.089439;3.622133;2952.025146484375
76;VALLE DEL CAUCA;76248;EL CERRITO;76248011;TENERIFE;CP;-76.077138;3.728656;2956.683837890625
76;VALLE DEL CAUCA;76248;EL CERRITO;76248014;CAMPOALEGRE;CP;-76.244789;3.644105;2931.87109375
76;VALLE DEL CAUCA;76248;EL CERRITO;76248018;LA HONDA;CP;-76.195698;3.657814;2940.716552734375
76;VALLE DEL CAUCA;76250;EL DOVIO;76250000;EL DOVIO;CM;-76.237084;4.510452;2971.244384765625
76;VALLE DEL CAUCA;76250;EL DOVIO;76250003;BITACO;CP;-76.350499;4.495229;2958.324462890625
76;VALLE DEL CAUCA;76250;EL DOVIO;76250007;LITUANIA;CP;-76.352239;4.513029;2958.31298828125
76;VALLE DEL CAUCA;76250;EL DOVIO;76250013;LA PRADERA;CP;-76.292504;4.599468;2976.994873046875
76;VALLE DEL CAUCA;76250;EL DOVIO;76250015;MATECAÑA;CP;-76.222385;4.50026;2970.113037109375
76;VALLE DEL CAUCA;76250;EL DOVIO;76250016;CAJAMARCA;CP;-76.214614;4.480127;2969.90185546875
76;VALLE DEL CAUCA;76275;FLORIDA;76275000;FLORIDA;CM;-76.234199;3.324118;2919.39794921875
76;VALLE DEL CAUCA;76275;FLORIDA;76275004;CHOCOCITO;CP;-76.301479;3.286839;2901.853271484375
76;VALLE DEL CAUCA;76275;FLORIDA;76275006;LA DIANA;CP;-76.178831;3.3229;2923.732421875
76;VALLE DEL CAUCA;76275;FLORIDA;76275010;REMOLINO;CP;-76.292214;3.305535;2904.142333984375
76;VALLE DEL CAUCA;76275;FLORIDA;76275011;SAN ANTONIO DE LOS CABALLEROS;CP;-76.297667;3.353914;2905.680908203125
76;VALLE DEL CAUCA;76275;FLORIDA;76275012;SAN FRANCISCO (EL LLANITO);CP;-76.222881;3.283491;2918.220458984375
76;VALLE DEL CAUCA;76275;FLORIDA;76275014;TARRAGONA;CP;-76.334294;3.284563;2892.85205078125
76;VALLE DEL CAUCA;76275;FLORIDA;76275015;EL PEDREGAL;CP;-76.217438;3.313479;2920.48779296875
76;VALLE DEL CAUCA;76275;FLORIDA;76275019;LAS GUACAS;CP;-76.16694;3.29672;2920.850341796875
76;VALLE DEL CAUCA;76275;FLORIDA;76275021;LOS CALEÑOS;CP;-76.151782;3.34743;2925.84619140625
76;VALLE DEL CAUCA;76275;FLORIDA;76275024;EL INGENIO;CP;-76.317194;3.283464;2898.225830078125
76;VALLE DEL CAUCA;76275;FLORIDA;76275025;EL TAMBORAL;CP;-76.221642;3.273496;2917.817626953125
76;VALLE DEL CAUCA;76275;FLORIDA;76275028;SIMÓN BOLÍVAR;CP;-76.217121;3.283084;2918.548828125
76;VALLE DEL CAUCA;76306;GINEBRA;76306000;GINEBRA;CM;-76.268068;3.724181;2932.50146484375
76;VALLE DEL CAUCA;76306;GINEBRA;76306001;COSTA RICA;CP;-76.234108;3.751778;2942.03076171875
76;VALLE DEL CAUCA;76306;GINEBRA;76306002;LA FLORESTA;CP;-76.241926;3.727892;2938.180419921875
76;VALLE DEL CAUCA;76306;GINEBRA;76306005;SABALETAS;CP;-76.320338;3.712253;2915.470703125
76;VALLE DEL CAUCA;76306;GINEBRA;76306008;VILLA VANEGAS;CP;-76.253906;3.719879;2935.054931640625
76;VALLE DEL CAUCA;76318;GUACARÍ;76318000;GUACARÍ;CM;-76.331168;3.762678;2915.308349609375
76;VALLE DEL CAUCA;76318;GUACARÍ;76318003;GUABAS;CP;-76.367339;3.764038;2913.333740234375
76;VALLE DEL CAUCA;76318;GUACARÍ;76318004;GUABITAS;CP;-76.317205;3.759738;2918.694091796875
76;VALLE DEL CAUCA;76318;GUACARÍ;76318006;PICHICHÍ;CP;-76.277136;3.773714;2936.416259765625
76;VALLE DEL CAUCA;76318;GUACARÍ;76318007;SANTA ROSA DE TAPIAS;CP;-76.240592;3.820301;2949.80419921875
76;VALLE DEL CAUCA;76318;GUACARÍ;76318008;SONSO;CP;-76.306518;3.799719;2927.020263671875
76;VALLE DEL CAUCA;76318;GUACARÍ;76318009;ALTO DE GUACAS;CP;-76.248109;3.829445;2949.774658203125
76;VALLE DEL CAUCA;76318;GUACARÍ;76318010;PUENTE ROJO;CP;-76.229606;3.768008;2944.402587890625
76;VALLE DEL CAUCA;76318;GUACARÍ;76318011;CANANGUÁ;CP;-76.354163;3.784345;2915.115234375
76;VALLE DEL CAUCA;76318;GUACARÍ;76318012;EL PLACER;CP;-76.282449;3.771654;2934.6796875
76;VALLE DEL CAUCA;76318;GUACARÍ;76318013;EL TRIUNFO;CP;-76.321508;3.710307;2914.99658203125
76;VALLE DEL CAUCA;76318;GUACARÍ;76318014;GUACAS;CP;-76.329427;3.792664;2917.43359375
76;VALLE DEL CAUCA;76364;JAMUNDÍ;76364000;JAMUNDÍ;CM;-76.539785;3.260449;2878.181884765625
76;VALLE DEL CAUCA;76364;JAMUNDÍ;76364001;AMPUDIA;CP;-76.632022;3.187696;2857.18798828125
76;VALLE DEL CAUCA;76364;JAMUNDÍ;76364002;BOCAS DEL PALO;CP;-76.466489;3.267827;2883.81201171875
76;VALLE DEL CAUCA;76364;JAMUNDÍ;76364003;GUACHINTE;CP;-76.593534;3.17153;2859.314697265625
76;VALLE DEL CAUCA;76364;JAMUNDÍ;76364004;LA LIBERIA;CP;-76.689201;3.141336;2843.285400390625
76;VALLE DEL CAUCA;76364;JAMUNDÍ;76364005;PASO DE LA BOLSA;CP;-76.500073;3.201448;2877.90869140625
76;VALLE DEL CAUCA;76364;JAMUNDÍ;76364006;POTRERITO;CP;-76.582585;3.228726;2864.761962890625
76;VALLE DEL CAUCA;76364;JAMUNDÍ;76364008;PUENTE VÉLEZ;CP;-76.62894;3.222545;2859.47802734375
76;VALLE DEL CAUCA;76364;JAMUNDÍ;76364009;QUINAMAYO;CP;-76.556877;3.128475;2864.849609375
76;VALLE DEL CAUCA;76364;JAMUNDÍ;76364010;ROBLES;CP;-76.592881;3.128729;2858.98583984375
76;VALLE DEL CAUCA;76364;JAMUNDÍ;76364011;SAN ANTONIO;CP;-76.654376;3.210247;2855.466552734375
76;VALLE DEL CAUCA;76364;JAMUNDÍ;76364012;SAN VICENTE;CP;-76.626027;3.269027;2864.628173828125
76;VALLE DEL CAUCA;76364;JAMUNDÍ;76364013;TIMBA;CP;-76.624173;3.123151;2856
76;VALLE DEL CAUCA;76364;JAMUNDÍ;76364014;VILLA COLOMBIA;CP;-76.673408;3.185883;2848.57861328125
76;VALLE DEL CAUCA;76364;JAMUNDÍ;76364015;VILLAPAZ;CP;-76.543092;3.133891;2868.42431640625
76;VALLE DEL CAUCA;76364;JAMUNDÍ;76364016;LA ESTRELLA;CP;-76.616794;3.271353;2865.2138671875
76;VALLE DEL CAUCA;76364;JAMUNDÍ;76364018;LA MESETA;CP;-76.723739;3.178697;2835.970947265625
76;VALLE DEL CAUCA;76364;JAMUNDÍ;76364019;LA VENTURA;CP;-76.511453;3.161813;2874.838623046875
76;VALLE DEL CAUCA;76364;JAMUNDÍ;76364021;SAN ISIDRO;CP;-76.516361;3.236336;2878
76;VALLE DEL CAUCA;76364;JAMUNDÍ;76364022;EL GUAVAL;CP;-76.514642;3.252043;2878.0712890625
76;VALLE DEL CAUCA;76364;JAMUNDÍ;76364023;EL TRIUNFO;CP;-76.515694;3.234105;2878
76;VALLE DEL CAUCA;76364;JAMUNDÍ;76364024;CASCARILLAL;CP;-76.630903;3.206605;2858.00830078125
76;VALLE DEL CAUCA;76364;JAMUNDÍ;76364026;GATO DE MONTE;CP;-76.591321;3.220082;2862.587890625
76;VALLE DEL CAUCA;76364;JAMUNDÍ;76364032;PUEBLO NUEVO;CP;-76.627844;3.266984;2864.26611328125
76;VALLE DEL CAUCA;76364;JAMUNDÍ;76364036;CONDOMINIO;CP;-76.539693;3.231962;2874.511962890625
76;VALLE DEL CAUCA;76377;LA CUMBRE;76377000;LA CUMBRE;CM;-76.56805;3.649268;2893.1298828125
76;VALLE DEL CAUCA;76377;LA CUMBRE;76377001;BITACO;CP;-76.599132;3.61041;2890.769287109375
76;VALLE DEL CAUCA;76377;LA CUMBRE;76377002;LA MARÍA;CP;-76.629484;3.713267;2895.900390625
76;VALLE DEL CAUCA;76377;LA CUMBRE;76377003;LOMITAS;CP;-76.640807;3.636049;2892.72509765625
76;VALLE DEL CAUCA;76377;LA CUMBRE;76377004;PAVAS;CP;-76.585671;3.676006;2894.145263671875
76;VALLE DEL CAUCA;76377;LA CUMBRE;76377005;PUENTE PALO;CP;-76.609689;3.645535;2891.90771484375
76;VALLE DEL CAUCA;76377;LA CUMBRE;76377008;ARBOLEDAS;CP;-76.576234;3.659639;2893.892578125
76;VALLE DEL CAUCA;76377;LA CUMBRE;76377009;JIGUALES;CP;-76.611373;3.669258;2893.010986328125
76;VALLE DEL CAUCA;76377;LA CUMBRE;76377010;PAVITAS;CP;-76.557126;3.659474;2894.517578125
76;VALLE DEL CAUCA;76377;LA CUMBRE;76377011;TRES ESQUINAS;CP;-76.581906;3.668514;2894.07080078125
76;VALLE DEL CAUCA;76377;LA CUMBRE;76377012;LA VENTURA;CP;-76.581278;3.636712;2892.718505859375
76;VALLE DEL CAUCA;76400;LA UNIÓN;76400000;LA UNIÓN;CM;-76.099661;4.533869;2989.191162109375
76;VALLE DEL CAUCA;76400;LA UNIÓN;76400005;QUEBRADA GRANDE;CP;-76.167645;4.549498;2981.490478515625
76;VALLE DEL CAUCA;76400;LA UNIÓN;76400006;SAN LUIS;CP;-76.086788;4.552544;2992.151611328125
76;VALLE DEL CAUCA;76400;LA UNIÓN;76400008;SABANAZO;CP;-76.150434;4.544397;2983.774658203125
76;VALLE DEL CAUCA;76400;LA UNIÓN;76400009;CAMPO ALEGRE;CP;-76.108682;4.528496;2987.99755859375
76;VALLE DEL CAUCA;76400;LA UNIÓN;76400010;EL GUASIMO;CP;-76.100687;4.521867;2988.642822265625
76;VALLE DEL CAUCA;76400;LA UNIÓN;76400011;EL LUCERO;CP;-76.103805;4.524162;2988.38623046875
76;VALLE DEL CAUCA;76400;LA UNIÓN;76400012;LA CAMPESINA;CP;-76.104665;4.544194;2989.1005859375
76;VALLE DEL CAUCA;76400;LA UNIÓN;76400013;PÁJARO DE ORO;CP;-76.116307;4.530435;2987.517822265625
76;VALLE DEL CAUCA;76403;LA VICTORIA;76403000;LA VICTORIA;CM;-76.036529;4.523603;2995
76;VALLE DEL CAUCA;76403;LA VICTORIA;76403003;HOLGUÍN;CP;-75.987329;4.506222;2989.00341796875
76;VALLE DEL CAUCA;76403;LA VICTORIA;76403004;MIRAVALLES;CP;-75.917123;4.517547;3005.085205078125
76;VALLE DEL CAUCA;76403;LA VICTORIA;76403005;RIVERALTA;CP;-75.885374;4.509852;3015.604248046875
76;VALLE DEL CAUCA;76403;LA VICTORIA;76403006;SAN JOSÉ;CP;-76.005231;4.507889;2992.066162109375
76;VALLE DEL CAUCA;76403;LA VICTORIA;76403007;SAN PEDRO;CP;-76.046261;4.510099;2993.82373046875
76;VALLE DEL CAUCA;76403;LA VICTORIA;76403009;TAGUALES;CP;-75.916306;4.459684;3002.64306640625
76;VALLE DEL CAUCA;76497;OBANDO;76497000;OBANDO;CM;-75.974709;4.575712;2993.26318359375
76;VALLE DEL CAUCA;76497;OBANDO;76497001;CRUCES;CP;-75.921395;4.643733;3014.11865234375
76;VALLE DEL CAUCA;76497;OBANDO;76497002;EL CHUZO;CP;-75.924366;4.56064;3005.5244140625
76;VALLE DEL CAUCA;76497;OBANDO;76497003;JUAN DÍAZ;CP;-76.021883;4.650505;3000.91357421875
76;VALLE DEL CAUCA;76497;OBANDO;76497005;PUERTO MOLINA;CP;-76.028548;4.622293;2998.943115234375
76;VALLE DEL CAUCA;76497;OBANDO;76497006;PUERTO SAMARIA;CP;-75.876813;4.551821;3017.048095703125
76;VALLE DEL CAUCA;76497;OBANDO;76497007;SAN ISIDRO;CP;-75.898543;4.561911;3012.913818359375
76;VALLE DEL CAUCA;76497;OBANDO;76497008;VILLA RODAS;CP;-75.883517;4.61458;3017.455810546875
76;VALLE DEL CAUCA;76520;PALMIRA;76520000;PALMIRA;CM;-76.298568;3.532355;2917.25927734375
76;VALLE DEL CAUCA;76520;PALMIRA;76520001;AGUACLARA;CP;-76.236545;3.503636;2926.77685546875
76;VALLE DEL CAUCA;76520;PALMIRA;76520002;AMAIME;CP;-76.273603;3.606396;2924.833984375
76;VALLE DEL CAUCA;76520;PALMIRA;76520004;BARRANCAS;CP;-76.242119;3.542338;2927.646484375
76;VALLE DEL CAUCA;76520;PALMIRA;76520005;BOLO ALIZAL;CP;-76.344219;3.463672;2903.80859375
76;VALLE DEL CAUCA;76520;PALMIRA;76520006;BOLO LA ITALIA;CP;-76.323586;3.468043;2908.79345703125
76;VALLE DEL CAUCA;76520;PALMIRA;76520007;BOLO SAN ISIDRO;CP;-76.334607;3.461761;2906.022216796875
76;VALLE DEL CAUCA;76520;PALMIRA;76520008;BOYACÁ;CP;-76.249637;3.602632;2928.962890625
76;VALLE DEL CAUCA;76520;PALMIRA;76520009;CALUCE - PLAN DE VIVIENDA LOS GUAYABOS;CP;-76.190388;3.546241;2929.557861328125
76;VALLE DEL CAUCA;76520;PALMIRA;76520010;CAUCASECO;CP;-76.472645;3.489157;2895.10205078125
76;VALLE DEL CAUCA;76520;PALMIRA;76520011;COMBIA;CP;-76.034133;3.687787;2956.340576171875
76;VALLE DEL CAUCA;76520;PALMIRA;76520013;CHONTADURO;CP;-76.207603;3.491773;2926.07568359375
76;VALLE DEL CAUCA;76520;PALMIRA;76520014;GUANABANAL;CP;-76.42475;3.484127;2895.43310546875
76;VALLE DEL CAUCA;76520;PALMIRA;76520015;GUAYABAL;CP;-76.266828;3.545067;2923.9296875
76;VALLE DEL CAUCA;76520;PALMIRA;76520016;JUANCHITO;CP;-76.464435;3.458385;2893.898681640625
76;VALLE DEL CAUCA;76520;PALMIRA;76520017;LA ACEQUIA;CP;-76.396822;3.636814;2906
76;VALLE DEL CAUCA;76520;PALMIRA;76520018;LA HERRADURA;CP;-76.351226;3.537442;2908.34326171875
76;VALLE DEL CAUCA;76520;PALMIRA;76520019;LA QUISQUINA;CP;-76.185418;3.572748;2933.364990234375
76;VALLE DEL CAUCA;76520;PALMIRA;76520020;LA TORRE;CP;-76.415513;3.619503;2904.690673828125
76;VALLE DEL CAUCA;76520;PALMIRA;76520022;MATAPALO;CP;-76.426185;3.585117;2902.03173828125
76;VALLE DEL CAUCA;76520;PALMIRA;76520023;OBANDO;CP;-76.404723;3.575532;2903.041015625
76;VALLE DEL CAUCA;76520;PALMIRA;76520024;PALMASECA;CP;-76.435186;3.511007;2897.074951171875
76;VALLE DEL CAUCA;76520;PALMIRA;76520025;POTRERILLO;CP;-76.199009;3.554432;2928.843017578125
76;VALLE DEL CAUCA;76520;PALMIRA;76520026;ROZO;CP;-76.386321;3.612587;2906.65283203125
76;VALLE DEL CAUCA;76520;PALMIRA;76520027;TABLONES;CP;-76.198656;3.594746;2932.64990234375
76;VALLE DEL CAUCA;76520;PALMIRA;76520028;TENJO;CP;-76.170714;3.520515;2932.700927734375
76;VALLE DEL CAUCA;76520;PALMIRA;76520029;TIENDA NUEVA;CP;-76.220935;3.571234;2930.644287109375
76;VALLE DEL CAUCA;76520;PALMIRA;76520032;LA BUITRERA;CP;-76.209105;3.4842;2925.9990234375
76;VALLE DEL CAUCA;76520;PALMIRA;76520033;LA PAMPA;CP;-76.260439;3.58544;2926.67626953125
76;VALLE DEL CAUCA;76520;PALMIRA;76520035;LA BOLSA;CP;-76.234693;3.557007;2929.14404296875
76;VALLE DEL CAUCA;76520;PALMIRA;76520038;LA DOLORES;CP;-76.476147;3.49768;2895.213134765625
76;VALLE DEL CAUCA;76520;PALMIRA;76520039;LA CASCADA;CP;-76.227536;3.564453;2930.030517578125
76;VALLE DEL CAUCA;76520;PALMIRA;76520041;BOLO BARRIO NUEVO;CP;-76.394831;3.477572;2897.679931640625
76;VALLE DEL CAUCA;76520;PALMIRA;76520043;BOLOMADRE VIEJA;CP;-76.298341;3.474066;2913.88818359375
76;VALLE DEL CAUCA;76520;PALMIRA;76520044;LA UNION;CP;-76.418175;3.505477;2897.659912109375
76;VALLE DEL CAUCA;76520;PALMIRA;76520045;PILES;CP;-76.478914;3.545993;2897.9990234375
76;VALLE DEL CAUCA;76520;PALMIRA;76520047;SAN ANTONIO DE LAS PALMAS;CP;-76.420631;3.594873;2903.016845703125
76;VALLE DEL CAUCA;76520;PALMIRA;76520048;TRES TUSAS;CP;-76.218311;3.5612;2930.01123046875
76;VALLE DEL CAUCA;76520;PALMIRA;76520049;BOLO ITALIA 1;CP;-76.317619;3.468017;2910.01708984375
76;VALLE DEL CAUCA;76520;PALMIRA;76520050;BOLO ITALIA 2;CP;-76.317022;3.477611;2910.496826171875
76;VALLE DEL CAUCA;76520;PALMIRA;76520051;CONDOMINIO CAMPESTRE LA GONZALEZ;CP;-76.220297;3.483669;2926.998291015625
76;VALLE DEL CAUCA;76520;PALMIRA;76520052;LA BUITRERA 1;CP;-76.206694;3.47845;2925.878173828125
76;VALLE DEL CAUCA;76520;PALMIRA;76520053;PUEBLO NUEVO;CP;-76.23164;3.499669;2926.9912109375
76;VALLE DEL CAUCA;76563;PRADERA;76563000;PRADERA;CM;-76.241832;3.419847;2922.298828125
76;VALLE DEL CAUCA;76563;PRADERA;76563011;LA GRANJA;CP;-76.238304;3.399113;2922.09716796875
76;VALLE DEL CAUCA;76563;PRADERA;76563013;LA TUPIA;CP;-76.309582;3.402494;2906.853515625
76;VALLE DEL CAUCA;76563;PRADERA;76563014;LOMITAS;CP;-76.203714;3.408383;2924.983642578125
76;VALLE DEL CAUCA;76563;PRADERA;76563018;POTRERITO;CP;-76.189131;3.419294;2924.197509765625
76;VALLE DEL CAUCA;76563;PRADERA;76563024;EL RECREO;CP;-76.202972;3.398592;2924.924560546875
76;VALLE DEL CAUCA;76563;PRADERA;76563025;LA FERIA;CP;-76.154369;3.424761;2935.9609375
76;VALLE DEL CAUCA;76563;PRADERA;76563028;LA CRUZ;CP;-76.298209;3.403936;2908.64306640625
76;VALLE DEL CAUCA;76606;RESTREPO;76606000;RESTREPO;CM;-76.523329;3.821351;2909.127685546875
76;VALLE DEL CAUCA;76606;RESTREPO;76606008;SAN SALVADOR;CP;-76.595756;3.792876;2898.76708984375
76;VALLE DEL CAUCA;76606;RESTREPO;76606016;BARRIO LA INDEPENDENCIA;CP;-76.521939;3.839251;2910.230224609375
76;VALLE DEL CAUCA;76616;RIOFRÍO;76616000;RIOFRÍO;CM;-76.288313;4.156908;2957.821533203125
76;VALLE DEL CAUCA;76616;RIOFRÍO;76616002;FENICIA;CP;-76.388759;4.070386;2928.14306640625
76;VALLE DEL CAUCA;76616;RIOFRÍO;76616003;PALMA - LA CUCHILLA;CP;-76.35245;4.112416;2935.2705078125
76;VALLE DEL CAUCA;76616;RIOFRÍO;76616005;LA ZULIA;CP;-76.416186;4.093721;2925.861328125
76;VALLE DEL CAUCA;76616;RIOFRÍO;76616006;MADRIGAL;CP;-76.257939;4.178909;2963.635986328125
76;VALLE DEL CAUCA;76616;RIOFRÍO;76616007;PORTUGAL DE PIEDRAS;CP;-76.358561;4.051941;2932.72705078125
76;VALLE DEL CAUCA;76616;RIOFRÍO;76616009;SALÓNICA;CP;-76.371086;4.126889;2931.893310546875
76;VALLE DEL CAUCA;76616;RIOFRÍO;76616010;EL JAGUAL;CP;-76.27704;4.141466;2959.33935546875
76;VALLE DEL CAUCA;76616;RIOFRÍO;76616013;PUERTO FENICIA;CP;-76.369701;4.080697;2930.772216796875
76;VALLE DEL CAUCA;76616;RIOFRÍO;76616014;LOS ALPES;CP;-76.39883;4.097044;2927.798583984375
76;VALLE DEL CAUCA;76616;RIOFRÍO;76616015;LA SULTANA;CP;-76.297643;4.117166;2952.130615234375
76;VALLE DEL CAUCA;76616;RIOFRÍO;76616016;LAS BRISAS;CP;-76.389164;4.121256;2929.424072265625
76;VALLE DEL CAUCA;76616;RIOFRÍO;76616017;LOS ESTRECHOS;CP;-76.313356;4.095869;2945.707275390625
76;VALLE DEL CAUCA;76622;ROLDANILLO;76622000;ROLDANILLO;CM;-76.152277;4.413601;2976.91796875
76;VALLE DEL CAUCA;76622;ROLDANILLO;76622002;EL RETIRO;CP;-76.236983;4.39574;2969.3759765625
76;VALLE DEL CAUCA;76622;ROLDANILLO;76622003;HIGUERONCITO;CP;-76.101759;4.495029;2987.234130859375
76;VALLE DEL CAUCA;76622;ROLDANILLO;76622007;MORELIA;CP;-76.116891;4.478041;2985.121337890625
76;VALLE DEL CAUCA;76622;ROLDANILLO;76622009;SANTA RITA;CP;-76.1391;4.446829;2980.933837890625
76;VALLE DEL CAUCA;76622;ROLDANILLO;76622020;PALMAR GUAYABAL;CP;-76.115131;4.406836;2980.834716796875
76;VALLE DEL CAUCA;76622;ROLDANILLO;76622022;TIERRA BLANCA;CP;-76.133141;4.413161;2979.964111328125
76;VALLE DEL CAUCA;76670;SAN PEDRO;76670000;SAN PEDRO;CM;-76.228692;3.995073;2962
76;VALLE DEL CAUCA;76670;SAN PEDRO;76670002;BUENOS AIRES;CP;-76.17379;3.929601;2959
76;VALLE DEL CAUCA;76670;SAN PEDRO;76670007;PRESIDENTE;CP;-76.262995;3.960311;2960.06640625
76;VALLE DEL CAUCA;76670;SAN PEDRO;76670008;SAN JOSÉ;CP;-76.268289;4.029064;2958.17236328125
76;VALLE DEL CAUCA;76670;SAN PEDRO;76670009;TODOS LOS SANTOS;CP;-76.237129;3.982289;2961.507080078125
76;VALLE DEL CAUCA;76670;SAN PEDRO;76670010;GUAYABAL;CP;-76.231936;4.005266;2962
76;VALLE DEL CAUCA;76670;SAN PEDRO;76670011;MONTE GRANDE;CP;-76.238197;3.991306;2961.337158203125
76;VALLE DEL CAUCA;76736;SEVILLA;76736000;SEVILLA;CM;-75.930941;4.267033;2991.656005859375
76;VALLE DEL CAUCA;76736;SEVILLA;76736004;COROZAL;CP;-75.918874;4.399227;3001.7646484375
76;VALLE DEL CAUCA;76736;SEVILLA;76736005;CUMBARCO;CP;-75.832704;4.195353;3005.5732421875
76;VALLE DEL CAUCA;76736;SEVILLA;76736008;LA CUCHILLA;CP;-75.931206;4.358745;2993.48681640625
76;VALLE DEL CAUCA;76736;SEVILLA;76736014;SAN ANTONIO;CP;-75.940121;4.215609;2986.0419921875
76;VALLE DEL CAUCA;76736;SEVILLA;76736018;QUEBRADANUEVA;CP;-75.948684;4.373213;2988.803466796875
76;VALLE DEL CAUCA;76736;SEVILLA;76736030;BUENOS AIRES;CP;-75.891244;4.408326;3016.783935546875
76;VALLE DEL CAUCA;76823;TORO;76823000;TORO;CM;-76.076859;4.608085;2996.259521484375
76;VALLE DEL CAUCA;76823;TORO;76823001;BOHÍO;CP;-76.060521;4.617131;2998.127685546875
76;VALLE DEL CAUCA;76823;TORO;76823006;SAN ANTONIO;CP;-76.062407;4.593618;2996.739013671875
76;VALLE DEL CAUCA;76823;TORO;76823007;SAN FRANCISCO;CP;-76.035771;4.683887;3002.83642578125
76;VALLE DEL CAUCA;76823;TORO;76823008;LA QUIEBRA;CP;-76.107126;4.625675;2992.760009765625
76;VALLE DEL CAUCA;76828;TRUJILLO;76828000;TRUJILLO;CM;-76.318818;4.212037;2954.66015625
76;VALLE DEL CAUCA;76828;TRUJILLO;76828002;ANDINÁPOLIS;CP;-76.386034;4.167017;2932.014892578125
76;VALLE DEL CAUCA;76828;TRUJILLO;76828003;CRISTALES;CP;-76.381125;4.300263;2941.876708984375
76;VALLE DEL CAUCA;76828;TRUJILLO;76828004;DOS QUEBRADAS;CP;-76.365064;4.300552;2943.8203125
76;VALLE DEL CAUCA;76828;TRUJILLO;76828006;HUASANÓ;CP;-76.244043;4.245063;2967.16259765625
76;VALLE DEL CAUCA;76828;TRUJILLO;76828007;ROBLEDO;CP;-76.226529;4.253541;2965.9248046875
76;VALLE DEL CAUCA;76828;TRUJILLO;76828008;SAN ISIDRO;CP;-76.306137;4.286018;2964.9423828125
76;VALLE DEL CAUCA;76828;TRUJILLO;76828010;VENECIA;CP;-76.389898;4.194088;2933.5869140625
76;VALLE DEL CAUCA;76828;TRUJILLO;76828013;LA SONORA;CP;-76.389807;4.231675;2936.01025390625
76;VALLE DEL CAUCA;76834;TULUÁ;76834000;TULUÁ;CM;-76.19761;4.085335;2963.535888671875
76;VALLE DEL CAUCA;76834;TULUÁ;76834001;AGUACLARA;CP;-76.197373;4.111378;2964
76;VALLE DEL CAUCA;76834;TULUÁ;76834003;BARRAGÁN;CP;-75.885306;4.032604;2993
76;VALLE DEL CAUCA;76834;TULUÁ;76834004;BOCAS DE TULUÁ;CP;-76.232025;4.156006;2964
76;VALLE DEL CAUCA;76834;TULUÁ;76834005;EL PICACHO;CP;-76.149273;4.04937;2960.87939453125
76;VALLE DEL CAUCA;76834;TULUÁ;76834007;PUERTO FRAZADAS;CP;-75.997848;4.052555;2979
76;VALLE DEL CAUCA;76834;TULUÁ;76834009;LA IBERIA;CP;-76.107199;4.062738;2962.109619140625
76;VALLE DEL CAUCA;76834;TULUÁ;76834010;LA MARINA;CP;-76.112047;4.045096;2961.62255859375
76;VALLE DEL CAUCA;76834;TULUÁ;76834011;LA MORALIA;CP;-76.088996;4.038531;2963.898681640625
76;VALLE DEL CAUCA;76834;TULUÁ;76834012;LA PALMERA;CP;-76.243969;4.124668;2962.7919921875
76;VALLE DEL CAUCA;76834;TULUÁ;76834015;MONTELORO;CP;-76.060332;3.964727;2965.15966796875
76;VALLE DEL CAUCA;76834;TULUÁ;76834016;NARIÑO;CP;-76.23372;4.092446;2963
76;VALLE DEL CAUCA;76834;TULUÁ;76834021;SANTA LUCÍA;CP;-75.939105;3.93113;2980.07275390625
76;VALLE DEL CAUCA;76834;TULUÁ;76834023;TRES ESQUINAS;CP;-76.221284;4.113553;2964
76;VALLE DEL CAUCA;76834;TULUÁ;76834025;CAMPOALEGRE;CP;-76.216609;4.070647;2963.516845703125
76;VALLE DEL CAUCA;76834;TULUÁ;76834026;LA RIVERA;CP;-76.176292;4.07061;2962
76;VALLE DEL CAUCA;76834;TULUÁ;76834029;CIENEGUETA;CP;-76.179141;4.057014;2962
76;VALLE DEL CAUCA;76834;TULUÁ;76834030;GATO NEGRO;CP;-76.218804;4.12761;2964.5322265625
76;VALLE DEL CAUCA;76834;TULUÁ;76834032;PALOMESTIZO;CP;-76.231502;4.085123;2963
76;VALLE DEL CAUCA;76834;TULUÁ;76834033;LA COLINA;CP;-76.170207;4.09567;2962.779296875
76;VALLE DEL CAUCA;76834;TULUÁ;76834034;EL CAIRO;CP;-76.2141697;4.1042382;2964
76;VALLE DEL CAUCA;76845;ULLOA;76845000;ULLOA;CM;-75.737748;4.702514;3031.488037109375
76;VALLE DEL CAUCA;76845;ULLOA;76845002;MOCTEZUMA;CP;-75.765454;4.710046;3030.1201171875
76;VALLE DEL CAUCA;76845;ULLOA;76845005;DINAMARCA;CP;-75.795501;4.704588;3032
76;VALLE DEL CAUCA;76863;VERSALLES;76863000;VERSALLES;CM;-76.199203;4.575019;2982.01123046875
76;VALLE DEL CAUCA;76863;VERSALLES;76863001;CAMPOALEGRE;CP;-76.152281;4.618468;2987.005615234375
76;VALLE DEL CAUCA;76863;VERSALLES;76863002;EL BALSAL;CP;-76.22993;4.666971;2984.765625
76;VALLE DEL CAUCA;76863;VERSALLES;76863007;LA FLORIDA;CP;-76.138304;4.648884;2990.0244140625
76;VALLE DEL CAUCA;76863;VERSALLES;76863012;PUERTO NUEVO;CP;-76.27302;4.587026;2975.829833984375
76;VALLE DEL CAUCA;76863;VERSALLES;76863014;MURRAPAL;CP;-76.158748;4.654828;2988.5849609375
76;VALLE DEL CAUCA;76863;VERSALLES;76863017;LA PLAYA;CP;-76.167446;4.550729;2981.634765625
76;VALLE DEL CAUCA;76863;VERSALLES;76863019;LA CABAÑA;CP;-76.200152;4.535018;2976.56787109375
76;VALLE DEL CAUCA;76869;VIJES;76869000;VIJES;CM;-76.441804;3.698686;2907.390869140625
76;VALLE DEL CAUCA;76869;VIJES;76869001;CACHIMBAL;CP;-76.467403;3.779698;2909.46044921875
76;VALLE DEL CAUCA;76869;VIJES;76869003;EL PORVENIR;CP;-76.468908;3.807837;2910.853759765625
76;VALLE DEL CAUCA;76869;VIJES;76869004;LA FRESNEDA;CP;-76.474363;3.759632;2908.474609375
76;VALLE DEL CAUCA;76869;VIJES;76869007;LA RIVERA;CP;-76.484024;3.746238;2907.999267578125
76;VALLE DEL CAUCA;76869;VIJES;76869008;EL TAMBOR;CP;-76.485655;3.763171;2909.003662109375
76;VALLE DEL CAUCA;76869;VIJES;76869010;VIDAL;CP;-76.408584;3.732883;2910.9453125
76;VALLE DEL CAUCA;76890;YOTOCO;76890000;YOTOCO;CM;-76.382698;3.861241;2922.908203125
76;VALLE DEL CAUCA;76890;YOTOCO;76890001;EL CANEY;CP;-76.426994;3.932216;2920.04345703125
76;VALLE DEL CAUCA;76890;YOTOCO;76890003;JIGUALES;CP;-76.440024;3.903328;2916.087158203125
76;VALLE DEL CAUCA;76890;YOTOCO;76890004;RAYITO;CP;-76.368901;3.998774;2931.948486328125
76;VALLE DEL CAUCA;76890;YOTOCO;76890005;LAS DELICIAS;CP;-76.4022;3.948839;2924.94482421875
76;VALLE DEL CAUCA;76890;YOTOCO;76890006;MEDIACANOA;CP;-76.373395;3.898529;2926.806396484375
76;VALLE DEL CAUCA;76890;YOTOCO;76890007;MIRAVALLE;CP;-76.382818;3.976471;2928.798095703125
76;VALLE DEL CAUCA;76890;YOTOCO;76890008;PUENTETIERRA;CP;-76.459117;3.87446;2913.36279296875
76;VALLE DEL CAUCA;76890;YOTOCO;76890009;SAN ANTONIO DE PIEDRAS;CP;-76.322847;4.05566;2940.453125
76;VALLE DEL CAUCA;76890;YOTOCO;76890011;CAMPOALEGRE;CP;-76.362313;3.996648;2932.544921875
76;VALLE DEL CAUCA;76890;YOTOCO;76890013;LOS PLANES;CP;-76.378931;3.918655;2927.49560546875
76;VALLE DEL CAUCA;76890;YOTOCO;76890014;PUNTA BRAVA;CP;-76.351366;3.891741;2926.441650390625
76;VALLE DEL CAUCA;76892;YUMBO;76892000;YUMBO;CM;-76.499893;3.540097;2895.243896484375
76;VALLE DEL CAUCA;76892;YUMBO;76892002;DAPA LA VEGA;CP;-76.568679;3.558494;2889.14404296875
76;VALLE DEL CAUCA;76892;YUMBO;76892004;MONTAÑITAS;CP;-76.526011;3.662565;2899.64111328125
76;VALLE DEL CAUCA;76892;YUMBO;76892005;MULALÓ;CP;-76.482149;3.636392;2902.21923828125
76;VALLE DEL CAUCA;76892;YUMBO;76892008;SAN MARCOS;CP;-76.45812;3.654551;2905
76;VALLE DEL CAUCA;76892;YUMBO;76892009;SANTA INÉS;CP;-76.538643;3.626241;2895.284423828125
76;VALLE DEL CAUCA;76892;YUMBO;76892013;DAPA EL RINCÓN;CP;-76.567587;3.564319;2889.551025390625
76;VALLE DEL CAUCA;76892;YUMBO;76892014;EL PEDREGAL;CP;-76.543001;3.504837;2892.1259765625
76;VALLE DEL CAUCA;76892;YUMBO;76892015;MIRAVALLE NORTE;CP;-76.473911;3.693333;2905.060791015625
76;VALLE DEL CAUCA;76892;YUMBO;76892017;ARROYOHONDO;CP;-76.519563;3.512139;2892.97607421875
76;VALLE DEL CAUCA;76892;YUMBO;76892018;EL CHOCHO;CP;-76.519996;3.62349;2898.29833984375
76;VALLE DEL CAUCA;76892;YUMBO;76892019;MANGA VIEJA;CP;-76.471081;3.663074;2904.444580078125
76;VALLE DEL CAUCA;76892;YUMBO;76892020;MIRAVALLE DAPA;CP;-76.553944;3.559652;2890.634765625
76;VALLE DEL CAUCA;76892;YUMBO;76892021;PILAS DE DAPA;CP;-76.529373;3.530954;2893.5126953125
76;VALLE DEL CAUCA;76895;ZARZAL;76895000;ZARZAL;CM;-76.070795;4.392658;2985.614990234375
76;VALLE DEL CAUCA;76895;ZARZAL;76895002;LA PAILA;CP;-76.071922;4.319017;2979.402587890625
76;VALLE DEL CAUCA;76895;ZARZAL;76895003;LIMONES;CP;-76.046971;4.387834;2991.408203125
76;VALLE DEL CAUCA;76895;ZARZAL;76895004;QUEBRADANUEVA;CP;-75.951422;4.372327;2988.1171875
76;VALLE DEL CAUCA;76895;ZARZAL;76895005;VALLEJUELO;CP;-75.99371;4.371529;2986.07763671875
76;VALLE DEL CAUCA;76895;ZARZAL;76895008;ESTACIÓN CAICEDONIA;CP;-75.881228;4.410603;3018.082763671875
81;ARAUCA;81001;ARAUCA;81001000;ARAUCA;CM;-70.74635;7.077359;260.5429382324219
81;ARAUCA;81001;ARAUCA;81001001;CLARINETERO;CP;-70.637668;7.068138;149.3364562988281
81;ARAUCA;81001;ARAUCA;81001017;EL CARACOL;CP;-70.271534;6.938572;51.60472106933594
81;ARAUCA;81001;ARAUCA;81001020;MONSERRATE;CP;-70.724138;7.090128;234.9734649658203
81;ARAUCA;81001;ARAUCA;81001021;LAS NUBES;CP;-71.037642;6.946627;577.3350830078125
81;ARAUCA;81001;ARAUCA;81001022;MANHATAN;CP;-70.7037;7.077947;210.8661346435547
81;ARAUCA;81065;ARAUQUITA;81065000;ARAUQUITA;CM;-71.426747;7.026988;1073.637451171875
81;ARAUCA;81065;ARAUQUITA;81065001;CARRETERO;CP;-71.35669;7.018149;974.8234252929688
81;ARAUCA;81065;ARAUQUITA;81065002;EL TRONCAL;CP;-71.38584;7.022325;1005.425537109375
81;ARAUCA;81065;ARAUQUITA;81065004;SAN LORENZO;CP;-71.516872;7.016056;1209.958740234375
81;ARAUCA;81065;ARAUQUITA;81065005;LA PAZ;CP;-71.597955;6.841346;1344.95068359375
81;ARAUCA;81065;ARAUQUITA;81065007;LA REINERA (GAVIOTA);CP;-71.186825;6.951622;745.4768676757812
81;ARAUCA;81065;ARAUQUITA;81065008;LA ESMERALDA (JUJUA);CP;-71.62254;6.962661;1393.686279296875
81;ARAUCA;81065;ARAUQUITA;81065009;AGUACHICA;CP;-71.52125;6.884643;1219.352416992188
81;ARAUCA;81065;ARAUQUITA;81065010;EL CAUCHO;CP;-71.15749;7.025238;691.7251586914062
81;ARAUCA;81065;ARAUQUITA;81065016;LOS CHORROS;CP;-71.572392;6.885186;1301.88916015625
81;ARAUCA;81065;ARAUQUITA;81065017;PANAMÁ DE ARAUCA;CP;-71.225523;6.823623;822.5532836914062
81;ARAUCA;81065;ARAUQUITA;81065019;BRISAS DEL CARANAL;CP;-71.320978;6.82145;958.3516235351562
81;ARAUCA;81065;ARAUQUITA;81065020;EL OASIS;CP;-71.485181;6.859167;1178.403198242188
81;ARAUCA;81065;ARAUQUITA;81065021;EL TRIUNFO;CP;-71.588813;6.924335;1344.319213867188
81;ARAUCA;81065;ARAUQUITA;81065022;LA PESQUERA;CP;-71.216394;6.94331;788.201416015625
81;ARAUCA;81065;ARAUQUITA;81065023;EL CAMPAMENTO;CP;-71.538262;7.006238;1240.05712890625
81;ARAUCA;81065;ARAUQUITA;81065025;ARENOSA;CP;-71.290014;6.657993;940.5693969726562
81;ARAUCA;81065;ARAUQUITA;81065026;BOCAS DEL ELE;CP;-71.047755;6.703488;623.7791137695312
81;ARAUCA;81065;ARAUQUITA;81065027;CAÑO HONDO;CP;-71.525696;6.798479;1228.871215820312
81;ARAUCA;81065;ARAUQUITA;81065028;EL CAMPING;CP;-71.445269;6.747245;1127.110107421875
81;ARAUCA;81065;ARAUQUITA;81065029;FILIPINAS;CP;-71.208547;6.66768;828.1953735351562
81;ARAUCA;81065;ARAUQUITA;81065030;JARDINES;CP;-71.480574;6.819033;1175.440795898438
81;ARAUCA;81065;ARAUQUITA;81065031;LOS COLONOS;CP;-71.28953;6.827807;908.6044921875
81;ARAUCA;81065;ARAUQUITA;81065032;MATECAÑA;CP;-71.462486;6.685904;1164.6455078125
81;ARAUCA;81065;ARAUQUITA;81065033;PUEBLO NUEVO;CP;-71.343235;6.688216;1002.448364257812
81;ARAUCA;81065;ARAUQUITA;81065034;SITIO NUEVO;CP;-71.501159;6.740287;1203.510375976562
81;ARAUCA;81065;ARAUQUITA;81065038;LA PRIMAVERA;CP;-71.667443;6.875505;1405.572265625
81;ARAUCA;81065;ARAUQUITA;81065039;SANTA ANA;CP;-71.431553;6.886878;1097.370483398438
81;ARAUCA;81220;CRAVO NORTE;81220000;CRAVO NORTE;CM;-70.204286;6.303913;60.92894744873047
81;ARAUCA;81300;FORTUL;81300000;FORTUL;CM;-71.774279;6.792738;1895.532104492188
81;ARAUCA;81300;FORTUL;81300002;CARANAL;CP;-71.692751;6.713674;1449.684936523438
81;ARAUCA;81300;FORTUL;81300003;LA VEINTE;CP;-71.602521;6.705172;1339.49365234375
81;ARAUCA;81300;FORTUL;81300006;EL MORDISCO;CP;-71.685945;6.675648;1442.15869140625
81;ARAUCA;81300;FORTUL;81300007;PALMARITO;CP;-71.713014;6.744521;1452.227783203125
81;ARAUCA;81300;FORTUL;81300009;SITIO NUEVO;CP;-71.526;6.725;1235.89794921875
81;ARAUCA;81300;FORTUL;81300011;TOLUA;CP;-71.499583;6.6862;1205.281616210938
81;ARAUCA;81591;PUERTO RONDÓN;81591000;PUERTO RONDÓN;CM;-71.097743;6.283852;719.7645874023438
81;ARAUCA;81591;PUERTO RONDÓN;81591006;SAN IGNACIO;CP;-71.22642;6.295914;897.6989135742188
81;ARAUCA;81736;SARAVENA;81736000;SARAVENA;CM;-71.872812;6.953926;1586.058349609375
81;ARAUCA;81736;SARAVENA;81736002;LA YE DEL CHARO;CP;-71.805315;7.030909;1568.46240234375
81;ARAUCA;81736;SARAVENA;81736006;PUERTO LLERAS;CP;-71.697371;7.032628;1438.315063476562
81;ARAUCA;81736;SARAVENA;81736007;AGUA SANTA;CP;-71.694859;6.947847;1434.33837890625
81;ARAUCA;81736;SARAVENA;81736008;PUERTO NARIÑO;CP;-71.783696;7.010794;1570.5615234375
81;ARAUCA;81736;SARAVENA;81736009;BARRANCONES;CP;-71.793701;6.851216;1780.809814453125
81;ARAUCA;81736;SARAVENA;81736010;BARRIO LOCO;CP;-71.815452;6.98009;1650.074096679688
81;ARAUCA;81736;SARAVENA;81736011;CAÑO SECO;CP;-71.765898;7.05925;1498.813598632812
81;ARAUCA;81736;SARAVENA;81736012;LA PAJUILA;CP;-71.711862;6.897602;1456.819213867188
81;ARAUCA;81736;SARAVENA;81736013;LA YE DEL GARROTAZO;CP;-71.732042;6.991536;1499.256225585938
81;ARAUCA;81736;SARAVENA;81736014;PUERTO CONTRERAS;CP;-71.823703;7.051188;1587.919067382812
81;ARAUCA;81736;SARAVENA;81736017;REMOLINO;CP;-71.793299;7.060655;1512.496826171875
81;ARAUCA;81794;TAME;81794000;TAME;CM;-71.75892;6.450575;1503.979125976562
81;ARAUCA;81794;TAME;81794001;BETOYES;CP;-71.558972;6.491363;1301.393310546875
81;ARAUCA;81794;TAME;81794004;COROCITO;CP;-71.701055;6.565308;1438.172485351562
81;ARAUCA;81794;TAME;81794006;PUERTO GAITÁN;CP;-71.452662;6.241455;1200.384033203125
81;ARAUCA;81794;TAME;81794009;PUERTO SAN SALVADOR;CP;-71.614485;6.229259;1399.871704101562
81;ARAUCA;81794;TAME;81794014;LA HOLANDA;CP;-71.463915;6.446032;1196.816650390625
81;ARAUCA;81794;TAME;81794015;PUENTE TABLA;CP;-71.545103;6.636832;1273.710205078125
81;ARAUCA;81794;TAME;81794019;BOTALÓN;CP;-71.577843;6.635404;1311.413452148438
81;ARAUCA;81794;TAME;81794020;PUERTO MIRANDA;CP;-71.658779;6.641759;1404.793701171875
81;ARAUCA;81794;TAME;81794021;ALTO CAUCA;CP;-71.470397;6.650167;1181.797607421875
81;ARAUCA;81794;TAME;81794022;FLOR AMARILLO;CP;-71.501554;6.525475;1225.69140625
81;ARAUCA;81794;TAME;81794024;LAS MALVINAS;CP;-71.811501;6.648551;1559.5703125
81;ARAUCA;81794;TAME;81794026;PUEBLO SECO;CP;-71.427507;6.641129;1118.578002929688
81;ARAUCA;81794;TAME;81794027;SANTO DOMINGO;CP;-71.345754;6.539898;1025.268432617188
81;ARAUCA;81794;TAME;81794028;PUEBLO SUCIO;CP;-71.518981;6.618099;1236.952392578125
85;CASANARE;85001;YOPAL;85001000;YOPAL;CM;-72.394588;5.332863;2936.031982421875
85;CASANARE;85001;YOPAL;85001001;EL MORRO;CP;-72.456174;5.454082;2965.83447265625
85;CASANARE;85001;YOPAL;85001002;LA CHAPARRERA;CP;-72.226354;5.493258;2938.388916015625
85;CASANARE;85001;YOPAL;85001003;TILODIRÁN;CP;-72.197669;5.133235;2906.186279296875
85;CASANARE;85001;YOPAL;85001005;EL CHARTE;CP;-72.482202;5.261347;2963.075927734375
85;CASANARE;85001;YOPAL;85001006;SANTAFÉ DE MORICHAL;CP;-72.388282;5.226248;2910.16064453125
85;CASANARE;85001;YOPAL;85001007;QUEBRADA SECA;CP;-71.983912;5.062993;2431.205078125
85;CASANARE;85001;YOPAL;85001010;LA GUAFILLA;CP;-72.445239;5.305494;2952.734619140625
85;CASANARE;85001;YOPAL;85001011;LA LLANERITA;CP;-72.279223;5.037144;2750.489501953125
85;CASANARE;85001;YOPAL;85001012;LA NIATA;CP;-72.307027;5.411799;2999.411865234375
85;CASANARE;85001;YOPAL;85001013;PUNTO NUEVO;CP;-72.056275;5.205003;2660.349609375
85;CASANARE;85001;YOPAL;85001014;LA VEGA;CP;-72.425721;5.389568;2953.35302734375
85;CASANARE;85010;AGUAZUL;85010000;AGUAZUL;CM;-72.547048;5.172834;2956.4287109375
85;CASANARE;85010;AGUAZUL;85010001;CUPIAGUA;CP;-72.641093;5.236808;2973.412841796875
85;CASANARE;85010;AGUAZUL;85010002;MONTERRALO;CP;-72.673803;5.226774;2961.376953125
85;CASANARE;85010;AGUAZUL;85010003;SAN BENITO;CP;-72.697284;5.256674;2968.36474609375
85;CASANARE;85010;AGUAZUL;85010005;SAN JOSÉ;CP;-72.458524;5.100675;2930.47900390625
85;CASANARE;85010;AGUAZUL;85010006;UNETE;CP;-72.60056;5.205606;2978.9765625
85;CASANARE;85010;AGUAZUL;85010010;PUENTE CUSIANA;CP;-72.684599;5.012131;2909.5478515625
85;CASANARE;85010;AGUAZUL;85010014;LLANO LINDO;CP;-72.481691;4.925944;2907.96875
85;CASANARE;85010;AGUAZUL;85010015;PLAN BRISAS;CP;-72.566494;5.305048;2987.816162109375
85;CASANARE;85010;AGUAZUL;85010016;ATALAYAS;CP;-72.578513;5.122724;2945.11376953125
85;CASANARE;85015;CHÁMEZA;85015000;CHÁMEZA;CM;-72.87016;5.214527;2963.215087890625
85;CASANARE;85125;HATO COROZAL;85125000;HATO COROZAL;CM;-71.764184;6.154097;1504.40673828125
85;CASANARE;85125;HATO COROZAL;85125002;CHIRE;CP;-71.810531;6.031892;1525.217651367188
85;CASANARE;85125;HATO COROZAL;85125003;LA FRONTERA - LA CHAPA;CP;-71.512484;5.896649;1277.505737304688
85;CASANARE;85125;HATO COROZAL;85125005;PUERTO COLOMBIA;CP;-71.109;6.254;734.9412841796875
85;CASANARE;85125;HATO COROZAL;85125010;SANTA RITA;CP;-71.835223;5.934151;1806.714599609375
85;CASANARE;85125;HATO COROZAL;85125011;SAN JOSÉ DE ARIPORO;CP;-71.797978;5.917139;1553.702270507812
85;CASANARE;85125;HATO COROZAL;85125016;ROSA BLANCA;CP;-71.828527;6.046216;1559.317138671875
85;CASANARE;85125;HATO COROZAL;85125017;PUEBLO NUEVO;CP;-71.695182;6.181324;1445.4453125
85;CASANARE;85125;HATO COROZAL;85125018;CAÑO MOCHUELO;CP;-70.058097;6.154958;31.57854461669922
85;CASANARE;85136;LA SALINA;85136000;LA SALINA;CM;-72.334036;6.127816;2896.9189453125
85;CASANARE;85139;MANÍ;85139000;MANÍ;CM;-72.281384;4.81681;2701.2236328125
85;CASANARE;85139;MANÍ;85139001;GUAFALPINTADO;CP;-72.083096;4.623983;2336.228759765625
85;CASANARE;85139;MANÍ;85139003;GAVIOTAS;CP;-72.423439;4.842116;2876.888427734375
85;CASANARE;85139;MANÍ;85139005;SANTA HELENA DE CÚSIVA;CP;-71.964758;4.589333;1932.563720703125
85;CASANARE;85139;MANÍ;85139007;CHAVINAVE;CP;-72.16668;4.658161;2241.29638671875
85;CASANARE;85162;MONTERREY;85162000;MONTERREY;CM;-72.894068;4.877024;2920.778564453125
85;CASANARE;85162;MONTERREY;85162001;PALONEGRO;CP;-72.774102;4.688966;2885.080078125
85;CASANARE;85162;MONTERREY;85162002;BRISAS DE LLANO;CP;-72.85552;4.749707;2900
85;CASANARE;85162;MONTERREY;85162004;EL PORVENIR;CP;-72.923981;4.922845;2929.630615234375
85;CASANARE;85162;MONTERREY;85162006;VILLA CAROLA;CP;-72.956703;4.837319;2931.725341796875
85;CASANARE;85162;MONTERREY;85162007;LA HORQUETA;CP;-72.749945;4.822121;2890.23046875
85;CASANARE;85162;MONTERREY;85162008;LA ESTRELLA;CP;-72.883285;4.889537;2917.74365234375
85;CASANARE;85162;MONTERREY;85162009;PORVENIR SECTOR LA 40;CP;-72.931283;4.926908;2929.302978515625
85;CASANARE;85225;NUNCHÍA;85225000;NUNCHÍA;CM;-72.195319;5.636469;2791.7001953125
85;CASANARE;85225;NUNCHÍA;85225016;LA YOPALOSA;CP;-72.210966;5.520524;2874.39111328125
85;CASANARE;85230;OROCUÉ;85230000;OROCUÉ;CM;-71.338533;4.790258;1007.407348632812
85;CASANARE;85230;OROCUÉ;85230003;EL ALGARROBO;CP;-71.883642;4.999942;1601.969116210938
85;CASANARE;85230;OROCUÉ;85230011;CARRIZALES;CP;-71.811877;4.936318;1579.963256835938
85;CASANARE;85230;OROCUÉ;85230012;DUYA (RESGUARDO);CP;-71.427039;4.919178;1110.152587890625
85;CASANARE;85250;PAZ DE ARIPORO;85250000;PAZ DE ARIPORO;CM;-71.890348;5.879827;1979.404296875
85;CASANARE;85250;PAZ DE ARIPORO;85250001;BOCAS DE LA HERMOSA;CP;-70.441387;5.534536;55.13533782958984
85;CASANARE;85250;PAZ DE ARIPORO;85250002;CENTRO GAITÁN;CP;-71.055526;5.449993;636.123046875
85;CASANARE;85250;PAZ DE ARIPORO;85250003;CAÑO CHIQUITO;CP;-71.454478;5.680306;1195.390258789062
85;CASANARE;85250;PAZ DE ARIPORO;85250004;LA AGUADA;CP;-72.003774;5.900643;2206.32861328125
85;CASANARE;85250;PAZ DE ARIPORO;85250006;MONTAÑA DEL TOTUMO;CP;-71.217963;5.934269;882.6004028320312
85;CASANARE;85250;PAZ DE ARIPORO;85250007;LAS GUAMAS;CP;-70.966818;5.863845;550.0894775390625
85;CASANARE;85250;PAZ DE ARIPORO;85250008;RINCÓN HONDO;CP;-71.600028;5.845256;1388.93505859375
85;CASANARE;85263;PORE;85263000;PORE;CM;-71.99286;5.72773;2153.137939453125
85;CASANARE;85263;PORE;85263001;EL BANCO;CP;-72.002825;5.633523;2229.46044921875
85;CASANARE;85263;PORE;85263002;LA PLATA;CP;-71.910258;5.573881;1984.62158203125
85;CASANARE;85279;RECETOR;85279000;RECETOR;CM;-72.760991;5.229181;2983.68896484375
85;CASANARE;85279;RECETOR;85279002;PUEBLO NUEVO;CP;-72.729367;5.230594;2970.678466796875
85;CASANARE;85300;SABANALARGA;85300000;SABANALARGA;CM;-73.038696;4.854787;2905.102783203125
85;CASANARE;85300;SABANALARGA;85300001;AGUACLARA;CP;-72.998693;4.748547;2908.041748046875
85;CASANARE;85300;SABANALARGA;85300003;EL SECRETO;CP;-73.072373;4.818674;2900.97802734375
85;CASANARE;85315;SÁCAMA;85315000;SÁCAMA;CM;-72.250157;6.096738;2771.3798828125
85;CASANARE;85325;SAN LUIS DE PALENQUE;85325000;SAN LUIS DE PALENQUE;CM;-71.731853;5.421013;1505.171508789062
85;CASANARE;85325;SAN LUIS DE PALENQUE;85325002;MIRAMAR DE GUANAPALO;CP;-70.993891;5.054594;548.9688720703125
85;CASANARE;85325;SAN LUIS DE PALENQUE;85325004;EL PALMAR DE GUANAPALO;CP;-71.829372;5.375853;1548.23388671875
85;CASANARE;85325;SAN LUIS DE PALENQUE;85325005;JAGUEYES;CP;-71.952758;5.247683;2168.131103515625
85;CASANARE;85400;TÁMARA;85400000;TÁMARA;CM;-72.16174;5.82964;2606.9951171875
85;CASANARE;85400;TÁMARA;85400002;TABLÓN DE TAMARA;CP;-72.103143;5.735214;2402.10986328125
85;CASANARE;85400;TÁMARA;85400004;TEISLANDIA;CP;-72.070349;5.941947;2385.542236328125
85;CASANARE;85410;TAURAMENA;85410000;TAURAMENA;CM;-72.74662;5.018977;2926.681396484375
85;CASANARE;85410;TAURAMENA;85410003;CARUPANA;CP;-72.42808;4.359202;2749.297119140625
85;CASANARE;85410;TAURAMENA;85410004;TUNUPE;CP;-72.56074;4.357364;2814.222412109375
85;CASANARE;85410;TAURAMENA;85410005;PASO CUSIANA;CP;-72.688209;5.004256;2906.4609375
85;CASANARE;85410;TAURAMENA;85410006;RAIZAL;CP;-72.707793;4.868918;2887.257568359375
85;CASANARE;85410;TAURAMENA;85410007;ACEITE ALTO;CP;-72.732455;5.005487;2920.258056640625
85;CASANARE;85430;TRINIDAD;85430000;TRINIDAD;CM;-71.662812;5.412178;1442.741577148438
85;CASANARE;85430;TRINIDAD;85430001;BOCAS DEL PAUTO;CP;-70.919604;5.165981;450.6611938476562
85;CASANARE;85430;TRINIDAD;85430007;EL CONVENTO;CP;-71.304286;5.262721;974.160888671875
85;CASANARE;85430;TRINIDAD;85430008;SANTA IRENE;CP;-71.091404;5.196598;676.0498046875
85;CASANARE;85440;VILLANUEVA;85440000;VILLANUEVA;CM;-72.927446;4.610006;2892.6728515625
85;CASANARE;85440;VILLANUEVA;85440001;CARIBAYONA;CP;-72.755753;4.496732;2871.90869140625
85;CASANARE;85440;VILLANUEVA;85440002;SANTA HELENA DE UPÍA;CP;-72.74475;4.333556;2855.253173828125
85;CASANARE;85440;VILLANUEVA;85440003;SAN AGUSTÍN;CP;-72.828829;4.674531;2905.982666015625
85;CASANARE;85440;VILLANUEVA;85440005;BANQUETAS;CP;-72.940344;4.658549;2904.065185546875
85;CASANARE;85440;VILLANUEVA;85440006;LOMA LINDA;CP;-72.955092;4.62861;2894.33642578125
85;CASANARE;85440;VILLANUEVA;85440007;EL TRIUNFO;CP;-72.944267;4.631985;2897.240234375
86;PUTUMAYO;86001;MOCOA;86001000;MOCOA;CM;-76.650271;1.152296;2730.064208984375
86;PUTUMAYO;86001;MOCOA;86001002;EL PEPINO;CP;-76.656284;1.082802;2728.092529296875
86;PUTUMAYO;86001;MOCOA;86001003;PUEBLO VIEJO;CP;-76.649745;1.198486;2730.277587890625
86;PUTUMAYO;86001;MOCOA;86001004;PUERTO LIMÓN;CP;-76.538534;1.025621;2755.92578125
86;PUTUMAYO;86001;MOCOA;86001006;SAN ANTONIO;CP;-76.676054;1.183893;2722.12841796875
86;PUTUMAYO;86001;MOCOA;86001009;YUNGUILLO;CP;-76.588031;1.383903;2749.14111328125
86;PUTUMAYO;86001;MOCOA;86001014;LA TEBAIDA;CP;-76.696112;1.085049;2722.018798828125
86;PUTUMAYO;86001;MOCOA;86001016;ALTO AFAN;CP;-76.644013;1.197934;2733.384033203125
86;PUTUMAYO;86001;MOCOA;86001017;BRISAS DEL SOL;CP;-76.662237;1.080353;2725.93701171875
86;PUTUMAYO;86001;MOCOA;86001018;PLANADAS;CP;-76.653076;1.097141;2729.691162109375
86;PUTUMAYO;86001;MOCOA;86001019;RUMIYACO;CP;-76.655287;1.121691;2728.451904296875
86;PUTUMAYO;86001;MOCOA;86001020;SAN ANTONIO 2;CP;-76.664505;1.174561;2724.173583984375
86;PUTUMAYO;86001;MOCOA;86001021; LA RESERVA ;CP;-76.648615;1.178446;2730.904296875
86;PUTUMAYO;86001;MOCOA;86001022;SAN JOSÉ DEL PEPINO;CP;-76.63169;1.097047;2740.35205078125
86;PUTUMAYO;86219;COLÓN;86219000;COLÓN;CM;-76.972566;1.190133;2687.998291015625
86;PUTUMAYO;86219;COLÓN;86219001;SAN PEDRO;CP;-76.943209;1.211602;2689
86;PUTUMAYO;86219;COLÓN;86219002;LAS PALMAS;CP;-76.957826;1.196115;2688
86;PUTUMAYO;86219;COLÓN;86219003;MICHUACAN;CP;-76.962477;1.197252;2688
86;PUTUMAYO;86320;ORITO;86320000;ORITO;CM;-76.873276;0.663593;2695
86;PUTUMAYO;86320;ORITO;86320001;TESALIA;CP;-76.698618;0.637054;2707.926025390625
86;PUTUMAYO;86320;ORITO;86320004;LUCITANIA;CP;-77.100016;0.472273;2654.247314453125
86;PUTUMAYO;86320;ORITO;86320008;BUENOS AIRES;CP;-76.748824;0.666177;2696.55712890625
86;PUTUMAYO;86320;ORITO;86320009;SAN VICENTE DE LUZÓN;CP;-76.850874;0.530231;2687.60205078125
86;PUTUMAYO;86320;ORITO;86320010;SIBERIA;CP;-77.042493;0.531067;2669.767578125
86;PUTUMAYO;86320;ORITO;86320011;SIMÓN BOLÍVAR;CP;-76.737181;0.572899;2692.101318359375
86;PUTUMAYO;86320;ORITO;86320013;EL ACHIOTE;CP;-77.004431;0.60094;2666
86;PUTUMAYO;86320;ORITO;86320014;EL LÍBANO;CP;-77.024114;0.636099;2673.51708984375
86;PUTUMAYO;86320;ORITO;86320015;EL PARAISO;CP;-76.727598;0.668506;2700.570556640625
86;PUTUMAYO;86320;ORITO;86320016;EL YARUMO;CP;-76.824534;0.647588;2688.7998046875
86;PUTUMAYO;86320;ORITO;86320017;MONSERRATE;CP;-76.907017;0.69841;2690.887451171875
86;PUTUMAYO;86568;PUERTO ASÍS;86568000;PUERTO ASÍS;CM;-76.496887;0.505627;2726.13623046875
86;PUTUMAYO;86568;PUERTO ASÍS;86568006;PIÑUÑA BLANCO;CP;-76.185309;0.446681;2749.20166015625
86;PUTUMAYO;86568;PUERTO ASÍS;86568019;SANTANA;CP;-76.566938;0.594663;2737.021484375
86;PUTUMAYO;86568;PUERTO ASÍS;86568020;PUERTO VEGA;CP;-76.526456;0.483711;2734.1240234375
86;PUTUMAYO;86568;PUERTO ASÍS;86568021; TETEYE ;CP;-76.552345;0.254017;2724.0322265625
86;PUTUMAYO;86568;PUERTO ASÍS;86568023;CAÑA BRAVA;CP;-76.642372;0.55578;2719.99609375
86;PUTUMAYO;86568;PUERTO ASÍS;86568026;LA CARMELITA;CP;-76.544206;0.397522;2736.9248046875
86;PUTUMAYO;86568;PUERTO ASÍS;86568027;LA LIBERTAD;CP;-76.588002;0.371152;2715.751220703125
86;PUTUMAYO;86568;PUERTO ASÍS;86568029;CAMPO ALEGRE;CP;-76.579842;0.413681;2722.149169921875
86;PUTUMAYO;86568;PUERTO ASÍS;86568031;SINAÍ (ACHAPOS);CP;-76.369834;0.485605;2738.11181640625
86;PUTUMAYO;86568;PUERTO ASÍS;86568032;BRISAS DEL HONG KONG;CP;-76.510066;0.482583;2726.4423828125
86;PUTUMAYO;86568;PUERTO ASÍS;86568033;LA CABAÑA;CP;-76.522452;0.373492;2733.992431640625
86;PUTUMAYO;86568;PUERTO ASÍS;86568034;PLANADAS;CP;-76.593977;0.576866;2736.198974609375
86;PUTUMAYO;86568;PUERTO ASÍS;86568035;EL MUELLE ;CP;-76.4767;0.473506;2725.539794921875
86;PUTUMAYO;86569;PUERTO CAICEDO;86569000;PUERTO CAICEDO;CM;-76.605088;0.684854;2726.207275390625
86;PUTUMAYO;86569;PUERTO CAICEDO;86569001;SAN PEDRO;CP;-76.582492;0.633804;2737.33251953125
86;PUTUMAYO;86569;PUERTO CAICEDO;86569002;VILLA FLOR;CP;-76.586611;0.75577;2725.755859375
86;PUTUMAYO;86569;PUERTO CAICEDO;86569003;EL CEDRAL;CP;-76.525581;0.646971;2729.614013671875
86;PUTUMAYO;86569;PUERTO CAICEDO;86569004;EL VENADO;CP;-76.558603;0.658666;2734.58056640625
86;PUTUMAYO;86569;PUERTO CAICEDO;86569005;LAS VEGAS;CP;-76.698316;0.727528;2709.904052734375
86;PUTUMAYO;86571;PUERTO GUZMÁN;86571000;PUERTO GUZMÁN;CM;-76.407274;0.962684;2753.373291015625
86;PUTUMAYO;86571;PUERTO GUZMÁN;86571001;EL CEDRO;CP;-76.221894;0.978568;2792.994873046875
86;PUTUMAYO;86571;PUERTO GUZMÁN;86571002;SANTA LUCÍA;CP;-76.44003;0.961763;2742.708984375
86;PUTUMAYO;86571;PUERTO GUZMÁN;86571003;JOSÉ MARÍA;CP;-75.891392;0.929923;2840.825927734375
86;PUTUMAYO;86571;PUERTO GUZMÁN;86571004;MAYOYOGUE;CP;-75.423024;0.734484;2883.084716796875
86;PUTUMAYO;86571;PUERTO GUZMÁN;86571005;EL GALLINAZO;CP;-75.661151;0.857972;2861.5400390625
86;PUTUMAYO;86571;PUERTO GUZMÁN;86571006;SAN ROQUE;CP;-75.986343;1.037831;2833.29443359375
86;PUTUMAYO;86571;PUERTO GUZMÁN;86571007;EL JUANO;CP;-76.466293;0.987837;2747.672119140625
86;PUTUMAYO;86571;PUERTO GUZMÁN;86571008;PUERTO ROSARIO;CP;-76.266658;0.966299;2780.448974609375
86;PUTUMAYO;86571;PUERTO GUZMÁN;86571009;GALILEA;CP;-76.148427;0.923974;2807.38671875
86;PUTUMAYO;86571;PUERTO GUZMÁN;86571010;EL RECREO;CP;-75.995241;0.979199;2830.483642578125
86;PUTUMAYO;86571;PUERTO GUZMÁN;86571011;EL BOMBON;CP;-76.332598;0.940947;2763.289306640625
86;PUTUMAYO;86571;PUERTO GUZMÁN;86571012;EL MUELLE;CP;-76.465993;0.995162;2748.23046875
86;PUTUMAYO;86571;PUERTO GUZMÁN;86571013;LA PATRIA;CP;-76.489343;1.003859;2752.66650390625
86;PUTUMAYO;86571;PUERTO GUZMÁN;86571014;LOS GUADUALES;CP;-75.976174;0.974168;2833.765380859375
86;PUTUMAYO;86571;PUERTO GUZMÁN;86571015;LA CIUDADELA;CP;-76.416584;0.953938;2748.647216796875
86;PUTUMAYO;86573;PUERTO LEGUÍZAMO;86573000;PUERTO LEGUÍZAMO;CM;-74.782473;-0.190921;2855.239990234375
86;PUTUMAYO;86573;PUERTO LEGUÍZAMO;86573001;LA TAGUA;CP;-74.662722;-0.056718;2830.260498046875
86;PUTUMAYO;86573;PUERTO LEGUÍZAMO;86573002;PUERTO OSPINA;CP;-75.851521;0.132973;2807.122802734375
86;PUTUMAYO;86573;PUERTO LEGUÍZAMO;86573003;SENSELLA;CP;;;
86;PUTUMAYO;86573;PUERTO LEGUÍZAMO;86573005;EL MECAYA;CP;;;
86;PUTUMAYO;86573;PUERTO LEGUÍZAMO;86573009;PIÑUÑA NEGRO;CP;-76.012971;0.306966;2786.981201171875
86;PUTUMAYO;86573;PUERTO LEGUÍZAMO;86573010;NUEVA APAYA;CP;-75.195019;-0.038205;2865.7041015625
86;PUTUMAYO;86573;PUERTO LEGUÍZAMO;86573011;PUERTO NARIÑO;CP;-74.611367;-0.345979;2816.582763671875
86;PUTUMAYO;86749;SIBUNDOY;86749000;SIBUNDOY;CM;-76.917814;1.20026;2689
86;PUTUMAYO;86749;SIBUNDOY;86749008;SAGRADO CORAZON DE JESUS;CP;-76.926656;1.186625;2689.994140625
86;PUTUMAYO;86749;SIBUNDOY;86749009;LAS COCHAS;CP;-76.930305;1.176554;2689.949462890625
86;PUTUMAYO;86749;SIBUNDOY;86749010;VILLA FLOR;CP;-76.919648;1.209698;2689
86;PUTUMAYO;86755;SAN FRANCISCO;86755000;SAN FRANCISCO;CM;-76.879283;1.174194;2690.7255859375
86;PUTUMAYO;86755;SAN FRANCISCO;86755001;SAN ANTONIO;CP;-76.919622;1.14624;2691.732421875
86;PUTUMAYO;86755;SAN FRANCISCO;86755003;SAN SILVESTRE;CP;-76.932229;1.156072;2689.813720703125
86;PUTUMAYO;86755;SAN FRANCISCO;86755004;MINCHOY;CP;-76.819287;1.20147;2693.416748046875
86;PUTUMAYO;86757;SAN MIGUEL;86757000;LA DORADA;CM;-76.912055;0.343481;2671.041259765625
86;PUTUMAYO;86757;SAN MIGUEL;86757001;PUERTO COLÓN;CP;-76.927725;0.277694;2664.033203125
86;PUTUMAYO;86757;SAN MIGUEL;86757004;AGUA BLANCA;CP;-76.938906;0.374987;2660.75
86;PUTUMAYO;86757;SAN MIGUEL;86757013;EL CHIGUACO;CP;-76.863463;0.318731;2678
86;PUTUMAYO;86757;SAN MIGUEL;86757015;EL MAIZAL;CP;-76.946612;0.344563;2656.623779296875
86;PUTUMAYO;86757;SAN MIGUEL;86757018;JORDÁN ORTÍZ;CP;-76.980515;0.347129;2650.42041015625
86;PUTUMAYO;86757;SAN MIGUEL;86757019;LA CABAÑA;CP;-76.999467;0.319554;2648.445068359375
86;PUTUMAYO;86757;SAN MIGUEL;86757025;LA GUISITA;CP;-77.009341;0.351457;2653.87646484375
86;PUTUMAYO;86757;SAN MIGUEL;86757028;MESAS DEL SABALITO;CP;-76.945472;0.299465;2656.44921875
86;PUTUMAYO;86757;SAN MIGUEL;86757032;NUEVA RISARALDA;CP;-76.904181;0.326719;2672.572265625
86;PUTUMAYO;86757;SAN MIGUEL;86757043;SAN LUIS DE LA FRONTERA;CP;-76.878556;0.253099;2675.813232421875
86;PUTUMAYO;86757;SAN MIGUEL;86757049;EL PARAISO;CP;-76.923687;0.282829;2666.012451171875
86;PUTUMAYO;86757;SAN MIGUEL;86757050;LA INVASIÓN;CP;-76.921663;0.27743;2666.7783203125
86;PUTUMAYO;86757;SAN MIGUEL;86757051;LOS UVOS;CP;-76.927397;0.371082;2666.54052734375
86;PUTUMAYO;86760;SANTIAGO;86760000;SANTIAGO;CM;-77.002641;1.147076;2688.211181640625
86;PUTUMAYO;86760;SANTIAGO;86760001;SAN ANDRÉS;CP;-76.991495;1.130003;2687
86;PUTUMAYO;86865;VALLE DEL GUAMUEZ;86865000;LA HORMIGA;CM;-76.906751;0.423506;2676.197509765625
86;PUTUMAYO;86865;VALLE DEL GUAMUEZ;86865003;EL TIGRE;CP;-76.841316;0.475797;2682.919677734375
86;PUTUMAYO;86865;VALLE DEL GUAMUEZ;86865004;EL PLACER;CP;-76.980349;0.468398;2663.562255859375
86;PUTUMAYO;86865;VALLE DEL GUAMUEZ;86865005;SAN ANTONIO;CP;-76.896488;0.484389;2682.920166015625
86;PUTUMAYO;86865;VALLE DEL GUAMUEZ;86865008;JORDÁN DE GUISIA;CP;-77.027515;0.351396;2656.766845703125
86;PUTUMAYO;86865;VALLE DEL GUAMUEZ;86865010;BRISAS DEL PALMAR;CP;-77.001936;0.487882;2662.95751953125
86;PUTUMAYO;86865;VALLE DEL GUAMUEZ;86865011;EL CAIRO;CP;-76.879911;0.394136;2678.831787109375
86;PUTUMAYO;86865;VALLE DEL GUAMUEZ;86865012;EL VENADO;CP;-76.818387;0.379683;2679.10107421875
86;PUTUMAYO;86865;VALLE DEL GUAMUEZ;86865014;LA CONCORDIA;CP;-76.890978;0.456997;2681.260498046875
86;PUTUMAYO;86865;VALLE DEL GUAMUEZ;86865015;LA ESMERALDA;CP;-76.993295;0.440221;2660.006103515625
86;PUTUMAYO;86865;VALLE DEL GUAMUEZ;86865016;LORO UNO;CP;-76.899799;0.380565;2675.488525390625
86;PUTUMAYO;86865;VALLE DEL GUAMUEZ;86865018;NUEVA PALESTINA;CP;-76.840559;0.373409;2679.06201171875
86;PUTUMAYO;86865;VALLE DEL GUAMUEZ;86865019;SAN ANDRÉS;CP;-76.973771;0.378194;2653.40478515625
86;PUTUMAYO;86865;VALLE DEL GUAMUEZ;86865021;VILLADUARTE;CP;-76.882137;0.45098;2681.8271484375
86;PUTUMAYO;86865;VALLE DEL GUAMUEZ;86865022;LA ISLA;CP;-76.910056;0.466443;2678.7841796875
86;PUTUMAYO;86885;VILLAGARZÓN;86885000;VILLAGARZÓN;CM;-76.61721;1.028821;2744.20703125
86;PUTUMAYO;86885;VILLAGARZÓN;86885001;PUERTO UMBRÍA;CP;-76.580181;0.859347;2731.48681640625
86;PUTUMAYO;86885;VILLAGARZÓN;86885002;LA CASTELLANA;CP;-76.703145;0.931022;2717.99365234375
86;PUTUMAYO;86885;VILLAGARZÓN;86885004;ALBANIA;CP;-76.609428;0.809591;2720.834228515625
86;PUTUMAYO;86885;VILLAGARZÓN;86885007;KOFANIA;CP;-76.690696;0.936363;2717.9853515625
86;PUTUMAYO;86885;VILLAGARZÓN;86885008;NARANJITO;CP;-76.568088;0.814597;2730.0048828125
86;PUTUMAYO;86885;VILLAGARZÓN;86885009;PORVENIR;CP;-76.611402;1.004426;2744.333740234375
86;PUTUMAYO;86885;VILLAGARZÓN;86885011;SANTA ROSA DE JUANAMBÚ;CP;-76.512477;0.826692;2735.46923828125
86;PUTUMAYO;86885;VILLAGARZÓN;86885013;CANANGUCHO;CP;-76.597896;0.962268;2742.4775390625
86;PUTUMAYO;86885;VILLAGARZÓN;86885014;RIO BLANCO;CP;-76.537742;0.838102;2733.950439453125
88;ARCHIPIÉLAGO DE SAN ANDRÉS. PROVIDENCIA Y SANTA CATALINA;88001;SAN ANDRÉS;88001000;SAN ANDRÉS;CM;-81.696063;12.583014;2519.964599609375
88;ARCHIPIÉLAGO DE SAN ANDRÉS. PROVIDENCIA Y SANTA CATALINA;88001;SAN ANDRÉS;88001001;LA LOMA;CP;-81.717782;12.557312;2518
88;ARCHIPIÉLAGO DE SAN ANDRÉS. PROVIDENCIA Y SANTA CATALINA;88001;SAN ANDRÉS;88001002;SAN LUIS;CP;-81.712113;12.53092;2517.973876953125
88;ARCHIPIÉLAGO DE SAN ANDRÉS. PROVIDENCIA Y SANTA CATALINA;88001;SAN ANDRÉS;88001005;PUNTA SUR;CP;-81.730001;12.481147;2516
88;ARCHIPIÉLAGO DE SAN ANDRÉS. PROVIDENCIA Y SANTA CATALINA;88564;PROVIDENCIA;88564000;SANTA ISABEL;CM;-81.370912;13.3701;2562.168701171875
88;ARCHIPIÉLAGO DE SAN ANDRÉS. PROVIDENCIA Y SANTA CATALINA;88564;PROVIDENCIA;88564001;FRESH WATER BAY;CP;-81.392428;13.347784;2557.996826171875
88;ARCHIPIÉLAGO DE SAN ANDRÉS. PROVIDENCIA Y SANTA CATALINA;88564;PROVIDENCIA;88564002;SOUTH WEST BAY;CP;-81.388161;13.331844;2558.362060546875
88;ARCHIPIÉLAGO DE SAN ANDRÉS. PROVIDENCIA Y SANTA CATALINA;88564;PROVIDENCIA;88564003;BOTTON HOUSE;CP;-81.37564;13.328414;2560.496337890625
88;ARCHIPIÉLAGO DE SAN ANDRÉS. PROVIDENCIA Y SANTA CATALINA;88564;PROVIDENCIA;88564004;SAN FELIPE;CP;-81.391292;13.3571;2558.058349609375
88;ARCHIPIÉLAGO DE SAN ANDRÉS. PROVIDENCIA Y SANTA CATALINA;88564;PROVIDENCIA;88564005;ROCKY POINT;CP;-81.358378;13.3547;2565.98095703125
88;ARCHIPIÉLAGO DE SAN ANDRÉS. PROVIDENCIA Y SANTA CATALINA;88564;PROVIDENCIA;88564006;SANTA CATALINA;CP;-81.372017;13.383969;2562.201171875
91;AMAZONAS;91001;LETICIA;91001000;LETICIA;CM;-69.941465;-4.199511;-2496.443359375
91;AMAZONAS;91001;LETICIA;91001001;COMUNIDAD INDÍGENA SANTA SOFÍA;CP;-70.132015;-4.006034;-412.5495300292969
91;AMAZONAS;91001;LETICIA;91001002;COMUNIDAD INDÍGENA NAZARETH;CP;-70.040599;-4.101968;-2287.567626953125
91;AMAZONAS;91001;LETICIA;91001005;COMUNIDAD INDÍGENA TIKUNA DE ARARA;CP;-70.053921;-4.053058;-2263.2490234375
91;AMAZONAS;91001;LETICIA;91001007;COMUNIDAD INDÍGENA SAN MARTÍN DE AMACAYACÚ;CP;-70.302438;-3.775376;0
91;AMAZONAS;91001;LETICIA;91001009;COMUNIDAD INDÍGENA ZARAGOZA;CP;-70.179311;-3.91864;-356.0997314453125
91;AMAZONAS;91001;LETICIA;91001011;COMUNIDAD INDÍGENA EL PROGRESO;CP;-70.112949;-4.015781;-785.939453125
91;AMAZONAS;91001;LETICIA;91001012;COMUNIDAD INDÍGENA EL VERGEL;CP;-70.208214;-3.861607;-357.8819885253906
91;AMAZONAS;91001;LETICIA;91001013;COMUNIDAD INDÍGENA PATIO DE CIENCIA DULCE  KM 11;CP;-69.947855;-4.119987;-2247.181640625
91;AMAZONAS;91001;LETICIA;91001014;KILÓMETRO 6;CP;-6.9937594;-4.162832;-4319.36572265625
91;AMAZONAS;91001;LETICIA;91001015;COMUNIDAD INDÍGENA LA LIBERTAD;CP;-70.167854;-3.949829;-321.0079956054688
91;AMAZONAS;91001;LETICIA;91001016;COMUNIDAD INDÍGENA LA MILAGROSA;CP;-69.975393;-4.177503;-2217.8212890625
91;AMAZONAS;91001;LETICIA;91001017;COMUNIDAD INDÍGENA SECTOR LA PLAYA;CP;-69.958813;-4.194699;-2350.609375
91;AMAZONAS;91001;LETICIA;91001018;COMUNIDAD INDÍGENA MALOKA YAGUAS;CP;-70.107782;-4.018465;-905.7388916015625
91;AMAZONAS;91001;LETICIA;91001019;COMUNIDAD INDÍGENA LOMA LINDA;CP;-70.141229;-4.002846;-373.5050659179688
91;AMAZONAS;91001;LETICIA;91001020;COMUNIDAD INDÍGENA MACEDONIA;CP;-70.221641;-3.847235;-353.6454162597656
91;AMAZONAS;91001;LETICIA;91001021;COMUNIDAD INDÍGENA MOCAGUA;CP;-70.253715;-3.823769;-412.6835327148438
91;AMAZONAS;91001;LETICIA;91001022;COMUNIDAD INDÍGENA JUSSY MONILLA AMENA;CP;-69.929306;-4.115808;-2332.58203125
91;AMAZONAS;91001;LETICIA;91001023;ASENTAMIENTO HUMANO TAKANA  KM 11;CP;-69.9402;-4.099833;-2247.059326171875
91;AMAZONAS;91001;LETICIA;91001024;COMUNIDAD INDÍGENA NUEVO JARDIN;CP;-70.13392;-4.006535;-395.7209777832031
91;AMAZONAS;91001;LETICIA;91001025;COMUNIDAD INDÍGENA PALMERAS;CP;-70.297337;-3.810913;-8.09599494934082
91;AMAZONAS;91001;LETICIA;91001026;COMUNIDAD INDÍGENA PUERTO TRIUNFO;CP;-70.165707;-3.95602;-321.5985412597656
91;AMAZONAS;91001;LETICIA;91001027;COMUNIDAD INDÍGENA ISLA DE RONDA;CP;-69.982663;-4.132946;-2108.100341796875
91;AMAZONAS;91001;LETICIA;91001028;COMUNIDAD INDÍGENA SAN ANTONIO DE LOS LAGOS;CP;-69.967782;-4.152787;-2208.04638671875
91;AMAZONAS;91001;LETICIA;91001029;COMUNIDAD INDÍGENA ZIERA AMENA;CP;-69.926976;-4.144037;-2397.599853515625
91;AMAZONAS;91001;LETICIA;91001030;BARRIO SAN MIGUEL;CP;-69.928866;-4.17629;-2482.51123046875
91;AMAZONAS;91001;LETICIA;91001031;COMUNIDAD INDÍGENA CANAAN;CP;-70.032674;-4.110742;-2287.603759765625
91;AMAZONAS;91001;LETICIA;91001032;COMUNIDAD INDÍGENA PICHUNA KM 18;CP;-70.001614;-4.075688;-2273.4365234375
91;AMAZONAS;91001;LETICIA;91001033;COMUNIDAD INDÍGENA SAN JOSÉ DEL RÍO;CP;-70.028579;-4.111983;-2274.548828125
91;AMAZONAS;91001;LETICIA;91001034;COMUNIDAD INDÍGENA SAN JUAN DE LOS PARENTES;CP;-69.958201;-4.153763;-2261.978759765625
91;AMAZONAS;91001;LETICIA;91001035;COMUNIDAD INDÍGENA SAN PEDRO DE LOS LAGOS;CP;-69.956016;-4.144742;-2253.996826171875
91;AMAZONAS;91263;EL ENCANTO;91263000;EL ENCANTO;CP;-73.208974;-1.746288;2382.121826171875
91;AMAZONAS;91405;LA CHORRERA;91405000;LA CHORRERA;CP;-72.795452;-1.443032;1577.432495117188
91;AMAZONAS;91407;LA PEDRERA;91407000;LA PEDRERA;CP;-69.588421;-1.319313;-2641.268310546875
91;AMAZONAS;91430;LA VICTORIA;91430000;PACOA;CP;-71.223208;0.054936;47.31095123291016
91;AMAZONAS;91460;MIRITÍ - PARANÁ;91460000;MIRITÍ;CP;-70.98893;-0.888833;34.02379989624023
91;AMAZONAS;91530;PUERTO ALEGRÍA;91530000;PUERTO ALEGRÍA;CP;-74.014461;-1.005674;2668.149169921875
91;AMAZONAS;91536;PUERTO ARICA;91536000;PUERTO ARICA;CP;-71.752636;-2.148447;950.5457153320312
91;AMAZONAS;91540;PUERTO NARIÑO;91540000;PUERTO NARIÑO;CM;-70.365072;-3.78111;0
91;AMAZONAS;91540;PUERTO NARIÑO;91540001;SAN JUAN DE ATACUARÍ;CP;-70.672073;-3.80401;60.99974060058594
91;AMAZONAS;91540;PUERTO NARIÑO;91540002;BOYAHUAZÚ;CP;;;
91;AMAZONAS;91540;PUERTO NARIÑO;91540003;DOCE DE OCTUBRE;CP;-70.504216;-3.735067;50.02782440185547
91;AMAZONAS;91540;PUERTO NARIÑO;91540004;NARANJALES;CP;-70.517894;-3.867317;56.79477310180664
91;AMAZONAS;91540;PUERTO NARIÑO;91540005;PUERTO ESPERANZA;CP;-70.346233;-3.793831;0
91;AMAZONAS;91540;PUERTO NARIÑO;91540006;PUERTO RICO;CP;-70.530062;-3.731534;52.16635894775391
91;AMAZONAS;91540;PUERTO NARIÑO;91540007;SAN FRANCISCO;CP;-70.391311;-3.76411;0
91;AMAZONAS;91540;PUERTO NARIÑO;91540008;SAN JUAN DEL SOCO;CP;-70.454811;-3.742289;36.45661544799805
91;AMAZONAS;91540;PUERTO NARIÑO;91540009;SIETE DE AGOSTO;CP;-70.626603;-3.831981;62.11232757568359
91;AMAZONAS;91540;PUERTO NARIÑO;91540010;SAN PEDRO DE TIPISCA;CP;-70.584436;-3.696861;49.89159393310547
91;AMAZONAS;91540;PUERTO NARIÑO;91540011;VEINTE DE JULIO;CP;-70.353057;-3.789594;0
91;AMAZONAS;91540;PUERTO NARIÑO;91540012;NUEVO PARAISO;CP;-70.402011;-3.758372;0
91;AMAZONAS;91540;PUERTO NARIÑO;91540013;PATRULLEROS;CP;-70.358726;-3.787307;0
91;AMAZONAS;91540;PUERTO NARIÑO;91540014;SAN JOSE DE VILLA ANDREA;CP;-70.437084;-3.745137;14.74081134796143
91;AMAZONAS;91540;PUERTO NARIÑO;91540015;SANTA TERESITA;CP;-70.423724;-3.749149;0.8212098479270935
91;AMAZONAS;91540;PUERTO NARIÑO;91540017;VALENCIA;CP;-70.322562;-3.801765;0
91;AMAZONAS;91669;PUERTO SANTANDER;91669000;PUERTO SANTANDER;CP;-72.384213;-0.621184;1219.694702148438
91;AMAZONAS;91798;TARAPACÁ;91798000;TARAPACÁ;CP;-69.741745;-2.890126;-2854.775634765625
94;GUAINÍA;94001;INÍRIDA;94001000;INÍRIDA;CM;-67.918864;3.866324;-4429.00732421875
94;GUAINÍA;94001;INÍRIDA;94001003;COCO VIEJO;CP;-67.908947;3.904611;-4425.45166015625
94;GUAINÍA;94001;INÍRIDA;94001009;RESGUARDO CACAHUAL RIO ATABAPO;CP;-67.576976;3.741021;-3548.039794921875
94;GUAINÍA;94001;INÍRIDA;94001010;COCO NUEVO;CP;-67.900424;3.909002;-4419.580078125
94;GUAINÍA;94001;INÍRIDA;94001011;INSPECCION BARRANCO TIGRE;CP;-68.465293;3.515103;-3770.235595703125
94;GUAINÍA;94001;INÍRIDA;94001012;COAYARE;CP;-67.831779;3.957909;-4337.009765625
94;GUAINÍA;94001;INÍRIDA;94001013;YURÍ;CP;-68.160046;3.648214;-4118.21484375
94;GUAINÍA;94001;INÍRIDA;94001014;SANTA ROSA;CP;-68.037437;3.674739;-4335.0458984375
94;GUAINÍA;94001;INÍRIDA;94001015;SABANITAS;CP;-67.881211;3.880049;-4401.63623046875
94;GUAINÍA;94343;BARRANCOMINAS;94343000;BARRANCOMINAS;CM;-69.814066;3.494178;-2023.934936523438
94;GUAINÍA;94343;BARRANCOMINAS;94343001;MAPIRIPANA;CP;-70.476195;2.812141;35
94;GUAINÍA;94343;BARRANCOMINAS;94343002;ARRECIFAL;CP;-69.06;3.629;-3049.37109375
94;GUAINÍA;94343;BARRANCOMINAS;94343005;PUERTO ZANCUDO;CP;-70.12393;3.210179;24.91717529296875
94;GUAINÍA;94883;SAN FELIPE;94883000;SAN FELIPE;CP;-67.067848;1.912495;-4317.31640625
94;GUAINÍA;94884;PUERTO COLOMBIA;94884000;PUERTO COLOMBIA;CP;-67.566774;2.726438;-4516.857421875
94;GUAINÍA;94885;LA GUADALUPE;94885000;GALILEA;CP;-66.963692;1.632464;-4530.0400390625
94;GUAINÍA;94886;CACAHUAL;94886000;CACAHUAL;CP;-67.413263;3.526372;-2809.683837890625
94;GUAINÍA;94886;CACAHUAL;94886003;MEREY;CP;-67.331175;3.364092;-3707.1103515625
94;GUAINÍA;94886;CACAHUAL;94886004;SAN JUAN;CP;-67.493888;3.742627;-3586.6748046875
94;GUAINÍA;94887;PANA PANA;94887000;CAMPO ALEGRE;CP;-69.0099;1.865668;-3802.4638671875
94;GUAINÍA;94887;PANA PANA;94887002;VENADO ISANA;CP;-69.869;1.727;-1002.726379394531
94;GUAINÍA;94888;MORICHAL;94888000;MORICHAL - GARZA;CP;-69.919404;2.265132;-1096.81591796875
95;GUAVIARE;95001;SAN JOSÉ DEL GUAVIARE;95001000;SAN JOSÉ DEL GUAVIARE;CM;-72.639024;2.566394;2508.609375
95;GUAVIARE;95001;SAN JOSÉ DEL GUAVIARE;95001001;RAUDAL DEL GUAYABERO;CP;-72.865829;2.579459;2586.023193359375
95;GUAVIARE;95001;SAN JOSÉ DEL GUAVIARE;95001002;SABANAS DE LA FUGA;CP;-72.282833;2.72079;2266.764892578125
95;GUAVIARE;95001;SAN JOSÉ DEL GUAVIARE;95001006;GUACAMAYAS;CP;-72.506955;2.440031;2383.81005859375
95;GUAVIARE;95001;SAN JOSÉ DEL GUAVIARE;95001009;PUERTO NUEVO;CP;-73.158105;2.361226;2521.702392578125
95;GUAVIARE;95001;SAN JOSÉ DEL GUAVIARE;95001010;PUERTO ARTURO;CP;-72.749994;2.56814;2542.64794921875
95;GUAVIARE;95001;SAN JOSÉ DEL GUAVIARE;95001012;CACHICAMO;CP;-73.345897;2.324762;2525.45947265625
95;GUAVIARE;95001;SAN JOSÉ DEL GUAVIARE;95001016;EL CAPRICHO;CP;-72.830056;2.352351;2531.65576171875
95;GUAVIARE;95001;SAN JOSÉ DEL GUAVIARE;95001017;CHARRAS;CP;-71.984257;2.795978;1288.147583007812
95;GUAVIARE;95001;SAN JOSÉ DEL GUAVIARE;95001018;CARACOL;CP;-72.803604;2.446599;2543.546875
95;GUAVIARE;95001;SAN JOSÉ DEL GUAVIARE;95001019;TOMACHIPÁN;CP;-71.772307;2.27437;1003.794982910156
95;GUAVIARE;95001;SAN JOSÉ DEL GUAVIARE;95001020;MOCUARE;CP;-71.533938;2.869312;1073.296020507812
95;GUAVIARE;95001;SAN JOSÉ DEL GUAVIARE;95001023;LA CARPA;CP;-72.931737;2.46497;2553.506591796875
95;GUAVIARE;95001;SAN JOSÉ DEL GUAVIARE;95001024;BOQUERÓN;CP;-72.32897;2.62036;2287.1064453125
95;GUAVIARE;95001;SAN JOSÉ DEL GUAVIARE;95001027;LAS ACACIAS;CP;-72.53677;2.411765;2404.787109375
95;GUAVIARE;95001;SAN JOSÉ DEL GUAVIARE;95001029;RESBALÓN;CP;-72.480695;2.546404;2383.12548828125
95;GUAVIARE;95001;SAN JOSÉ DEL GUAVIARE;95001030;CAÑO BLANCO II;CP;-72.350758;2.555525;2287.513671875
95;GUAVIARE;95001;SAN JOSÉ DEL GUAVIARE;95001031;CERRO AZUL;CP;-72.842403;2.541545;2586.93603515625
95;GUAVIARE;95001;SAN JOSÉ DEL GUAVIARE;95001032;EL DIAMANTE;CP;-72.615181;2.576593;2498.672607421875
95;GUAVIARE;95001;SAN JOSÉ DEL GUAVIARE;95001034;EL REFUGIO;CP;-72.599133;2.569206;2487.7685546875
95;GUAVIARE;95001;SAN JOSÉ DEL GUAVIARE;95001035;EL TRIUNFO;CP;-72.778439;2.382332;2535
95;GUAVIARE;95001;SAN JOSÉ DEL GUAVIARE;95001036;LA ESMERALDA;CP;-72.316282;2.564665;2296.084228515625
95;GUAVIARE;95001;SAN JOSÉ DEL GUAVIARE;95001037;PICALOJO;CP;-72.943108;2.348213;2534.54736328125
95;GUAVIARE;95001;SAN JOSÉ DEL GUAVIARE;95001039;SANTO DOMINGO;CP;-72.61968;2.576115;2500.97412109375
95;GUAVIARE;95001;SAN JOSÉ DEL GUAVIARE;95001042;EL MORRO;CP;-72.412199;2.590626;2326.087646484375
95;GUAVIARE;95001;SAN JOSÉ DEL GUAVIARE;95001043;VILLA ALEJANDRA;CP;-72.616276;2.562593;2496.82275390625
95;GUAVIARE;95001;SAN JOSÉ DEL GUAVIARE;95001044;VILLA ALEJANDRA 2;CP;-72.408298;2.478503;2295.19287109375
95;GUAVIARE;95001;SAN JOSÉ DEL GUAVIARE;95001045;MIRALINDO;CP;-72.831338;2.3036;2521.019287109375
95;GUAVIARE;95001;SAN JOSÉ DEL GUAVIARE;95001046;LA CATALINA;CP;-73.580265;2.355268;2599.545166015625
95;GUAVIARE;95015;CALAMAR;95015000;CALAMAR;CM;-72.655197;1.960982;2424.883544921875
95;GUAVIARE;95015;CALAMAR;95015003;LAS DAMAS;CP;-72.640409;2.078446;2436.1259765625
95;GUAVIARE;95025;EL RETORNO;95025000;EL RETORNO;CM;-72.627304;2.330164;2458.48193359375
95;GUAVIARE;95025;EL RETORNO;95025001;LA LIBERTAD;CP;-72.647242;2.18416;2451.635498046875
95;GUAVIARE;95025;EL RETORNO;95025002;EL UNILLA;CP;-72.745726;2.199085;2503.308837890625
95;GUAVIARE;95025;EL RETORNO;95025003;CERRITOS;CP;-72.761321;2.328913;2527.1337890625
95;GUAVIARE;95025;EL RETORNO;95025004;MORICHAL VIEJO;CP;-70.0318;2.2186;0
95;GUAVIARE;95025;EL RETORNO;95025005;SAN LUCAS;CP;-72.832926;2.193834;2501.717041015625
95;GUAVIARE;95025;EL RETORNO;95025006;LA FORTALEZA;CP;-72.638117;2.123783;2441.6669921875
95;GUAVIARE;95025;EL RETORNO;95025010;LA PAZ;CP;;;
95;GUAVIARE;95025;EL RETORNO;95025011;PUEBLO NUEVO;CP;-72.645548;2.177848;2450.576416015625
95;GUAVIARE;95200;MIRAFLORES;95200000;MIRAFLORES;CM;-71.950416;1.337539;1200.8193359375
95;GUAVIARE;95200;MIRAFLORES;95200001;BARRANQUILLITA;CP;-72.248098;1.528802;1763.5712890625
95;GUAVIARE;95200;MIRAFLORES;95200002;LAGOS DEL DORADO;CP;-71.965897;1.21169;1199.4111328125
95;GUAVIARE;95200;MIRAFLORES;95200003;LAS PAVAS CAÑO TIGRE;CP;-72.177423;1.415744;1514.189575195312
95;GUAVIARE;95200;MIRAFLORES;95200004;BUENOS AIRES;CP;-71.895577;1.438821;1153.48095703125
95;GUAVIARE;95200;MIRAFLORES;95200005;LA YE;CP;-72.020858;1.548808;1338.716552734375
95;GUAVIARE;95200;MIRAFLORES;95200006;LAGOS DEL PASO;CP;-71.837458;1.200974;977.2108154296875
95;GUAVIARE;95200;MIRAFLORES;95200009;PUERTO NARE;CP;-71.987569;1.238737;1219.69384765625
95;GUAVIARE;95200;MIRAFLORES;95200010;PUERTO SANTANDER;CP;-71.5821;1.0966;652.7039794921875
95;GUAVIARE;95200;MIRAFLORES;95200014;LA HACIENDA;CP;-71.884772;1.523297;1166.36669921875
95;GUAVIARE;95200;MIRAFLORES;95200015;PUERTO CORDOBA;CP;-72.275542;1.40388;2029.264404296875
95;GUAVIARE;95200;MIRAFLORES;95200016;PUERTO MANDU;CP;-72.190551;1.381306;1733.080200195312
97;VAUPÉS;97001;MITÚ;97001000;MITÚ;CM;-70.232641;1.253151;49.38788223266602
97;VAUPÉS;97001;MITÚ;97001002;CAMANAOS;CP;-69.852542;1.706898;-1097.481323242188
97;VAUPÉS;97001;MITÚ;97001005;ACARICUARA;CP;-70.251;0.681;36
97;VAUPÉS;97001;MITÚ;97001006;VILLAFÁTIMA;CP;-69.949968;0.973241;9.403593063354492
97;VAUPÉS;97001;MITÚ;97001008;PIRAMIRÍ;CP;-70.555227;1.356762;49.9375114440918
97;VAUPÉS;97001;MITÚ;97001009;YAPÚ;CP;-70.35;0.615;36
97;VAUPÉS;97001;MITÚ;97001010;YURUPARÍ;CP;-71.01405;0.864838;34.59109878540039
97;VAUPÉS;97001;MITÚ;97001011;MARGEN IZQUIERDO;CP;-70.235497;1.264901;50.04127502441406
97;VAUPÉS;97001;MITÚ;97001012;12 DE OCTUBRE;CP;-70.235454;1.232055;49.68071365356445
97;VAUPÉS;97001;MITÚ;97001013;TAPURUCUARA;CP;-70.167881;1.470909;41
97;VAUPÉS;97161;CARURÚ;97161000;CARURÚ;CM;-71.297793;1.014598;302.054931640625
97;VAUPÉS;97511;PACOA;97511000;PACOA;CP;-71.004339;0.020698;63.02554321289062
97;VAUPÉS;97511;PACOA;97511001;ACAIPI;CP;-70.510656;-0.001818;62
97;VAUPÉS;97666;TARAIRA;97666000;TARAIRA;CM;-69.634271;-0.566224;0
97;VAUPÉS;97777;PAPUNAHUA;97777000;PUERTO SOLANO (PAPUNAHUA);CP;-70.761467;1.907574;46.00754928588867
97;VAUPÉS;97889;YAVARATÉ;97889000;YAVARATÉ;CP;-69.203337;0.609142;-2612.740478515625
99;VICHADA;99001;PUERTO CARREÑO;99001000;PUERTO CARREÑO;CM;-67.487095;6.186636;-4288.095703125
99;VICHADA;99001;PUERTO CARREÑO;99001001;LA VENTUROSA;CP;-68.77916;6.143417;-2973.604736328125
99;VICHADA;99001;PUERTO CARREÑO;99001002;CASUARITO;CP;-67.642366;5.682797;-4047.28564453125
99;VICHADA;99001;PUERTO CARREÑO;99001003;PUERTO MURILLO;CP;-68.490349;6.164597;-3480.2734375
99;VICHADA;99001;PUERTO CARREÑO;99001004;ACEITICO;CP;-68.393976;6.172871;-3472.703857421875
99;VICHADA;99001;PUERTO CARREÑO;99001005;GARCITAS;CP;-67.633611;5.480286;-4137.79248046875
99;VICHADA;99001;PUERTO CARREÑO;99001006;GUARIPA;CP;;;
99;VICHADA;99001;PUERTO CARREÑO;99001007;MORICHADA;CP;-68.391306;6.155949;-3459.110595703125
99;VICHADA;99524;LA PRIMAVERA;99524000;LA PRIMAVERA;CM;-70.410515;5.486309;56
99;VICHADA;99524;LA PRIMAVERA;99524001;NUEVA ANTIOQUIA;CP;-69.422689;6.093933;-1607.547119140625
99;VICHADA;99524;LA PRIMAVERA;99524002;SANTA BÁRBARA;CP;-69.983652;5.796009;-576.3056030273438
99;VICHADA;99524;LA PRIMAVERA;99524007;SAN TEODORO (LA PASCUA);CP;;;
99;VICHADA;99624;SANTA ROSALÍA;99624000;SANTA ROSALÍA;CM;-70.859499;5.136393;295.7154541015625
99;VICHADA;99624;SANTA ROSALÍA;99624001;GUACACÍAS;CP;-71.038317;4.853461;595.6806640625
99;VICHADA;99773;CUMARIBO;99773000;CUMARIBO;CM;-69.795533;4.446352;-2125.85595703125
99;VICHADA;99773;CUMARIBO;99773001;PALMARITO;CP;-69.28919;4.618637;-2689.475341796875
99;VICHADA;99773;CUMARIBO;99773002;EL VIENTO;CP;-71.06975;4.586128;627.7210693359375
99;VICHADA;99773;CUMARIBO;99773003;TRES MATAS;CP;-70.668986;4.493681;51.89576721191406
99;VICHADA;99773;CUMARIBO;99773004;AMANAVÉN;CP;-67.716;4.047;-4025.493896484375
99;VICHADA;99773;CUMARIBO;99773005;CHUPAVE;CP;-70.22207;4.06696;0.09228536486625671
99;VICHADA;99773;CUMARIBO;99773008;GUANAPE;CP;;;
99;VICHADA;99773;CUMARIBO;99773010;PUERTO PRÍNCIPE;CP;-70.588539;3.824488;58.97590637207031
99;VICHADA;99773;CUMARIBO;99773013;PUERTO NARIÑO;CP;-67.834867;4.956239;-4336.19677734375
99;VICHADA;99773;CUMARIBO;99773015;SANTA RITA;CP;-68.366465;4.864427;-3743.49462890625
99;VICHADA;99773;CUMARIBO;99773017;CHAPARRAL;CP;-68.948399;4.72283;-2681.210205078125
99;VICHADA;99773;CUMARIBO;99773020;EL PROGRESO;CP;-70.934307;4.533569;430.8074340820312
99;VICHADA;99773;CUMARIBO;99773021;EL TUPARRO;CP;-69.062984;4.887093;-2464.88232421875
99;VICHADA;99773;CUMARIBO;99773024;BRISA;CP;-69.773596;4.343518;-2052.955322265625
99;VICHADA;99773;CUMARIBO;99773025;GUATURIBA;CP;-69.854645;4.34513;-2076.385498046875
99;VICHADA;99773;CUMARIBO;99773026;MATSULDANI;CP;-69.797888;4.342496;-2122.374755859375
99;VICHADA;99773;CUMARIBO;99773027;REMANSO;CP;-69.852692;4.333819;-2082.8701171875
